1000
99
56 31 62 34 7 63 56 59 9 14 16 83 88 86 45 19 4 15 26 9 58 81 72 29 14 49 67 1 73 11 73 28 94 86 13 52 48 68 62 9 34 77 43 21 14 39 39 70 5 17 78 62 97 2 91 11 2 9 63 74 72 87 54 65 72 66 16 72 34 77 80 67 6 74 87 71 64 77 92 68 93 22 82 42 23 72 4 24 32 66 97 3 53 50 67 24 68 34 47 
112
63 26 67 20 51 5 90 14 33 34 34 26 55 15 19 77 86 22 100 69 87 48 72 91 50 90 15 17 76 61 17 38 39 35 57 41 91 98 7 23 31 40 100 85 54 18 13 91 39 12 59 78 12 82 68 61 24 34 29 51 47 97 40 37 31 48 77 73 45 35 95 28 74 47 64 79 16 77 69 55 40 80 84 3 13 51 63 36 85 91 38 31 87 77 67 69 24 95 93 21 30 40 100 55 86 63 34 1 91 2 7 83 
94
90 85 46 93 48 33 77 90 71 59 29 47 77 49 23 71 42 95 52 81 94 7 66 56 40 18 99 93 77 81 26 18 65 71 10 64 55 38 6 25 96 34 24 72 34 98 95 75 92 98 55 85 4 72 92 95 42 42 40 70 22 65 87 39 87 97 2 41 34 7 18 82 92 41 5 26 38 51 52 81 49 59 65 4 82 8 99 23 50 90 92 23 54 31 
92
92 27 15 32 12 21 1 45 65 41 2 42 30 52 93 10 52 3 26 56 85 34 6 59 35 95 51 57 100 81 18 91 59 32 74 22 4 75 19 20 67 20 13 97 71 6 58 23 60 84 30 44 69 35 3 55 81 5 11 80 37 80 22 47 63 95 68 67 21 38 38 88 57 51 36 80 8 93 54 67 28 83 11 48 69 65 2 49 69 13 80 5 
115
1 3 7 95 22 25 68 60 62 55 16 12 90 47 71 34 100 38 62 82 100 61 2 64 63 50 84 27 29 40 70 29 42 28 76 63 52 43 22 14 49 90 77 38 36 48 23 88 37 36 21 36 97 23 51 11 72 86 37 53 25 58 33 18 86 8 80 89 2 54 54 50 95 83 39 82 30 62 69 18 97 90 53 93 64 55 3 35 40 91 39 16 1 72 33 38 79 12 26 81 17 80 82 11 62 21 45 43 82 13 60 30 54 64 75 
114
70 29 4 9 20 42 24 72 13 8 9 44 71 34 76 88 65 57 50 78 77 94 72 10 59 83 92 64 46 66 81 67 94 36 27 65 77 2 36 42 9 44 85 80 30 60 67 46 68 68 24 97 62 95 6 72 78 97 35 75 14 67 94 8 2 20 72 79 22 60 20 30 3 56 9 84 15 27 30 82 95 53 78 8 99 36 79 28 84 13 55 98 32 48 57 33 67 80 63 88 39 82 70 94 89 78 77 3 57 6 37 51 10 66 
112
61 53 88 40 37 52 94 86 83 41 42 16 60 21 78 99 60 12 68 5 100 46 81 55 2 39 43 4 100 8 13 60 61 52 100 49 3 45 34 38 38 75 53 97 47 82 95 58 45 63 62 97 60 43 51 13 33 93 16 32 52 80 44 12 31 95 60 85 39 45 22 76 71 26 24 18 8 19 75 4 81 37 100 92 31 2 4 63 46 71 46 98 50 41 61 32 35 73 16 26 17 38 1 88 63 25 5 22 95 31 26 75 
95
77 18 49 31 21 63 76 91 61 25 92 1 86 23 88 58 90 13 74 27 13 13 90 89 69 63 83 100 40 9 18 69 26 19 99 98 33 74 40 93 99 83 46 36 57 33 93 47 45 18 73 9 31 14 98 99 77 32 50 68 93 20 36 70 38 34 68 70 60 59 15 10 42 12 45 98 44 89 44 88 6 69 48 88 82 97 87 10 81 88 78 73 7 65 42 
120
99 61 66 10 20 32 19 61 43 63 58 38 51 54 77 8 22 24 96 3 21 34 65 1 21 94 25 28 58 18 23 56 79 40 17 98 23 35 10 65 49 19 54 51 72 30 59 45 54 6 48 26 39 64 78 11 57 54 90 66 71 65 74 49 4 90 98 27 25 59 43 73 78 97 76 1 78 34 46 31 39 45 8 29 8 37 39 16 90 81 81 61 45 54 9 100 44 59 78 20 17 73 92 46 21 19 47 98 52 92 81 42 36 88 70 95 25 61 10 14 
90
42 26 37 96 87 88 91 45 66 10 13 38 53 59 58 72 5 55 75 48 35 17 83 75 38 29 51 50 38 16 42 31 42 30 26 28 18 16 24 83 77 88 72 30 46 81 53 2 87 27 49 74 43 83 48 33 11 50 82 100 65 76 31 58 5 8 85 74 76 60 8 52 48 79 33 45 59 85 47 98 64 95 71 6 30 18 90 40 67 72 
107
83 99 74 41 3 81 77 77 56 37 84 60 36 15 44 80 25 81 78 22 44 73 92 1 54 61 91 93 79 14 36 62 12 9 2 66 90 78 94 97 66 30 8 53 96 52 33 20 84 10 94 27 34 85 27 87 98 69 32 76 34 67 89 97 76 90 63 17 20 8 65 37 37 73 90 32 76 74 4 59 35 97 85 21 33 63 59 30 84 90 58 17 9 46 14 36 88 28 4 59 35 68 95 24 92 36 7 
99
9 10 25 96 58 61 16 91 76 26 72 59 68 29 27 76 27 40 63 14 67 66 72 54 33 18 77 25 54 83 43 14 45 20 61 2 80 28 44 7 54 68 65 21 48 92 96 74 83 10 39 2 75 10 55 59 80 83 35 33 65 78 98 61 97 59 15 28 86 58 35 39 77 51 59 25 94 6 50 29 15 89 30 41 50 36 100 29 18 34 13 34 11 11 95 59 69 9 39 
92
18 25 45 95 27 55 71 21 61 20 1 27 60 30 68 10 17 67 90 34 52 3 19 63 13 13 73 33 73 63 86 91 87 82 85 14 37 7 86 49 26 86 75 86 67 42 95 83 60 36 68 12 38 86 26 2 51 50 34 23 13 72 13 99 53 49 64 41 55 49 89 33 86 64 18 4 57 64 38 69 99 5 80 89 43 57 90 45 6 24 67 18 
100
32 69 99 32 84 40 87 85 28 71 70 43 88 26 100 3 63 68 53 20 99 41 14 55 31 58 12 6 24 30 52 7 50 50 39 33 41 77 17 69 47 39 63 34 64 14 88 78 81 40 97 31 81 10 37 63 67 49 68 43 30 19 49 79 20 87 63 61 63 32 81 61 22 43 46 37 57 33 14 89 25 11 20 5 72 56 19 91 56 38 33 85 56 33 15 75 20 78 87 34 
86
67 47 82 10 92 18 66 25 83 6 49 45 25 5 17 33 75 7 40 12 91 25 19 23 39 93 94 68 32 80 28 98 26 61 59 17 30 24 93 13 30 93 9 6 49 25 90 23 83 30 86 25 54 4 48 44 49 41 12 80 72 91 29 97 4 88 66 33 11 10 97 92 3 6 50 51 82 39 26 17 20 63 41 25 67 40 
111
15 33 32 46 4 74 74 53 77 61 70 62 24 79 10 15 81 67 16 84 1 7 61 17 26 23 9 51 89 1 71 55 33 54 100 88 27 26 40 56 86 9 69 9 88 78 76 20 45 43 3 45 49 15 13 27 38 73 77 78 73 99 85 5 52 36 93 30 61 84 37 47 93 5 7 32 83 82 51 79 25 6 23 25 72 87 51 61 59 79 91 84 77 75 88 80 10 32 62 23 68 50 69 60 55 27 43 89 61 45 67 
89
2 41 61 74 79 64 86 37 42 76 72 71 50 12 2 12 43 15 34 10 65 54 21 19 32 15 59 92 12 25 28 13 17 41 38 95 4 24 83 97 51 55 67 1 66 69 64 8 83 49 70 99 2 42 17 85 57 75 77 68 51 56 32 67 48 70 61 51 45 44 48 95 98 66 47 63 86 10 22 21 58 43 19 11 85 36 96 93 62 
106
12 65 31 43 31 79 64 44 29 8 87 28 55 36 46 1 50 31 63 23 51 72 66 70 35 2 57 82 94 70 5 5 34 35 99 17 65 63 60 46 22 98 25 28 85 70 81 34 1 95 8 3 66 73 72 52 74 80 33 19 50 89 75 35 76 26 51 40 40 62 85 13 59 10 41 95 79 73 28 31 67 36 34 84 60 57 36 86 89 68 56 38 57 83 24 32 8 75 23 47 36 8 59 47 69 51 
91
99 75 21 30 41 8 15 25 67 23 60 4 11 79 60 100 35 94 24 18 1 50 41 99 85 100 9 83 68 60 24 18 34 96 99 27 3 13 51 21 88 62 77 50 40 88 50 27 81 25 96 81 74 36 79 10 87 87 93 6 98 68 24 84 63 22 10 17 87 12 37 74 25 65 23 16 52 24 42 32 48 38 12 21 25 42 31 12 81 23 69 
96
42 92 13 4 66 74 72 52 37 60 77 61 25 99 29 76 75 70 8 22 59 71 43 84 13 25 47 45 99 67 22 40 59 87 95 24 60 66 27 49 25 3 61 1 1 89 77 27 11 36 49 69 6 43 4 70 67 2 14 17 69 88 56 79 74 2 54 85 19 80 85 43 82 46 96 34 34 72 61 96 7 9 65 12 3 20 34 69 22 47 85 42 34 92 20 59 
113
73 96 63 4 80 5 85 25 100 70 11 23 30 6 29 90 22 93 92 42 26 12 15 24 48 56 58 91 27 68 35 51 63 97 54 43 54 90 19 5 59 81 28 89 87 8 30 60 100 22 53 77 33 67 1 33 74 10 23 100 29 58 2 92 54 55 86 7 96 56 12 55 37 39 95 75 98 24 34 50 45 87 26 30 5 78 14 79 39 36 30 68 93 32 11 99 38 48 5 34 3 68 40 39 6 34 13 4 9 99 5 6 37 
117
35 41 60 100 19 50 35 49 69 80 32 79 78 21 26 34 6 29 2 45 19 59 30 84 14 39 82 18 44 18 100 30 58 59 29 29 60 15 29 29 46 60 7 23 80 85 9 38 13 62 82 83 20 12 66 86 2 47 3 45 16 54 26 74 12 54 2 24 20 82 52 66 41 58 40 72 94 48 9 6 9 43 41 81 6 6 66 7 5 20 3 20 74 28 93 85 33 46 60 52 79 11 17 19 21 57 43 14 56 3 72 65 45 12 97 2 17 
101
60 21 81 62 41 54 41 85 91 25 83 50 77 61 61 45 32 81 53 26 46 9 28 17 25 25 28 21 78 97 34 38 69 14 51 9 20 92 46 62 16 80 11 44 92 23 89 23 55 41 48 1 1 28 69 25 4 97 97 81 45 30 18 13 96 69 22 67 12 19 28 79 98 90 23 41 65 63 64 19 55 63 71 56 42 40 32 45 88 81 26 32 62 43 44 9 63 17 75 74 35 
101
53 84 44 27 25 8 89 40 26 43 54 49 50 96 40 34 40 27 14 65 10 75 60 53 84 22 22 58 48 8 12 52 92 55 78 68 14 18 59 91 60 12 39 62 7 78 95 99 56 8 15 65 34 74 70 17 48 91 27 95 98 90 98 41 96 75 60 9 44 18 99 3 82 90 16 40 19 10 38 27 69 53 43 3 78 12 71 25 54 97 71 4 38 68 44 33 94 56 93 37 25 
87
92 6 33 7 46 51 69 35 77 37 39 72 91 17 83 62 93 89 10 16 92 100 35 87 32 81 42 77 69 67 20 60 24 4 19 21 6 39 56 35 27 46 6 18 14 88 31 7 28 40 74 19 39 8 6 23 40 99 51 9 17 70 20 41 25 38 61 30 28 68 64 55 14 69 24 27 9 54 85 36 93 10 7 84 18 64 6 
85
14 56 17 31 77 37 23 1 26 83 30 54 3 46 8 16 66 31 94 74 84 31 62 28 40 68 11 9 83 68 18 96 75 34 26 3 70 48 3 48 83 85 1 85 82 60 52 47 42 97 21 77 79 34 4 19 1 67 79 35 86 96 30 61 82 8 15 3 55 18 50 89 54 2 25 35 61 76 81 54 25 53 30 3 86 
121
73 38 52 52 72 89 99 54 1 32 61 16 35 15 85 36 56 38 90 80 24 50 56 56 4 32 61 85 34 46 70 59 36 73 10 59 62 60 12 62 92 72 29 78 39 13 65 46 50 54 25 25 56 32 81 11 63 41 95 49 38 65 7 25 89 68 84 50 27 47 64 70 71 44 47 61 57 64 6 58 17 30 83 72 62 15 34 24 7 29 24 44 45 30 69 33 97 4 35 24 50 50 45 72 93 92 32 49 55 37 7 23 67 41 47 28 55 80 3 61 60 
94
56 4 8 76 37 5 79 23 80 81 72 24 52 16 67 84 17 73 20 75 48 38 15 94 17 21 25 72 33 85 98 88 40 57 64 28 61 94 50 92 74 73 68 78 41 34 61 57 59 32 31 6 22 97 51 38 17 27 9 49 11 58 88 3 15 3 30 27 97 32 19 22 56 38 99 96 71 11 52 81 95 34 86 16 30 36 5 98 63 14 98 25 23 38 
86
89 40 9 16 36 92 86 58 47 23 8 43 45 19 46 26 13 32 63 28 13 51 32 63 13 97 60 89 72 97 68 60 89 28 27 76 71 64 33 17 86 93 11 83 11 9 8 75 40 70 2 52 20 85 14 84 34 26 25 5 74 44 16 62 23 43 38 93 6 22 9 44 14 72 26 76 80 85 50 19 6 3 22 78 40 36 
103
73 13 89 29 86 32 44 100 6 86 89 98 44 10 59 39 76 82 64 3 61 100 5 31 5 59 52 34 98 39 47 22 51 35 50 89 19 46 88 24 83 76 74 26 37 84 64 64 65 79 67 77 30 23 7 87 81 58 20 79 49 18 52 99 5 54 87 23 99 26 98 33 1 23 59 90 58 74 53 22 5 19 50 34 93 56 20 74 66 92 4 14 9 55 12 65 8 51 87 58 76 37 91 
115
11 1 18 69 26 70 42 82 41 92 16 33 47 87 6 64 30 9 77 91 16 89 55 75 39 94 85 66 30 75 94 92 27 11 60 52 33 54 34 73 97 1 5 95 39 63 59 69 23 35 11 38 23 65 65 13 58 49 31 39 23 24 31 1 87 42 4 19 95 89 43 91 89 99 38 80 61 96 100 84 30 10 73 5 74 37 69 84 37 99 22 11 23 52 11 61 94 15 79 40 3 73 83 44 71 20 23 32 67 74 67 96 35 91 100 
84
9180 4821 4943 516 119 7265 2127 2593 6868 637 9553 3861 6803 7783 3753 4806 3055 3687 3801 3426 3358 8623 9909 6124 9948 5975 7519 6182 1617 1271 1341 796 6091 6284 1312 2561 9900 9790 5154 6767 6778 4706 6980 3581 8841 732 4738 1895 770 8538 1672 4127 3512 1580 250 9811 7554 4120 5992 9171 5390 3684 6318 7832 6319 3981 393 6218 3770 5546 2985 6900 6603 6316 6832 5443 7047 1569 3690 4168 6458 5361 8294 6321 
95
43 31 46 14 74 68 4 57 86 87 76 66 31 93 88 28 29 87 31 44 70 25 42 90 66 9 47 79 54 19 19 96 49 16 10 22 84 65 78 21 3 5 86 34 50 25 61 78 11 43 22 80 20 15 69 85 24 67 63 77 85 33 25 85 49 86 6 84 2 36 4 4 92 41 89 41 66 50 19 28 92 92 8 63 6 28 48 81 47 62 58 83 95 34 68 
90
71 25 30 72 12 33 27 4 73 16 44 90 17 14 18 8 5 77 71 63 56 70 43 2 31 52 37 77 37 4 23 7 80 52 30 92 36 57 47 61 24 42 50 40 8 19 99 12 95 21 26 51 90 69 4 73 72 40 1 9 95 76 67 75 27 97 18 15 5 16 27 28 57 76 19 64 95 17 28 41 90 5 43 31 25 47 3 97 86 56 
85
33 31 23 7 9 71 76 75 75 91 1 54 99 29 72 15 75 41 94 15 30 50 58 60 75 4 15 71 41 22 79 25 4 1 83 64 24 58 39 98 100 39 4 51 67 75 17 93 67 10 8 48 59 17 8 85 72 74 7 64 95 85 89 50 38 71 13 61 29 51 10 80 42 13 30 60 40 98 53 6 59 12 54 70 28 
95
54 99 38 61 62 84 45 2 33 34 73 45 94 53 96 56 32 89 68 14 48 7 11 100 65 70 63 70 91 90 82 44 40 19 4 54 2 1 55 34 86 27 30 80 79 25 87 63 65 54 28 13 13 90 64 29 59 27 98 1 68 79 45 8 49 100 61 2 100 67 87 86 94 16 17 24 93 3 38 57 8 65 21 72 55 85 100 65 63 97 66 30 27 10 37 
101
9 49 28 61 16 66 98 61 82 66 84 26 20 74 34 27 38 55 99 92 91 50 57 53 47 22 82 73 83 71 100 43 71 79 3 86 45 52 98 78 17 34 3 36 7 36 15 44 42 65 88 32 14 44 84 12 17 18 37 99 88 88 93 58 66 48 96 62 99 45 39 68 78 93 55 36 81 69 80 22 85 67 54 99 62 37 62 78 6 98 28 93 85 72 3 51 19 50 64 70 46 
96
37 76 47 91 11 27 12 42 49 96 60 2 46 21 90 8 50 48 5 29 40 42 1 94 44 19 95 7 88 93 61 76 68 8 67 78 34 30 72 82 25 31 35 23 4 77 30 5 24 86 34 15 27 86 61 70 56 7 77 96 99 37 71 66 96 89 96 30 18 67 11 95 49 98 69 52 74 98 57 97 35 42 63 14 27 23 83 82 30 11 29 28 100 100 46 95 
111
41 24 10 7 87 4 55 36 24 59 9 73 15 57 7 8 19 20 34 42 55 67 23 65 96 50 16 47 95 63 86 87 86 95 93 24 50 100 59 73 10 19 45 76 75 4 83 46 23 68 39 29 34 61 46 81 62 61 27 57 23 13 43 61 59 88 36 9 39 95 33 48 13 78 75 40 33 57 85 55 24 23 36 57 35 81 90 96 41 16 52 16 80 47 28 39 86 63 99 76 57 31 75 22 60 49 61 92 5 97 99 
95
71 34 36 5 14 25 100 6 93 4 21 72 50 48 10 87 11 8 62 19 91 36 92 50 84 52 42 40 100 40 19 70 25 54 74 38 31 74 43 23 77 16 46 78 15 56 16 77 15 77 48 57 64 39 7 99 43 100 38 42 91 56 12 15 61 37 52 43 10 46 17 38 13 63 67 28 70 34 56 36 62 3 93 25 42 99 75 84 50 12 25 40 19 88 54 
105
25 57 74 86 54 91 76 67 5 94 46 74 28 1 9 89 4 53 14 97 51 88 80 100 52 56 91 22 44 96 53 20 4 27 5 58 69 80 76 73 74 73 46 53 73 6 41 28 59 6 76 61 46 55 61 97 11 3 18 6 99 71 25 2 49 81 11 17 61 86 89 86 58 86 38 83 91 30 62 49 36 38 10 81 92 22 77 54 76 46 11 74 68 87 28 68 68 38 84 28 24 24 65 33 9 
93
15 100 83 77 100 18 66 61 98 9 34 26 15 10 24 25 35 43 12 62 11 79 100 94 58 75 70 74 7 78 27 22 29 61 50 29 79 15 41 28 75 75 6 89 36 81 14 70 23 77 32 33 7 31 79 64 5 48 89 63 25 67 36 54 27 85 34 57 51 26 37 26 100 42 14 87 22 79 57 44 55 88 29 61 70 7 76 26 6 16 88 30 82 
106
35 61 60 20 17 63 46 53 40 97 46 5 84 19 36 92 15 42 79 43 3 100 1 30 77 6 98 64 35 79 39 22 39 51 93 8 65 38 60 56 87 58 60 22 76 47 13 90 89 43 32 43 42 32 72 18 37 21 33 24 100 24 97 90 26 89 97 90 79 9 45 17 66 56 38 93 3 50 83 91 92 66 33 85 50 56 54 38 77 86 61 28 61 9 69 86 98 66 75 76 26 71 44 43 79 81 
91
81 82 17 23 25 35 7 9 84 14 62 21 42 99 34 69 12 42 38 97 91 55 24 18 32 94 61 74 72 41 8 4 22 77 78 46 63 84 6 46 98 19 18 39 18 51 60 29 45 49 77 35 55 100 53 86 46 13 59 17 54 18 73 27 46 50 25 8 34 30 53 83 49 23 73 18 73 32 46 17 80 22 4 34 74 56 71 19 68 29 87 
105
47 59 52 92 61 76 52 46 57 4 28 5 26 100 22 51 84 19 19 15 93 22 49 18 29 19 36 49 100 22 21 98 33 24 41 93 99 92 38 8 48 17 12 73 68 86 75 51 56 94 66 100 67 66 17 96 36 52 44 87 26 16 84 58 40 25 2 90 68 39 97 15 7 61 88 74 98 14 77 53 59 94 53 26 11 69 73 46 73 16 85 98 31 68 55 22 44 8 64 12 46 60 78 4 72 
89
29 69 31 5 22 89 50 26 14 60 94 86 58 18 53 42 15 36 61 21 9 57 28 72 20 25 84 97 80 55 14 9 24 44 65 97 84 15 22 98 74 67 35 83 85 40 24 51 75 85 24 35 41 51 7 12 28 90 8 7 96 21 15 71 16 32 67 100 46 40 49 71 59 83 54 43 74 29 45 100 13 68 35 5 71 93 16 98 34 
112
56 29 96 23 100 12 54 18 11 51 58 59 21 16 93 26 10 19 55 54 18 19 74 4 24 96 96 91 93 29 18 100 58 14 22 9 77 27 26 39 77 35 97 50 2 41 75 11 11 29 17 29 48 42 84 23 37 80 65 81 60 83 80 69 96 2 77 24 28 55 62 57 89 10 6 91 50 80 53 61 9 21 41 8 62 24 30 98 55 94 78 15 28 58 83 75 11 12 98 90 18 59 46 6 68 3 48 70 83 53 82 43 
108
74 2 35 49 31 84 4 76 62 70 56 71 4 30 33 15 28 22 32 86 20 90 6 74 89 75 56 93 56 50 66 81 51 52 29 33 35 32 61 48 1 68 18 57 97 2 71 24 24 55 62 95 96 67 68 36 41 76 29 48 77 94 28 80 45 56 64 31 40 76 79 92 43 48 48 40 50 71 63 25 25 76 71 72 42 38 7 34 65 35 81 42 28 60 73 24 68 36 55 7 12 85 98 6 84 46 45 33 
90
60 9 92 35 79 63 77 69 69 62 85 56 43 78 83 54 50 59 21 38 65 79 1 1 77 6 84 74 51 69 41 62 77 84 96 8 98 24 28 66 86 64 73 80 42 56 33 43 66 6 80 30 84 32 30 12 38 13 37 40 33 29 1 62 12 48 69 9 72 48 27 9 11 99 88 4 6 72 99 71 29 30 52 65 62 33 76 99 98 65 
96
30 93 90 91 57 37 11 65 60 58 43 20 21 94 59 76 51 31 74 22 11 4 25 75 65 58 51 15 55 67 4 84 59 45 27 15 33 37 32 93 47 26 64 19 19 23 94 70 53 68 43 15 23 19 90 39 76 92 5 82 58 60 66 16 4 92 83 36 80 66 80 26 43 44 44 14 66 38 35 70 57 29 84 31 47 73 69 23 64 25 4 73 84 21 41 87 
98
23 74 44 40 6 69 82 49 65 47 66 2 81 87 10 9 22 92 56 47 60 30 62 36 85 35 19 6 75 57 21 49 30 64 88 87 85 21 87 49 68 52 2 48 90 63 9 12 54 64 58 65 93 19 100 77 5 18 34 79 26 55 27 7 70 66 94 54 39 80 54 6 84 7 5 73 69 13 36 74 76 45 38 20 16 37 49 20 6 34 99 31 88 77 38 10 95 31 
112
33 62 21 38 45 27 94 18 48 7 5 21 34 50 59 6 65 47 54 84 5 39 34 35 79 63 24 88 57 6 2 41 68 74 30 64 1 23 81 48 81 38 20 15 87 78 72 3 77 25 38 81 15 72 67 93 86 43 80 94 48 34 34 67 7 63 31 59 37 63 6 18 100 26 84 38 55 55 40 83 31 78 15 45 1 82 38 38 76 17 31 23 2 16 42 9 30 24 67 66 86 25 83 38 2 18 75 8 72 67 91 2 
116
57 99 96 38 36 33 13 4 63 88 6 78 81 66 7 4 84 24 89 60 59 78 61 76 5 21 48 71 63 1 66 19 99 61 9 34 93 73 90 7 12 95 36 92 12 94 95 47 17 36 7 75 13 19 51 17 39 50 39 53 50 4 72 49 64 32 34 56 4 23 14 16 69 49 59 32 42 54 79 59 89 85 85 53 55 87 22 46 36 60 98 86 64 21 86 79 52 71 87 8 46 100 75 14 49 33 98 42 86 76 52 26 12 37 31 66 
101
4 63 11 63 61 48 78 33 33 57 37 3 43 44 48 42 70 14 42 2 11 84 40 38 35 17 1 23 99 66 98 2 81 8 65 41 55 94 73 87 50 9 41 44 4 41 86 73 6 79 27 68 62 66 5 49 34 5 71 33 22 68 34 2 27 98 94 81 92 19 19 93 79 12 37 83 52 74 7 9 52 33 76 66 50 32 14 84 88 36 16 61 56 49 15 82 99 8 15 42 26 
107
34 5 44 22 39 47 95 97 7 99 30 34 64 79 65 29 62 4 16 29 65 23 78 79 5 76 86 71 69 64 3 54 20 99 76 10 97 70 6 4 68 87 37 83 66 2 63 79 57 79 8 21 1 37 99 57 64 37 27 32 52 30 85 23 80 12 32 76 82 89 79 1 76 16 36 93 69 98 23 25 28 82 98 29 18 96 85 33 84 64 16 87 45 1 9 24 64 92 99 97 81 78 50 56 45 85 48 
100
34 22 89 62 4 86 90 21 34 26 54 69 89 21 56 33 73 64 8 37 8 7 33 88 36 82 43 32 18 42 96 52 15 36 13 18 74 54 91 59 79 96 27 20 16 34 4 89 50 12 25 57 18 57 44 5 91 38 36 8 31 31 59 45 66 71 63 91 76 53 49 55 48 76 26 63 9 29 3 10 92 27 66 61 36 9 65 26 98 100 33 28 82 92 25 100 14 39 90 90 
94
39 96 42 66 21 4 74 1 59 36 45 85 1 5 20 62 70 45 59 21 30 39 55 73 15 54 86 53 43 27 95 33 22 36 98 94 91 24 47 49 59 91 86 59 95 5 72 16 2 31 89 31 21 43 3 35 48 40 87 42 67 33 75 40 68 24 86 10 47 32 59 5 74 44 16 20 100 87 88 1 69 76 83 89 70 37 75 17 77 13 58 95 45 84 
95
64 8 19 74 54 2 84 11 75 79 78 47 30 64 34 83 85 9 65 25 78 2 100 46 30 12 55 24 57 39 57 72 98 28 97 3 29 80 65 56 10 42 54 40 58 87 74 42 95 38 66 24 91 65 21 20 77 75 43 85 65 100 8 14 79 5 17 59 36 81 66 98 75 19 89 32 5 62 73 51 99 38 26 42 55 46 61 83 73 4 19 89 55 26 55 
108
30 23 43 18 55 9 15 29 27 3 60 84 64 32 34 14 22 60 55 76 57 16 10 81 71 28 22 77 53 76 61 35 98 55 52 52 63 18 81 42 20 92 25 35 24 58 48 97 69 55 24 78 22 33 58 92 60 79 20 12 6 80 98 3 34 1 7 49 18 39 90 89 30 66 75 5 75 75 1 44 29 24 73 50 56 82 93 67 61 12 31 18 43 28 73 28 81 79 28 98 17 69 39 98 34 13 3 9 
88
3 4 67 79 76 68 86 57 60 53 69 23 83 39 17 62 11 97 42 89 76 40 57 45 30 54 78 94 56 38 33 11 93 99 89 20 19 26 29 78 78 49 53 12 87 21 74 97 69 15 85 45 6 41 89 35 47 18 81 2 8 13 64 100 63 4 20 81 30 48 11 7 96 63 71 35 35 44 31 4 58 16 48 64 8 88 50 6 
105
30 8 64 42 71 64 5 75 35 37 56 82 47 14 29 61 84 63 96 27 94 51 37 61 50 100 20 37 1 26 45 83 85 9 24 7 72 80 33 6 69 88 39 15 2 19 76 85 34 23 12 79 73 100 91 74 51 10 62 51 87 6 33 71 14 9 78 85 40 62 42 8 50 32 23 51 51 50 87 84 72 50 14 96 49 4 69 99 13 30 50 100 35 34 22 1 42 51 85 34 13 79 41 62 10 
107
64 12 16 50 47 39 100 60 34 48 63 54 47 76 35 48 27 22 81 100 22 75 3 58 8 15 36 100 28 98 67 43 9 34 92 56 73 43 15 58 91 78 64 89 5 98 88 83 19 68 82 40 94 36 98 53 50 85 5 29 82 71 71 43 56 63 98 80 57 64 38 47 93 53 87 49 50 74 31 21 94 65 12 87 100 61 40 2 98 44 30 79 66 1 73 73 15 70 53 71 86 42 70 30 94 8 79 
104
82 61 67 75 77 79 13 29 91 52 30 88 47 11 19 64 63 91 37 29 13 89 100 50 30 21 79 75 28 9 69 61 70 36 87 46 66 100 26 8 3 7 48 50 18 66 65 80 8 1 61 20 89 60 21 70 32 100 44 59 8 13 72 29 100 58 27 17 57 52 24 60 59 71 61 28 88 25 7 96 26 19 67 66 78 88 36 61 39 31 72 98 95 43 27 94 100 53 62 9 4 38 20 14 
101
80 41 48 56 100 95 33 18 13 51 48 52 38 8 42 68 79 40 63 21 66 8 73 70 70 81 73 59 100 39 18 31 79 17 86 30 63 71 48 76 21 95 79 58 2 21 77 33 60 39 5 77 99 77 46 68 57 70 78 56 8 95 38 39 64 24 68 26 46 15 53 18 61 32 27 15 4 3 47 15 94 51 91 92 28 36 11 36 5 88 44 65 82 81 3 45 56 70 23 1 37 
97
18 97 58 44 11 13 99 57 27 92 8 17 83 87 4 93 22 61 80 17 25 13 98 27 10 53 48 32 54 84 58 23 81 16 19 91 80 17 48 7 60 7 23 42 45 79 34 18 39 65 35 63 29 32 41 38 36 88 21 41 72 79 64 4 46 34 94 25 2 93 83 61 51 6 2 47 84 87 65 22 3 51 36 31 82 76 21 69 15 93 10 38 23 73 41 68 58 
110
45 59 31 79 19 82 84 72 80 19 10 44 92 12 46 79 94 79 6 14 48 21 7 57 58 29 29 51 49 38 37 45 96 19 23 66 52 59 37 32 29 46 27 73 9 73 51 2 51 57 16 98 29 74 54 38 54 34 88 54 71 76 50 66 95 73 83 46 83 19 77 63 16 4 35 24 28 38 26 78 46 93 76 26 18 29 63 71 15 3 77 85 78 26 3 24 50 85 22 84 4 50 47 71 5 33 95 32 22 20 
88
19 64 37 44 81 65 59 3 31 61 31 16 90 57 18 14 6 54 35 42 9 36 88 80 41 72 74 72 94 45 33 64 8 69 8 40 86 66 94 16 26 25 31 15 81 100 80 38 54 66 79 62 2 18 41 42 42 66 65 35 10 98 98 69 66 57 60 51 74 54 67 51 30 49 18 10 49 97 99 2 63 30 15 16 99 56 57 40 
89
73 26 83 70 76 51 36 32 63 38 58 16 56 8 45 5 25 6 53 74 56 6 36 37 20 3 36 27 11 27 100 83 53 82 53 80 84 40 63 46 29 20 13 85 28 9 89 4 14 93 77 22 98 64 58 69 66 45 48 76 72 47 59 76 80 63 7 15 54 69 13 34 89 25 18 68 34 58 71 99 50 48 20 47 11 30 68 77 26 
100
4 97 13 14 24 92 28 82 58 81 51 70 15 91 47 84 58 32 42 80 30 91 27 2 90 90 83 57 18 8 23 21 57 35 35 32 26 62 14 83 95 64 5 61 54 51 44 63 82 37 42 63 28 21 16 69 10 50 25 27 58 99 99 66 33 33 97 10 47 62 44 41 77 48 53 82 50 96 44 31 85 38 46 12 58 13 80 67 63 56 45 72 54 43 89 38 28 37 47 26 
99
90 18 75 38 70 57 87 17 52 70 1 89 67 64 98 79 43 64 93 50 60 16 55 55 56 92 34 93 38 59 43 80 76 17 17 45 25 55 13 29 76 14 17 42 29 15 73 24 30 17 73 42 33 80 48 88 71 81 32 61 39 74 40 14 43 8 10 19 14 74 47 90 39 16 31 68 82 3 91 63 72 63 4 4 42 51 43 65 31 75 25 21 100 16 86 42 23 95 61 
107
21 59 77 59 74 8 26 55 62 16 18 33 79 73 88 72 76 83 88 58 9 64 79 8 79 16 2 53 63 62 41 83 20 17 41 46 76 67 100 38 82 69 22 12 94 62 36 69 44 23 78 52 87 56 59 17 72 60 70 34 73 10 68 45 78 8 90 54 74 89 43 8 10 16 71 3 77 6 23 20 81 100 23 19 8 82 35 31 93 4 16 18 65 83 62 95 90 51 48 16 91 42 75 52 57 45 54 
113
3 76 5 83 28 28 1 35 9 87 65 53 91 32 70 7 14 83 53 55 85 100 70 76 41 96 27 50 41 33 83 95 60 87 29 87 14 29 73 74 15 89 79 57 20 100 16 33 35 68 88 19 20 9 46 12 57 25 61 97 57 95 43 68 82 71 55 47 51 79 73 65 68 3 74 87 2 41 72 36 8 11 55 79 71 100 91 27 76 3 75 32 98 17 52 31 87 58 77 37 36 1 54 3 3 79 42 57 19 13 92 78 75 
103
57 45 50 99 72 25 1 46 9 98 63 60 80 1 17 9 90 52 9 43 7 64 21 48 20 39 12 11 68 86 9 24 30 10 22 53 34 75 99 42 24 13 1 4 65 69 12 54 21 20 96 27 83 68 26 2 58 89 65 26 26 25 49 7 34 23 60 19 97 10 61 20 22 13 23 38 34 86 92 54 6 87 32 40 55 9 94 64 97 10 89 22 34 90 80 19 12 39 37 60 48 49 31 
102
14 6 59 47 91 50 52 48 88 83 40 94 43 85 58 91 94 98 64 27 87 43 45 50 82 33 61 81 82 92 54 95 49 64 93 91 65 44 39 52 26 30 98 20 14 7 10 7 4 73 85 43 15 29 92 48 13 53 29 94 96 34 40 96 97 32 86 61 75 24 64 52 5 13 71 18 19 32 24 75 4 8 17 71 88 60 18 1 64 98 46 59 31 86 6 79 69 92 91 44 67 55 
93
72 67 70 89 38 1 65 12 5 72 80 27 12 39 44 12 3 94 9 13 76 94 19 55 63 10 45 58 76 51 4 99 70 73 88 59 26 52 70 82 75 1 8 86 39 3 49 93 96 58 58 24 3 76 78 17 37 74 74 64 77 30 63 46 54 2 4 79 53 25 60 79 77 67 65 67 22 65 60 17 22 17 92 25 44 69 93 32 95 67 95 71 48 
92
68 1 10 23 80 14 47 91 93 23 10 9 89 31 73 100 99 47 68 91 23 63 11 15 94 5 33 41 27 80 49 94 81 11 16 12 76 14 54 68 88 63 28 29 45 53 28 44 51 48 86 73 10 96 39 4 53 72 44 79 51 44 25 83 54 40 94 30 6 100 49 93 62 29 21 59 33 1 2 83 48 39 55 57 34 93 12 38 16 7 17 67 
104
93 1 56 32 95 37 89 46 38 82 7 18 54 17 50 54 18 32 53 56 38 62 42 82 25 79 98 32 47 16 34 39 16 41 23 62 78 11 7 67 44 66 84 98 82 33 3 52 16 8 59 53 69 52 86 93 83 35 76 29 50 9 68 18 50 42 79 79 52 38 45 48 3 80 97 36 64 99 39 31 58 98 35 26 1 20 71 83 55 98 12 56 7 31 73 8 72 52 38 75 41 34 22 95 
96
18 30 28 69 21 58 26 70 92 4 70 11 26 53 17 23 16 73 81 98 45 40 21 48 77 95 88 62 69 82 74 38 64 53 58 84 10 36 5 1 39 74 64 16 78 80 90 93 52 23 90 49 14 10 96 91 57 36 52 77 69 78 14 32 30 24 67 92 59 71 92 49 97 55 64 74 87 5 19 90 27 8 38 41 70 86 83 78 21 86 54 41 15 19 73 97 
108
91 88 52 14 79 100 10 86 15 83 24 20 1 13 98 61 3 38 82 88 72 11 60 58 16 100 24 34 24 20 80 67 7 31 80 38 31 89 75 45 23 98 16 76 62 14 36 64 3 69 3 75 79 14 84 94 66 7 79 41 79 58 7 85 41 86 74 71 26 48 67 49 97 35 76 59 48 11 74 50 31 77 76 9 42 59 54 7 18 84 48 96 42 54 32 82 92 6 4 69 5 22 69 2 56 44 12 55 
105
85 57 36 13 32 96 55 91 49 13 60 33 60 55 26 66 86 59 9 43 14 77 48 35 46 1 43 89 64 97 95 48 53 30 13 85 78 19 27 26 31 86 10 43 40 87 60 77 45 68 72 58 96 19 93 93 71 87 82 34 83 28 33 88 9 97 72 86 15 50 64 46 35 73 40 26 60 99 54 56 66 25 14 13 43 58 6 65 44 39 50 78 66 83 65 74 79 88 12 46 37 75 43 71 99 
110
48 10 80 2 66 97 26 31 9 21 40 14 85 83 52 87 12 69 21 29 95 51 16 6 96 53 32 38 75 30 19 75 92 50 76 57 46 1 39 7 73 78 72 10 12 76 96 23 44 16 51 90 66 19 47 62 71 78 51 97 60 70 71 51 71 98 59 17 99 97 23 23 74 46 32 85 21 27 59 17 94 62 6 60 80 53 73 2 82 75 98 41 96 21 43 67 18 1 83 68 49 57 91 22 54 22 58 75 1 69 
109
94 30 48 5 9 100 29 62 82 4 59 74 99 31 17 65 49 69 99 16 18 7 58 91 61 32 1 35 32 69 77 77 50 24 82 10 76 10 71 9 13 29 82 12 60 50 76 60 19 27 27 36 33 85 26 93 16 78 79 47 46 55 75 95 31 56 4 58 66 74 66 30 55 99 93 66 49 21 25 67 47 3 54 79 87 31 72 2 9 2 100 54 57 75 1 39 82 56 96 99 30 61 29 36 59 73 53 59 93 
105
25 39 79 78 18 18 61 41 71 69 42 23 22 50 49 74 88 30 30 35 29 11 95 9 46 6 81 98 64 74 26 41 64 56 70 33 73 30 73 44 98 67 18 72 68 66 45 56 95 74 42 75 84 89 35 81 94 68 78 9 41 55 1 56 11 71 89 35 100 13 30 50 79 47 21 47 12 65 54 59 91 95 33 26 83 20 7 28 87 36 89 79 91 89 34 1 59 22 87 59 35 17 8 65 63 
94
63 27 96 16 85 86 63 69 64 45 88 70 25 74 57 13 4 47 1 38 99 60 11 86 70 45 54 29 62 16 8 24 42 55 40 26 41 2 47 56 98 34 77 22 60 33 86 63 32 87 52 30 98 63 67 67 7 20 47 68 88 6 92 29 60 83 7 52 36 53 7 85 38 83 7 49 68 92 12 99 30 63 80 27 25 99 45 84 70 91 3 57 96 46 
105
56 80 96 59 15 100 66 100 37 100 58 38 67 1 49 65 31 63 97 9 40 95 54 23 64 96 77 21 92 75 10 99 54 5 57 69 4 74 20 92 74 29 29 40 29 29 57 11 44 53 72 83 47 25 57 62 72 33 34 15 59 43 13 13 99 22 33 54 95 52 46 20 80 26 12 60 7 68 23 50 72 94 84 70 70 40 31 41 24 65 56 83 7 20 95 6 93 79 59 40 30 56 59 61 34 
111
20 92 89 42 93 60 87 76 29 56 67 12 97 90 76 4 24 34 75 70 91 68 48 2 7 29 57 17 89 42 87 61 33 27 2 25 87 41 52 67 96 18 78 44 8 5 99 83 39 74 53 81 41 52 82 47 81 39 63 69 32 1 29 17 28 83 93 66 23 45 84 70 62 14 14 21 18 12 4 8 85 8 89 77 59 70 75 39 60 90 60 44 90 40 60 69 22 52 86 96 96 70 66 58 35 31 78 4 42 33 12 
87
40 52 55 99 73 82 89 33 71 48 28 60 40 87 81 13 38 66 9 86 87 26 95 73 56 72 77 49 5 40 79 44 91 86 94 63 67 83 47 37 82 74 48 21 12 28 34 50 46 94 87 84 71 81 57 78 4 33 78 8 24 57 4 14 94 49 28 12 83 27 100 17 52 47 37 64 27 22 65 24 67 51 59 89 31 15 66 
102
99 44 94 22 52 49 87 45 97 67 8 32 93 7 48 44 5 36 7 31 10 23 6 28 73 65 17 55 79 82 41 30 25 86 3 28 34 90 24 82 56 31 13 100 37 12 43 94 48 2 76 57 24 82 84 49 46 52 3 76 34 95 57 10 80 60 38 65 1 61 47 8 44 11 7 32 23 1 25 22 54 1 30 78 82 65 78 79 17 80 6 2 27 63 11 6 74 48 71 74 61 69 
100
56 31 39 87 5 91 64 26 45 64 7 22 97 24 51 27 40 82 32 41 8 46 51 14 71 51 36 44 63 4 76 18 86 66 56 91 57 19 16 1 34 75 74 30 98 24 8 89 5 92 29 13 37 31 78 8 33 65 3 95 20 31 64 5 48 20 95 4 90 63 56 24 37 29 5 86 4 13 74 61 4 2 73 92 84 2 51 17 66 6 63 85 36 79 89 35 50 36 39 39 
119
46 62 86 75 67 71 30 31 96 90 86 97 14 77 32 15 80 100 32 85 15 16 72 93 57 6 42 44 96 32 41 42 94 78 16 12 100 97 94 95 87 79 43 100 55 74 67 86 26 98 70 40 66 41 84 74 47 25 17 94 56 9 35 1 86 2 64 37 99 57 31 37 35 73 88 42 46 54 27 71 4 97 62 21 89 45 94 87 21 62 81 29 22 15 29 59 17 45 95 15 1 25 3 36 97 90 77 94 44 55 17 99 51 78 19 92 75 64 78 
92
77 58 75 98 25 56 56 41 100 50 7 100 74 9 87 22 98 63 15 93 18 31 91 20 61 61 11 35 24 41 81 100 98 56 97 74 11 4 14 10 53 72 61 78 80 48 99 30 10 14 22 79 96 65 51 56 25 13 42 49 53 23 100 3 78 49 76 40 52 90 1 57 13 61 34 93 8 85 74 70 50 47 100 45 11 50 53 36 63 94 36 67 
112
87 69 45 35 45 36 87 34 36 95 46 97 28 90 56 12 15 25 13 62 77 58 72 78 62 59 40 55 46 7 75 33 75 19 67 71 7 5 4 42 99 2 90 79 43 46 42 58 22 55 19 98 64 42 76 25 1 67 31 46 25 5 78 52 76 97 22 82 53 78 75 4 31 17 82 25 62 75 82 35 29 52 85 44 94 12 20 46 30 51 91 55 7 21 58 34 69 31 67 21 8 94 24 90 10 57 15 23 32 48 57 12 
112
93 56 45 4 75 90 86 77 32 92 36 52 49 69 20 31 88 41 91 81 16 80 90 73 46 12 4 94 20 15 45 13 22 89 68 49 78 53 25 9 96 12 13 44 33 84 75 20 76 65 100 92 96 89 16 42 52 19 87 71 85 31 35 59 19 55 7 48 59 83 8 55 95 72 50 27 56 76 98 31 92 97 74 88 37 89 81 88 59 67 58 44 97 45 2 67 99 60 66 57 42 73 63 88 97 13 66 52 88 63 34 80 
99
60 67 95 48 47 34 7 65 92 2 61 88 55 79 86 14 44 94 7 68 57 47 64 21 12 67 8 27 1 87 37 60 5 84 59 3 17 65 19 60 18 79 47 72 57 84 37 100 78 96 20 86 42 83 6 5 50 65 83 2 4 20 13 8 3 71 63 71 88 81 31 57 12 77 29 20 13 17 72 42 12 91 27 5 73 84 62 74 48 44 27 51 63 39 11 17 62 25 88 
116
57 18 57 68 46 37 40 58 54 11 99 17 1 77 22 25 60 83 99 8 26 25 10 41 16 20 57 77 44 44 29 1 13 85 20 59 22 59 68 27 69 19 95 21 95 16 46 7 50 96 66 28 72 75 20 87 95 76 15 90 72 43 42 84 80 14 94 53 24 14 79 45 32 73 65 78 41 62 36 42 57 1 69 29 76 88 67 22 16 82 63 87 24 57 22 3 70 68 55 93 81 85 37 64 10 54 93 50 15 29 91 72 29 12 52 56 
119
18 29 18 51 92 4 75 48 78 29 69 45 36 61 77 72 50 92 81 3 84 82 17 64 25 40 93 36 43 100 38 13 29 56 63 72 11 89 19 88 18 39 84 5 99 12 76 100 55 9 2 39 90 71 54 14 10 98 1 5 98 39 17 78 46 79 49 56 68 19 96 37 57 31 41 7 95 68 7 49 28 60 39 18 30 93 83 92 90 84 96 39 74 64 16 71 42 16 26 61 34 73 97 42 56 89 49 50 9 7 98 36 66 37 5 96 81 88 39 
92
23 34 61 48 97 76 18 90 92 95 51 77 20 99 19 75 88 19 24 48 25 73 83 90 61 40 37 93 27 75 15 1 60 75 48 8 50 17 98 93 11 100 70 82 98 40 56 85 58 31 32 82 56 67 23 16 6 12 9 84 38 23 36 98 49 83 5 98 51 54 43 13 53 12 95 3 3 50 87 60 33 71 93 88 89 15 55 46 78 63 81 16 
99
16 65 85 98 69 35 100 75 77 12 79 40 6 81 42 56 20 53 88 42 45 27 30 11 81 27 89 96 7 56 32 22 20 69 71 40 55 70 14 83 81 93 74 87 25 67 94 44 19 33 85 15 59 66 25 39 44 65 34 50 20 18 23 39 38 93 79 44 62 92 26 95 36 99 81 61 17 74 56 35 58 93 49 16 10 73 54 54 38 40 3 9 9 26 48 46 70 26 89 
89
69 66 78 57 16 58 17 32 83 24 66 40 16 66 7 26 90 12 31 79 51 85 88 11 62 35 56 32 12 96 15 80 61 92 36 76 1 4 7 35 80 24 74 95 89 80 72 79 43 2 9 94 39 96 4 100 82 12 31 93 59 97 73 20 88 60 47 40 16 6 74 95 29 47 41 70 78 65 100 21 18 8 66 56 56 21 56 37 32 
75
30 43 35 54 62 22 13 60 62 80 65 87 74 46 34 67 67 63 31 66 35 48 25 52 4 80 73 59 17 56 96 98 98 30 51 11 4 15 71 17 95 87 3 20 84 88 86 50 3 16 67 37 64 44 89 67 23 13 77 91 68 72 40 18 54 90 28 57 57 50 73 51 89 75 22 
102
15 8 74 17 75 40 53 90 35 93 56 58 57 84 100 25 56 40 94 61 81 73 17 37 75 89 39 63 15 61 86 29 20 11 45 46 3 50 36 37 94 91 94 51 27 46 27 34 85 20 94 65 44 10 54 18 50 92 32 16 4 18 97 75 28 93 21 30 94 56 67 88 98 12 38 24 57 16 57 93 87 2 10 30 11 63 48 12 6 79 80 10 48 76 36 28 20 56 57 14 11 75 
111
9 39 90 84 47 57 41 40 43 42 1 72 5 15 71 68 20 50 47 81 49 74 17 76 94 72 85 59 83 11 11 43 49 52 26 96 8 18 87 50 12 39 73 16 53 44 35 72 45 34 5 93 7 21 21 52 44 5 62 26 15 72 20 16 75 98 63 82 15 1 83 26 39 56 93 91 51 28 62 95 61 66 87 19 38 7 71 82 63 32 59 30 56 79 45 30 76 7 12 42 7 46 68 97 53 60 87 3 39 100 97 
117
18 36 18 55 94 40 36 9 71 47 38 26 77 34 8 52 40 19 45 98 16 12 94 69 24 32 23 62 31 72 61 48 7 30 55 52 69 42 60 39 88 49 17 64 82 24 67 73 94 12 22 61 23 67 81 98 98 4 60 29 75 20 28 33 49 82 84 17 24 96 7 63 44 75 27 26 50 93 98 95 56 20 56 79 86 36 76 36 39 87 16 65 6 43 97 6 77 33 74 52 28 33 14 23 59 92 48 9 85 98 3 40 69 58 70 6 46 
113
41 84 84 8 1 42 51 97 99 79 81 25 30 8 57 95 83 67 87 82 75 23 79 78 62 99 87 84 5 32 33 97 68 68 5 20 9 7 16 60 37 49 84 66 8 92 12 90 58 98 72 85 20 2 14 34 53 100 69 57 84 53 5 3 20 61 22 81 19 89 40 55 37 75 72 45 18 84 86 27 33 57 11 5 11 24 90 63 76 58 71 11 10 75 13 81 88 86 61 6 26 52 61 15 26 84 11 95 67 96 22 52 53 
75
56 63 8 45 25 83 54 47 93 63 21 57 43 60 94 56 18 71 7 78 85 33 13 95 27 80 91 100 83 95 32 38 57 39 82 33 73 35 79 65 49 51 73 43 63 18 98 80 88 5 9 73 89 21 67 67 52 57 67 34 51 50 71 59 88 4 43 60 90 73 76 38 76 100 33 
94
17 82 17 4 38 25 76 78 97 95 45 49 51 63 82 54 64 5 64 3 8 59 14 50 31 89 39 6 40 71 95 56 53 11 59 90 87 87 20 84 81 64 84 83 78 65 88 41 21 52 95 81 62 8 30 92 48 68 50 87 91 44 42 95 7 52 36 93 90 55 28 70 70 11 5 47 28 92 39 48 95 33 80 56 92 61 48 39 81 49 25 71 92 18 
98
50 70 52 43 11 7 70 81 76 33 85 75 60 76 13 59 23 98 39 78 89 99 77 28 79 25 4 1 69 22 17 18 43 69 12 53 75 34 85 50 66 21 76 77 97 41 35 71 38 25 48 78 76 77 57 6 53 13 7 21 86 23 91 80 43 2 32 17 35 69 19 52 89 94 28 37 34 15 7 23 39 7 53 14 83 61 72 35 73 78 8 10 52 98 89 95 51 21 
88
86 41 81 89 29 27 17 66 12 83 24 87 21 30 91 87 12 51 58 99 76 87 6 85 90 3 74 84 53 46 99 90 38 31 79 66 57 47 83 21 81 7 59 1 88 49 39 100 51 48 50 78 34 55 63 24 57 88 59 61 85 57 3 22 88 81 87 96 79 22 68 59 28 26 11 67 74 50 66 77 97 15 54 83 21 68 6 29 
112
16 90 91 25 92 12 12 24 51 59 54 24 79 64 3 4 26 69 30 75 35 58 24 1 11 58 74 79 15 2 85 30 43 76 54 34 39 17 9 41 28 14 64 6 77 66 61 55 35 90 81 21 47 4 73 10 13 46 88 27 48 24 57 90 51 62 76 90 31 36 30 58 50 94 15 78 59 75 32 93 17 13 65 15 68 38 24 81 83 63 59 82 87 67 72 89 29 99 78 59 34 60 68 35 53 82 65 63 56 96 8 24 
113
72 39 80 9 62 12 44 77 70 25 15 37 48 3 17 46 81 27 32 40 46 66 44 27 30 58 34 78 65 58 89 89 96 68 97 9 79 92 37 1 17 51 89 16 54 5 62 86 83 45 77 28 10 72 6 92 29 39 69 94 48 57 82 95 77 30 56 7 22 92 7 90 43 95 57 48 51 18 33 33 62 61 12 24 32 17 15 60 8 35 53 7 43 86 2 71 68 9 78 41 100 84 82 42 31 38 41 33 8 25 66 69 85 
111
44 16 98 10 28 57 96 32 63 39 18 16 9 85 24 38 25 76 22 6 69 4 95 10 36 2 34 53 23 71 34 66 86 31 76 65 39 71 97 1 61 66 69 22 50 44 59 26 19 32 83 88 87 77 49 23 79 82 27 1 52 60 18 90 90 45 54 28 68 2 81 80 67 1 1 68 44 12 93 63 43 27 2 30 56 50 4 86 83 30 38 87 90 55 76 31 52 81 59 19 35 91 98 1 91 51 69 34 62 13 48 
98
40 1 85 95 50 88 80 85 18 69 71 59 23 98 89 26 30 99 44 64 89 94 65 79 44 85 65 5 97 64 60 36 65 45 82 66 84 13 50 53 81 72 11 56 69 100 81 51 98 77 14 39 70 30 17 65 14 33 69 11 97 80 98 13 76 80 78 60 44 80 64 77 51 75 32 72 26 64 22 75 40 87 13 61 17 82 25 30 14 45 92 62 25 90 74 52 21 52 
110
64 31 27 92 33 1 75 4 78 39 77 52 30 64 17 91 80 98 67 61 11 12 53 73 88 42 98 39 14 49 2 77 31 28 21 64 80 95 19 57 33 96 60 15 11 76 57 90 73 23 2 36 86 54 60 73 47 57 64 60 58 65 89 88 44 9 3 23 3 22 31 88 69 90 2 79 66 58 20 90 32 21 77 70 27 36 94 73 45 57 85 54 73 73 41 16 33 96 90 35 69 20 74 37 62 75 67 79 84 86 
106
68 58 97 37 84 84 30 9 28 39 93 81 11 65 74 79 97 21 68 83 89 40 57 25 1 83 43 79 19 28 98 86 85 94 74 21 78 55 29 57 93 21 90 4 37 15 34 85 35 1 67 23 92 75 99 92 58 41 22 28 20 20 65 4 13 38 24 42 92 4 51 37 24 40 92 60 54 25 44 40 77 63 62 69 37 12 12 46 52 34 73 71 53 89 26 17 78 2 59 70 5 61 58 81 100 49 
103
5 25 36 96 1 98 57 21 86 20 33 84 23 66 8 93 18 97 70 86 74 23 96 95 80 56 52 60 7 52 51 11 76 86 58 77 35 66 97 73 85 29 56 7 46 63 51 63 59 21 1 85 95 96 79 74 52 83 85 58 34 36 21 10 73 78 38 60 44 34 32 28 15 87 35 60 1 85 75 12 57 75 96 4 70 74 29 21 8 14 31 42 1 51 51 73 28 88 84 71 73 15 51 
112
53 85 99 54 21 73 17 30 99 12 85 68 37 13 41 45 78 71 86 78 73 88 3 100 27 86 23 99 53 73 38 57 9 36 62 81 60 78 10 10 89 46 77 26 59 69 22 36 91 7 66 63 46 68 15 72 5 37 70 9 9 59 66 17 46 27 49 5 5 59 66 45 56 43 70 14 63 43 2 54 1 19 68 46 86 82 17 42 18 39 51 78 49 16 46 95 42 95 51 98 5 17 43 60 11 64 26 73 7 27 78 7 
96
98 5 82 79 21 75 49 11 25 26 60 92 72 54 86 18 56 35 22 72 77 81 82 93 58 7 99 36 84 57 32 81 61 65 12 34 40 60 96 16 37 7 60 60 12 97 77 68 31 50 39 8 83 73 100 40 79 50 76 14 58 7 47 19 72 10 4 63 69 51 78 57 58 89 17 69 85 45 36 16 95 27 23 77 99 74 16 29 75 43 94 32 50 40 2 73 
91
5 35 69 56 64 26 13 53 94 33 37 38 69 52 84 47 26 60 97 51 28 25 25 70 18 57 19 10 10 43 58 15 77 79 22 93 56 86 45 49 18 81 38 38 85 22 36 10 33 32 13 60 56 37 30 26 45 100 35 55 43 44 21 71 22 94 63 77 79 59 77 48 40 15 38 76 88 73 37 20 5 49 80 12 38 61 37 82 60 71 88 
88
15 8 25 36 53 39 65 31 98 41 31 89 55 68 64 94 40 100 14 96 1 45 8 38 5 44 71 16 15 11 22 81 70 98 68 23 36 32 53 85 73 35 73 79 2 88 73 94 40 38 89 40 82 96 29 38 40 51 5 6 61 26 38 31 23 5 5 11 37 9 95 61 44 68 91 45 7 15 90 46 4 79 37 85 26 65 74 17 
99
79 74 28 4 11 10 27 16 14 89 4 23 83 16 66 2 6 62 9 73 4 54 76 82 91 13 59 7 38 76 74 16 49 2 72 60 63 50 27 77 38 30 51 20 45 68 22 2 81 30 26 84 83 54 17 25 66 76 32 3 3 5 71 51 58 42 62 21 91 88 49 28 69 99 99 13 18 20 67 98 49 92 82 84 97 50 60 14 25 43 69 27 100 39 30 57 32 43 29 
117
31 29 1 99 79 99 64 96 71 82 46 19 25 27 54 22 28 66 35 53 8 3 31 7 41 12 16 24 55 44 45 37 25 97 87 3 96 2 51 66 83 96 36 8 74 42 29 1 7 15 5 66 18 88 73 10 51 88 34 5 83 30 93 7 27 32 10 74 33 60 91 16 7 78 75 80 19 55 80 77 69 37 43 86 24 15 48 74 54 81 31 36 10 75 43 88 6 4 61 39 15 51 6 21 29 80 100 99 34 31 76 2 67 70 40 90 36 
92
16 89 19 46 24 80 20 66 68 26 21 28 16 35 31 21 55 11 52 54 9 85 37 36 38 3 5 29 93 92 15 60 80 85 5 4 65 76 21 32 53 94 11 68 28 93 40 83 3 91 88 64 27 24 99 65 27 56 93 71 47 60 82 79 96 86 34 60 13 54 43 66 99 6 85 27 98 25 61 53 15 48 16 42 24 66 58 2 21 2 24 20 
92
5 98 9 90 31 68 54 36 63 19 35 68 56 13 65 80 73 69 46 72 84 39 95 50 48 96 22 50 71 93 62 75 90 22 16 72 42 70 60 4 40 46 71 95 58 87 26 82 56 72 53 91 10 100 92 58 47 14 59 18 6 72 92 48 94 60 71 87 29 30 90 20 27 12 15 36 50 40 17 57 63 22 48 25 21 39 34 67 4 92 84 10 
118
28 9 60 87 79 46 67 61 35 86 87 98 52 75 48 44 91 4 6 12 3 82 32 94 15 51 97 58 34 58 73 13 66 84 99 97 30 65 57 16 3 95 14 54 69 13 97 12 68 55 75 23 36 59 16 3 9 64 60 94 74 84 7 39 20 5 87 49 22 95 16 24 42 81 29 10 93 78 73 13 32 48 35 19 58 50 21 66 65 33 59 38 68 65 29 87 22 15 87 95 10 3 70 51 83 98 12 28 75 37 40 58 36 74 77 93 75 49 
107
39 81 68 77 1 85 5 87 58 19 74 52 80 76 21 82 10 18 46 37 45 34 76 54 69 1 30 61 75 31 70 14 63 37 42 63 73 46 50 30 16 23 81 48 50 53 81 59 23 26 48 67 11 23 20 79 24 2 91 50 32 12 15 46 49 56 9 73 1 10 3 69 84 35 16 33 88 96 43 10 74 90 28 84 65 47 15 40 100 5 89 83 17 4 29 17 59 37 89 12 98 43 32 81 78 47 13 
98
94 55 74 19 97 1 3 61 99 69 52 51 73 40 33 41 95 13 9 6 49 50 69 46 92 100 26 21 46 90 85 91 97 10 10 45 62 64 5 13 32 56 63 56 47 47 49 42 60 57 99 60 6 67 58 50 66 83 70 63 25 7 5 73 16 14 17 30 29 21 42 12 28 56 68 26 2 68 19 13 24 17 73 82 83 30 31 100 64 52 14 88 58 71 60 26 36 76 
115
65 48 100 76 27 55 95 53 8 62 71 21 86 40 93 19 74 22 1 74 85 52 39 25 62 9 36 87 45 64 45 61 63 44 36 90 98 83 94 57 44 64 77 81 55 21 99 29 94 51 2 31 55 92 55 16 53 42 54 49 5 98 9 68 41 44 9 90 78 2 46 22 17 75 54 72 47 53 100 41 55 53 71 9 96 77 24 48 18 29 96 75 26 56 94 18 52 54 7 29 55 5 50 23 31 4 46 77 8 97 17 62 1 39 23 
109
67 46 48 37 75 44 11 52 51 56 70 2 9 28 31 15 32 80 89 62 35 35 39 94 83 7 8 36 98 30 84 64 27 31 100 53 26 62 5 77 17 26 78 25 53 8 91 37 40 80 98 26 66 88 20 48 47 79 35 44 8 18 7 86 1 59 39 78 20 95 54 37 20 84 13 24 43 4 60 34 83 10 60 100 49 31 99 47 9 34 90 68 3 49 53 3 7 43 81 26 37 86 14 8 21 27 84 64 82 
98
49 16 56 8 15 5 90 13 3 50 46 93 69 49 93 74 3 99 16 35 76 5 73 42 64 93 20 47 8 1 42 57 16 49 16 30 5 58 94 8 7 40 52 76 40 44 1 94 94 16 29 21 72 53 62 36 45 81 34 5 81 27 13 48 76 28 29 80 37 23 87 44 14 90 71 5 33 23 98 26 38 78 99 62 30 60 49 27 41 82 31 73 61 43 21 36 22 49 
99
59 23 6 54 88 95 76 92 80 98 42 57 87 19 55 48 1 15 48 27 55 82 9 79 42 3 99 29 24 100 95 34 74 52 87 62 47 14 5 26 11 46 82 98 17 37 97 69 3 45 47 9 26 55 87 67 57 38 47 32 89 41 18 62 93 4 75 91 70 32 68 80 77 1 29 45 89 26 13 91 22 59 99 47 65 38 65 21 75 11 5 15 3 22 28 47 77 3 37 
83
34 56 78 62 57 6 59 97 83 71 40 4 82 38 2 46 27 66 19 53 28 23 67 31 96 95 77 24 49 66 22 34 73 99 47 81 56 5 78 39 76 17 42 57 6 44 2 33 61 72 85 89 94 4 71 41 98 47 65 46 64 86 31 37 36 77 69 91 82 46 29 57 14 23 65 20 66 18 4 78 90 40 66 
109
43 36 76 92 35 92 37 50 77 19 38 12 96 7 54 77 4 83 85 18 5 1 89 22 18 44 99 59 35 17 94 78 52 21 69 38 12 58 40 40 76 77 3 23 35 56 99 39 90 35 8 46 35 48 67 5 43 66 63 77 34 8 54 85 28 75 75 91 84 14 82 11 42 84 34 77 92 84 67 33 19 26 79 53 73 45 57 67 62 72 43 95 79 49 32 59 23 58 1 58 71 83 68 64 18 53 40 61 37 
91
94 7 35 72 11 59 68 68 25 82 91 68 28 21 16 59 79 38 68 32 47 38 14 66 54 83 19 45 44 7 3 89 13 37 12 23 96 31 42 20 12 84 39 40 5 54 50 35 43 18 66 89 7 79 55 60 14 25 5 57 31 59 97 95 47 8 17 94 38 11 66 2 94 4 41 50 58 42 85 52 11 50 41 18 81 47 29 94 71 85 2 
113
95 98 95 94 5 63 87 94 25 52 95 71 8 87 20 17 29 4 68 39 54 8 8 34 54 89 27 76 25 28 76 20 77 22 13 33 37 51 26 13 55 21 83 62 7 3 78 87 58 45 78 11 5 37 96 10 77 74 86 2 53 13 73 29 87 37 61 75 87 87 87 41 59 22 54 17 76 31 56 33 28 33 96 84 21 91 45 98 17 30 51 69 95 23 98 33 59 10 7 45 48 45 38 6 66 91 75 41 74 30 74 53 14 
86
88 34 63 32 83 79 14 33 48 8 55 97 92 65 6 98 62 6 42 99 11 60 41 85 100 66 66 25 18 79 45 5 65 60 37 47 38 2 80 37 61 34 85 52 99 43 49 60 48 42 10 58 53 50 95 53 16 12 29 85 91 26 90 7 85 78 53 74 79 32 11 91 18 95 42 68 37 42 27 84 35 88 94 88 37 40 
104
4 51 20 89 93 45 30 99 81 59 52 55 89 35 65 79 52 11 20 19 100 13 97 35 47 84 28 34 73 19 25 28 70 45 68 14 41 97 13 22 7 16 76 47 2 92 25 54 54 96 24 53 8 73 88 7 56 67 92 80 86 17 8 7 13 75 20 53 24 84 26 30 99 1 77 1 44 53 6 98 1 81 50 60 53 89 66 9 56 58 88 93 26 47 99 38 22 18 90 97 2 16 26 52 
116
54 4 64 59 9 61 59 90 62 18 42 3 36 2 58 45 42 2 70 88 100 7 61 69 48 57 70 15 35 74 35 40 77 98 98 38 58 8 79 71 78 72 73 13 74 82 57 67 83 78 6 82 36 67 51 35 75 72 50 9 97 36 49 74 33 98 63 42 6 41 64 83 12 37 47 37 70 55 55 53 32 61 86 67 79 88 1 53 12 2 14 8 89 14 81 73 11 95 66 16 35 30 50 99 18 96 87 87 50 42 91 33 54 77 99 32 
92
52 36 75 5 49 35 46 62 15 18 73 10 84 40 96 65 90 46 34 37 33 72 87 74 63 19 79 91 70 10 54 73 45 81 29 46 67 74 7 81 92 31 42 27 71 90 43 12 35 76 48 67 47 34 92 61 5 70 51 74 31 57 98 28 89 26 73 55 100 79 87 43 10 29 21 32 70 63 43 4 90 90 23 88 76 14 49 32 36 51 5 18 
115
2 45 95 79 17 49 78 48 36 20 9 16 92 40 85 54 34 40 95 23 62 35 50 28 83 81 15 33 37 32 92 90 77 86 69 45 87 98 92 22 70 100 89 61 91 25 15 24 64 61 99 78 95 48 5 29 81 19 14 69 2 5 11 30 42 31 75 28 28 18 1 97 70 89 58 12 13 24 36 29 36 34 6 31 33 62 59 65 32 72 86 33 28 96 15 70 26 41 97 53 10 98 2 79 38 11 91 3 34 78 83 69 11 88 51 
101
1 62 12 32 85 97 16 13 92 82 82 17 22 30 21 32 79 74 62 17 84 4 71 17 81 53 38 43 92 40 38 92 1 49 75 86 97 42 50 88 24 83 56 45 12 28 76 91 2 90 59 85 93 81 54 74 33 91 68 24 82 57 67 83 57 41 20 53 82 69 40 5 51 95 2 14 75 29 56 76 18 14 60 11 46 13 36 78 55 3 53 37 60 19 71 16 11 90 69 45 58 
102
1 60 7 2 73 81 31 29 56 48 42 15 10 40 80 45 17 86 100 22 22 59 92 44 26 55 33 46 99 42 6 99 1 64 1 74 44 83 2 51 30 95 17 92 34 96 88 51 82 87 24 55 97 15 51 23 69 83 68 67 77 25 18 77 88 70 50 83 52 51 33 33 98 50 24 31 97 64 33 30 50 56 37 47 23 87 21 91 21 40 10 97 65 79 74 4 48 75 87 99 26 71 
111
23 20 59 5 17 22 38 98 71 93 34 69 15 20 89 58 41 29 19 37 45 97 62 100 44 37 38 94 14 9 28 88 28 86 92 96 59 29 94 30 22 79 50 88 99 39 45 91 19 15 79 15 11 41 14 54 77 52 99 90 12 27 77 91 64 68 87 23 49 32 4 22 10 53 9 60 43 6 50 13 20 29 79 31 21 93 36 97 96 87 38 7 65 66 97 28 85 35 2 33 18 5 54 80 10 15 39 52 72 41 17 
94
21 95 73 41 39 61 89 34 99 78 92 63 43 41 42 79 75 44 12 45 48 17 24 57 31 62 61 54 54 29 97 74 23 21 66 62 81 54 47 31 31 39 93 25 31 87 4 57 30 67 1 29 83 24 38 66 38 50 19 91 78 15 17 100 36 82 61 68 36 60 99 18 50 43 43 80 29 46 36 10 12 37 39 46 12 76 11 49 25 82 92 2 48 60 
109
83 41 66 3 28 25 53 98 74 95 40 53 76 37 40 85 100 28 75 97 40 50 60 40 26 41 83 79 88 42 32 23 35 97 25 14 73 77 11 98 23 50 2 98 38 41 35 89 69 9 86 60 11 45 99 88 85 82 67 24 75 50 46 61 98 22 75 22 50 85 19 73 87 20 22 24 60 8 65 80 69 50 39 79 46 90 66 82 23 84 5 97 85 3 58 82 76 32 3 26 68 73 50 54 92 23 30 52 83 
85
83 51 43 22 29 40 11 46 21 33 82 25 81 66 79 90 100 55 73 54 32 41 27 33 94 18 7 23 21 89 68 4 39 62 77 19 1 39 65 21 23 46 98 55 63 76 45 62 82 17 68 13 9 94 97 55 11 4 29 84 92 97 87 31 58 15 49 59 53 65 31 75 62 28 29 25 4 25 38 85 94 5 50 2 98 
103
56 61 1 37 44 93 33 82 23 42 96 23 52 100 88 83 26 49 10 54 25 65 31 15 2 24 19 3 77 69 100 85 29 1 21 24 93 5 57 67 46 52 89 50 51 28 32 28 29 93 81 5 10 63 19 11 86 38 65 63 58 64 47 38 64 19 61 56 23 17 74 20 20 63 69 22 42 52 49 70 97 81 75 6 44 93 68 81 82 32 43 39 47 41 76 11 11 88 18 33 56 92 5 
78
6 73 96 99 77 96 21 73 77 95 30 72 39 49 52 73 32 47 63 78 87 91 40 50 78 58 82 86 1 38 60 58 63 8 8 39 3 28 63 31 74 44 2 65 92 54 37 23 100 51 100 38 41 92 87 71 1 21 56 1 58 67 10 20 74 17 10 29 97 24 59 70 67 13 34 58 18 22 
96
17 73 84 6 13 75 45 35 75 65 90 27 74 9 36 46 82 4 7 62 100 31 73 70 97 85 55 7 2 77 38 70 49 21 27 13 95 71 100 69 35 41 95 61 49 82 6 31 38 64 44 37 94 16 58 91 100 13 49 53 89 86 74 89 59 1 53 53 71 52 74 58 93 68 18 41 2 75 23 39 38 67 27 32 82 85 74 34 49 74 38 89 59 12 77 17 
102
29 22 34 33 95 91 25 14 60 17 67 34 40 5 24 58 32 7 39 68 32 24 16 5 62 4 15 73 32 32 36 12 5 21 44 51 12 20 64 23 37 31 9 28 87 32 85 70 90 75 37 21 99 4 25 12 59 91 84 90 74 71 54 78 91 49 28 54 69 44 77 57 26 37 36 12 20 20 34 9 46 70 29 96 26 5 7 84 95 90 26 21 12 79 98 3 27 78 8 95 21 84 
98
46 72 38 9 91 9 42 99 55 64 79 50 89 35 57 72 82 98 97 2 10 27 51 64 54 28 71 100 48 7 3 45 78 40 54 69 49 47 19 55 10 50 4 98 84 60 22 17 10 70 70 19 97 21 82 50 48 4 49 48 10 51 92 40 43 97 8 43 44 78 97 53 27 100 3 63 12 76 31 21 45 1 91 41 21 72 42 20 75 91 67 37 93 59 76 87 7 35 
95
50 12 25 55 91 25 57 5 88 84 35 8 28 87 98 21 59 21 62 79 47 4 45 83 97 55 10 35 62 44 64 11 8 88 17 98 64 25 54 51 8 40 10 36 27 59 56 37 31 69 15 78 73 12 12 21 66 22 55 79 17 70 42 24 58 58 73 73 83 26 76 90 18 37 77 96 96 84 32 78 53 47 55 77 10 19 49 27 92 3 6 8 25 47 32 
104
4 56 6 38 82 33 80 51 70 56 46 17 40 77 94 44 75 1 20 84 19 68 63 62 22 68 69 46 14 52 79 69 8 37 59 41 69 38 91 38 93 36 54 84 64 100 79 91 100 98 26 18 17 88 31 91 55 99 36 20 51 67 41 10 3 99 50 71 88 40 61 80 27 14 16 90 13 94 80 64 44 58 33 12 45 63 2 100 62 90 19 64 56 11 73 10 9 74 32 96 65 92 28 43 
109
95 84 22 40 16 86 83 73 18 47 17 81 48 16 94 89 87 57 96 97 81 5 6 6 37 53 70 28 32 12 85 26 95 7 66 10 92 100 82 61 46 99 41 46 66 34 34 52 42 82 1 74 86 6 79 22 10 100 2 42 11 38 67 58 44 84 19 87 36 53 100 81 3 40 78 68 26 64 72 19 45 72 93 30 29 71 4 38 23 57 31 85 94 50 42 90 85 13 28 20 65 27 1 67 67 30 86 44 93 
98
62 89 80 54 19 60 77 74 50 99 30 80 35 75 81 77 64 66 41 92 85 5 18 37 23 36 67 60 79 11 69 93 100 100 98 70 60 26 43 9 76 24 88 11 98 69 39 62 86 79 5 70 83 22 7 57 10 73 68 40 35 36 32 34 36 82 3 95 7 97 55 83 72 42 93 70 62 31 83 47 9 87 69 43 60 75 51 21 99 18 61 33 6 44 19 93 25 21 
98
32 70 93 66 41 86 10 62 100 40 44 46 100 82 66 94 94 40 96 14 90 65 26 23 22 22 41 14 46 13 52 29 82 44 94 75 82 3 36 81 94 32 78 45 13 44 90 58 83 37 24 25 2 1 47 23 22 39 37 68 3 40 96 37 36 42 11 17 96 98 97 90 29 26 86 94 69 28 3 4 64 26 28 65 27 26 40 48 16 28 67 18 67 15 6 54 8 16 
104
3 66 18 44 94 96 82 39 64 9 42 19 72 67 46 37 45 23 28 45 38 55 11 8 73 77 13 27 84 81 48 87 46 18 82 91 13 63 30 28 71 71 47 43 89 92 31 34 67 58 30 4 64 40 11 36 69 76 14 52 56 14 90 53 31 24 43 43 86 72 22 57 94 68 51 83 60 33 68 78 90 97 81 5 88 44 92 56 19 58 60 26 71 1 78 1 24 72 95 10 96 16 18 89 
95
20 23 95 52 90 72 93 38 4 97 78 47 40 85 17 97 44 94 67 97 71 67 72 43 13 33 90 29 50 78 64 69 1 58 72 42 81 64 32 84 60 9 83 52 93 99 48 89 45 15 85 15 33 56 9 46 89 98 26 90 28 89 11 80 46 82 73 78 98 4 61 9 64 95 60 57 46 8 45 90 74 81 56 6 88 65 51 28 14 76 70 41 16 32 72 
91
65 45 90 62 100 3 71 64 97 30 20 42 89 16 83 62 48 39 20 87 55 70 15 68 98 36 61 13 67 84 26 31 28 67 93 28 69 15 91 66 96 62 59 85 77 42 98 76 32 17 62 86 39 28 5 88 63 17 100 29 1 77 12 28 96 56 7 64 70 49 81 65 10 92 1 38 33 99 13 16 15 27 1 53 54 5 92 17 22 92 45 
98
20 8 1 15 63 60 31 32 8 11 49 70 2 49 7 86 99 72 1 14 98 53 18 51 58 10 19 31 53 16 4 24 23 56 91 86 15 21 69 75 83 17 44 37 18 2 74 16 73 27 81 22 79 99 25 88 60 43 70 64 58 73 87 33 81 29 18 47 1 38 21 36 55 16 72 24 18 97 39 42 23 20 64 2 70 40 41 81 82 11 44 92 35 82 24 15 11 93 
102
63 30 34 98 36 50 21 59 19 18 98 60 40 69 23 93 38 62 86 18 96 96 13 87 82 94 62 49 56 54 62 19 83 95 16 71 96 37 29 14 54 78 74 45 46 48 90 35 62 75 4 57 22 68 95 3 62 8 3 17 61 64 87 95 11 3 65 58 91 46 72 96 23 97 40 21 96 81 7 57 55 63 65 28 30 11 83 43 18 85 12 78 1 98 25 11 100 89 68 42 34 91 
87
9 87 29 29 83 9 87 91 16 49 56 43 31 66 77 73 36 62 84 13 62 82 89 24 33 78 91 75 63 82 63 23 20 91 51 54 52 90 45 19 90 52 61 20 69 90 93 4 51 28 17 64 9 5 87 94 34 77 20 49 10 82 71 82 25 74 35 76 63 31 94 52 82 6 24 51 95 16 54 97 95 22 60 4 79 46 49 
85
75 68 12 36 1 35 17 77 8 4 52 22 34 97 25 16 55 48 18 1 63 71 50 58 45 9 13 23 7 13 38 81 32 50 68 84 36 85 61 43 88 12 16 73 61 40 40 67 88 57 19 2 80 68 11 76 77 75 50 83 39 87 15 70 88 82 54 23 18 14 65 57 77 32 30 89 72 21 7 11 30 26 64 9 93 
89
84 69 1 33 3 40 71 69 61 59 3 66 81 20 31 98 77 8 29 58 48 52 78 55 62 7 80 26 67 72 52 2 93 52 86 47 43 57 68 4 15 70 69 47 89 100 44 17 59 25 74 58 76 4 12 38 62 43 63 81 67 66 34 11 17 20 9 60 28 76 15 94 45 83 40 86 34 36 2 44 60 28 2 35 83 13 24 44 8 
114
76 74 51 10 36 20 81 44 31 8 20 45 53 64 79 44 49 65 79 3 8 90 30 9 25 12 74 48 7 81 86 35 6 88 44 41 59 24 84 89 83 3 85 87 19 64 30 19 28 9 21 87 98 2 96 74 65 69 74 24 1 59 58 6 98 53 98 57 76 81 97 10 36 82 96 54 97 25 24 24 85 45 62 35 46 57 60 63 77 33 86 77 43 43 34 41 95 31 49 22 64 45 83 51 26 30 4 22 6 79 97 91 23 59 
103
21 67 36 35 44 21 20 72 63 14 6 55 60 88 3 81 51 48 15 1 25 44 56 47 49 87 95 91 9 53 67 81 72 55 15 15 75 86 86 37 99 43 92 58 31 46 90 33 93 4 86 70 99 93 16 48 79 62 38 40 67 57 72 38 11 39 52 85 24 89 73 23 32 16 80 14 62 22 98 6 25 35 75 24 28 42 23 58 56 60 49 22 16 21 59 78 59 62 62 34 50 87 56 
88
2 88 98 15 9 96 73 85 30 99 8 9 41 30 19 48 42 67 69 9 39 79 87 49 40 100 83 41 38 38 74 92 77 23 6 85 18 30 70 100 29 29 8 21 11 26 68 4 45 36 64 83 14 2 84 5 2 66 45 91 55 70 82 32 93 40 68 62 69 89 61 97 18 21 17 80 46 84 83 42 71 98 77 84 100 60 40 53 
95
85 43 31 6 77 14 98 16 82 60 36 70 72 33 39 92 1 70 38 37 4 31 7 2 7 43 1 18 82 53 46 18 95 29 24 71 42 21 38 75 32 74 97 4 58 87 95 10 57 84 46 60 67 5 13 25 47 13 43 80 17 40 98 64 68 73 86 10 45 24 84 77 49 32 32 6 19 78 67 27 14 13 38 80 17 51 4 15 15 98 46 32 38 95 47 
118
67 32 14 64 7 50 92 55 33 23 12 51 52 79 77 65 43 67 44 11 17 48 77 83 45 22 66 34 17 12 39 35 44 4 98 50 53 89 57 38 63 68 88 15 98 17 79 40 35 75 50 51 74 26 33 70 100 51 4 68 62 42 2 5 45 52 7 50 92 63 87 55 82 26 21 80 94 51 71 28 25 21 30 98 98 15 68 97 65 71 64 26 64 18 83 60 69 41 9 12 55 47 66 36 25 38 67 18 89 38 98 13 10 27 63 7 93 82 
99
57 4 71 35 67 88 17 26 8 57 87 20 11 85 37 98 9 75 17 79 15 54 76 79 15 54 41 73 47 74 28 55 77 51 89 43 38 5 21 46 13 7 17 75 91 53 73 52 79 89 30 45 94 57 24 60 62 16 32 60 90 12 15 66 62 3 9 51 60 81 96 24 39 64 99 81 69 71 32 99 11 13 44 56 69 67 15 83 82 46 42 71 9 56 37 22 11 97 73 
111
29 20 45 67 84 43 47 52 65 31 50 27 43 45 82 64 11 96 46 45 94 39 15 54 95 3 76 5 51 48 26 31 67 22 97 2 65 96 5 29 78 7 56 20 51 89 35 14 85 32 58 30 71 24 83 17 27 58 73 29 57 50 60 76 71 8 29 35 3 34 16 80 40 23 52 42 11 38 55 47 22 12 76 92 36 11 60 14 20 32 94 77 81 53 4 3 61 32 38 15 65 5 47 56 79 50 98 41 87 4 88 
95
16 15 51 3 25 10 16 97 41 61 73 73 14 28 76 26 59 65 92 76 21 38 31 99 87 80 39 26 84 78 33 51 45 36 53 69 45 20 17 38 80 41 62 45 68 37 22 79 53 66 54 73 55 36 23 94 68 14 19 3 91 3 53 35 38 57 56 83 28 72 72 59 13 33 56 32 22 77 10 26 94 63 99 49 51 73 42 18 86 60 20 29 14 24 15 
84
80 70 86 59 94 9 17 58 41 72 89 14 1 51 40 94 65 90 42 15 62 83 84 100 94 55 28 60 78 42 63 9 64 48 67 9 8 84 18 48 7 6 62 7 8 53 1 73 42 42 39 3 77 75 2 22 29 81 81 59 75 43 19 90 42 86 98 49 21 15 49 27 72 62 86 32 14 86 4 55 79 94 9 7 
92
63 29 97 43 9 55 69 4 25 58 45 10 7 46 82 73 46 61 97 7 46 28 20 83 83 26 61 76 34 20 44 96 48 92 91 8 98 59 11 22 69 8 84 75 5 65 100 50 25 96 56 22 75 27 56 9 4 69 84 37 88 79 85 35 70 27 94 19 85 5 41 5 64 24 32 68 88 31 69 65 78 76 38 4 2 94 12 57 62 95 45 49 
101
29 35 95 7 28 14 44 84 6 48 47 29 79 66 68 61 86 84 38 61 74 93 14 67 4 70 80 51 15 28 76 95 14 22 2 41 87 45 25 92 44 23 72 23 41 40 35 78 75 73 39 48 65 52 66 21 74 45 71 88 24 46 34 37 19 35 30 6 31 6 49 75 80 21 49 72 12 83 50 86 7 88 86 24 91 3 44 64 48 66 3 23 63 37 12 81 23 41 86 54 98 
92
28 77 7 28 49 18 10 50 55 17 89 92 40 79 95 35 95 94 100 97 16 62 85 27 94 8 19 80 61 16 18 40 93 24 67 93 93 28 42 47 96 82 91 35 60 85 21 6 78 20 3 93 33 87 72 27 46 90 58 6 6 75 97 50 50 15 94 42 43 87 40 38 68 30 25 79 66 45 85 43 17 39 88 1 77 11 27 23 100 36 80 57 
104
77 58 59 91 51 52 85 89 92 23 56 21 99 87 87 43 71 81 11 9 20 12 37 30 90 59 30 26 39 38 87 67 48 46 9 50 97 94 39 40 68 46 61 66 32 99 60 2 31 23 62 51 34 99 80 75 9 61 100 99 51 87 65 98 84 74 47 32 19 85 72 86 31 84 3 14 34 14 16 64 36 29 66 69 79 46 96 88 58 95 86 8 33 51 5 16 76 4 100 46 40 23 83 70 
108
85 36 91 50 3 6 86 31 72 6 10 69 1 97 26 96 34 86 80 84 42 48 11 45 47 56 85 69 90 6 78 26 41 68 76 43 25 61 26 96 66 35 16 67 83 42 14 16 27 93 52 20 40 62 65 38 70 49 58 11 6 35 37 47 2 12 41 27 24 66 74 89 52 90 7 34 83 20 2 61 65 53 80 56 66 96 94 35 96 51 98 2 86 34 100 39 97 40 17 20 58 43 8 9 32 67 95 66 
117
96 26 2 48 57 10 65 53 3 52 48 5 49 49 90 82 100 81 78 40 97 97 49 39 56 9 22 74 55 87 12 50 64 65 49 21 74 14 73 76 65 72 81 13 21 22 46 20 2 75 11 51 23 11 89 78 20 63 52 26 1 15 76 65 79 76 37 53 41 9 80 57 80 12 21 52 34 66 24 87 40 86 37 62 97 78 92 68 40 95 93 40 9 20 56 87 96 92 91 88 52 71 45 84 82 65 35 67 31 10 54 22 96 42 36 44 19 
96
11 10 73 55 2 81 75 57 19 22 49 10 9 100 32 53 83 65 70 70 32 52 31 37 73 26 30 8 69 49 86 31 10 58 86 11 90 60 68 9 33 68 70 41 67 1 46 2 65 15 23 48 66 53 36 90 31 66 50 99 14 87 82 75 45 67 86 86 78 5 94 10 72 63 2 90 15 99 43 80 13 65 79 30 70 15 20 100 80 21 50 45 7 31 19 3 
83
56 89 78 60 34 39 31 97 41 73 11 39 15 42 4 32 73 85 1 87 56 100 18 76 1 62 83 32 32 37 32 88 25 10 99 59 48 82 7 40 54 69 31 20 63 86 51 35 70 3 21 26 54 90 1 55 51 35 86 34 72 17 73 48 78 72 6 26 5 64 17 10 33 47 29 47 84 32 81 54 34 53 31 
86
42 83 42 44 70 79 77 41 47 2 88 25 25 46 2 29 9 18 38 93 17 18 39 100 49 71 5 35 23 87 22 64 70 15 7 39 93 36 31 39 89 18 15 13 15 16 93 76 86 82 20 2 99 11 53 100 81 10 34 4 96 7 19 65 21 78 55 65 65 85 3 53 55 18 65 21 85 9 96 70 90 16 23 40 78 76 
109
58 37 24 61 32 82 80 49 54 57 3 18 21 40 73 25 94 42 41 14 26 49 62 48 90 29 70 29 6 97 20 63 33 95 24 17 29 55 65 82 63 19 52 35 58 24 59 51 17 51 17 94 99 78 41 88 6 11 68 11 59 39 25 92 86 48 8 14 54 24 47 68 42 98 54 100 73 64 2 41 14 18 35 12 95 27 51 52 89 71 14 48 9 39 39 46 38 98 59 92 21 58 11 62 7 65 13 32 28 
92
72 42 84 58 5 79 85 56 82 73 26 96 20 86 34 10 32 23 59 42 14 79 99 77 93 58 41 57 89 20 71 60 61 55 18 18 85 54 25 18 26 50 13 98 87 98 59 70 21 18 12 86 48 62 62 92 19 54 49 59 74 71 19 86 25 88 3 61 41 27 79 18 28 43 15 67 93 26 36 65 43 99 50 42 61 64 34 31 69 82 90 42 
97
60 80 29 99 34 41 39 13 71 8 40 66 75 58 58 100 94 22 42 44 23 83 4 86 68 87 55 1 28 48 53 87 79 33 85 13 25 75 25 96 82 16 13 8 74 70 7 19 43 48 14 65 83 70 51 2 56 57 3 83 56 55 69 35 39 5 47 15 31 23 62 12 38 74 20 63 43 78 33 37 78 47 2 60 16 4 61 23 60 15 5 67 21 25 1 59 81 
84
26 11 69 87 74 59 61 45 73 55 23 6 92 100 4 93 11 71 48 23 93 59 38 97 25 58 73 26 69 53 24 94 15 93 80 88 3 92 33 75 47 7 32 38 6 35 82 68 5 29 90 49 87 79 97 11 37 69 36 57 73 60 50 87 4 81 75 58 73 59 32 19 65 16 56 22 2 89 89 59 17 78 7 3 
97
4 13 45 24 1 1 97 12 2 35 15 82 61 24 54 19 55 24 35 22 31 56 24 19 44 34 35 74 40 89 34 95 54 78 19 54 30 15 17 83 1 31 64 62 6 70 32 12 93 67 34 24 74 9 94 70 42 29 95 33 17 28 28 70 57 46 75 86 12 91 68 64 73 83 25 78 4 57 90 49 75 23 72 48 83 17 17 24 45 11 8 14 90 35 83 46 32 
99
31 95 100 50 59 25 85 83 2 88 91 91 36 65 65 59 65 99 76 81 74 72 44 82 85 33 16 20 31 100 29 13 94 80 63 4 4 99 87 58 38 29 100 26 94 65 84 58 15 11 90 89 35 85 70 19 70 37 90 100 36 18 12 82 50 26 85 53 24 23 10 14 52 10 39 97 26 74 6 92 85 95 80 71 32 49 89 1 86 31 100 73 100 63 54 49 89 91 54 
110
13 15 77 16 76 67 12 53 41 17 45 77 64 24 47 95 25 87 95 10 17 46 34 17 8 40 17 48 30 70 12 42 85 40 58 60 7 21 13 47 38 57 75 1 32 21 47 56 59 93 17 76 38 51 44 97 90 60 45 19 30 8 12 66 47 21 25 5 42 89 3 31 97 77 83 29 49 29 84 8 21 1 83 58 3 78 54 92 37 50 62 66 57 25 83 4 46 8 60 87 48 63 17 45 39 99 25 88 79 8 
89
99 60 81 8 62 58 13 5 94 63 66 12 19 91 94 74 88 53 34 74 1 48 42 97 86 92 21 25 70 80 23 20 40 3 79 53 60 91 58 6 5 23 17 76 65 62 1 52 15 34 77 67 81 18 15 19 61 35 95 82 66 18 1 5 72 79 58 32 22 15 89 26 89 57 53 54 18 54 5 84 39 34 2 72 51 16 90 12 2 
86
93 68 5 46 72 77 76 81 60 97 47 100 75 36 56 27 41 25 80 97 9 19 30 62 42 33 78 83 96 79 18 40 98 75 85 22 3 61 2 62 9 1 13 83 88 68 62 28 92 93 24 52 63 6 14 4 38 91 86 33 21 4 72 19 30 9 40 32 21 93 45 29 93 57 64 80 24 25 59 15 17 35 19 80 40 32 
96
29 22 21 13 94 76 84 12 5 44 3 36 64 96 32 45 40 88 60 72 11 84 30 77 52 64 95 83 55 78 18 83 99 90 95 45 65 31 56 69 26 11 56 42 58 87 86 97 74 45 20 36 80 50 64 83 65 11 66 72 88 35 6 39 24 1 83 40 83 90 60 60 100 15 1 57 53 38 6 78 82 77 65 13 78 28 96 95 90 13 66 30 99 71 68 74 
108
2 13 57 91 72 17 43 38 17 51 90 55 8 67 88 85 83 53 62 62 100 8 52 64 73 81 62 96 100 35 18 53 99 27 95 70 43 37 59 11 40 48 17 99 66 57 83 48 9 97 9 60 4 12 23 29 44 84 24 43 70 93 47 20 19 42 41 13 30 99 76 69 46 92 68 63 100 2 10 8 50 70 67 6 82 41 34 25 76 57 20 45 1 66 16 72 7 56 36 89 54 11 57 51 55 76 13 54 
110
22 14 79 92 32 84 25 73 17 49 48 25 68 45 78 86 60 49 44 68 84 32 21 47 41 72 1 68 84 6 97 58 19 76 1 51 11 25 75 80 73 22 56 93 18 33 78 30 33 21 97 17 5 17 15 45 40 15 12 24 20 61 33 91 36 33 41 98 57 15 77 81 88 33 73 58 17 2 87 50 23 83 18 79 51 32 23 91 98 86 66 17 46 98 7 33 30 99 31 86 65 59 66 5 43 91 62 60 92 48 
98
66 82 78 44 32 9 18 74 58 4 39 74 49 36 33 82 65 83 64 2 100 22 20 4 65 10 65 76 53 64 36 71 97 65 14 28 25 32 54 82 35 92 55 35 28 39 16 44 74 31 46 73 53 17 76 69 26 92 44 30 7 31 100 3 95 66 82 19 97 35 100 83 27 6 17 6 97 85 49 70 15 46 42 19 62 69 87 39 60 82 69 18 12 20 20 58 85 53 
115
81 88 27 15 66 85 84 71 81 20 71 2 86 17 95 5 30 63 43 69 74 25 89 91 88 8 10 98 93 62 25 25 1 52 40 66 88 75 88 20 94 11 21 31 27 15 35 56 77 30 76 50 6 64 92 45 72 1 42 16 14 67 92 67 70 83 84 9 57 24 28 2 34 48 33 12 14 19 67 90 100 95 91 5 58 82 50 81 34 43 48 99 61 40 17 82 22 1 90 31 24 17 32 9 16 16 20 29 35 38 70 34 32 12 91 
90
93 92 74 78 34 22 29 95 13 45 76 34 45 18 16 20 34 48 28 2 63 99 30 49 37 100 35 68 11 25 61 56 16 35 85 1 8 13 95 20 58 23 5 54 40 21 74 25 20 53 26 82 52 56 83 88 7 17 7 69 93 68 76 8 54 61 8 61 73 55 32 30 29 88 36 20 8 9 44 27 13 70 61 64 77 95 3 35 11 10 
111
3 29 31 62 82 91 21 94 15 27 25 97 55 12 32 26 72 92 70 50 4 91 62 20 19 56 22 53 18 83 7 72 11 89 85 44 31 6 89 46 84 65 94 91 29 25 16 100 68 85 1 71 27 63 90 45 70 64 49 88 46 56 11 57 96 96 52 27 53 41 24 36 5 17 26 33 93 94 84 60 30 85 82 57 99 24 1 68 87 2 7 32 9 18 40 4 13 44 30 65 84 53 100 40 21 78 25 13 71 8 24 
91
44 6 8 42 29 61 62 67 62 20 50 70 37 90 73 49 33 55 65 68 7 17 7 28 46 31 92 68 91 16 67 86 73 27 80 1 87 41 19 48 60 68 17 49 9 41 49 41 95 14 60 54 82 19 33 27 1 24 94 91 91 12 77 63 38 8 15 76 48 33 23 59 1 91 7 61 84 56 54 78 21 13 83 2 31 15 28 84 91 73 74 
106
84 2 44 74 9 10 49 8 43 24 19 95 14 25 55 49 32 8 27 52 73 61 53 55 76 32 38 18 56 64 50 92 17 45 65 78 55 65 85 97 40 3 43 54 80 49 2 11 9 80 15 81 41 19 35 68 3 25 37 58 88 86 49 4 31 65 81 85 82 18 33 21 72 27 26 51 75 80 14 83 59 80 15 51 98 2 70 100 26 6 58 13 44 58 16 74 23 49 10 56 66 94 76 89 20 2 
86
46 81 57 29 91 36 95 94 33 96 63 33 21 21 42 33 64 99 1 89 73 1 50 28 18 43 56 6 62 57 97 7 89 53 87 79 88 82 24 73 29 87 5 50 59 98 34 74 48 86 62 21 86 11 100 3 53 55 61 66 63 9 24 51 62 63 82 1 96 5 25 24 43 81 25 1 78 11 74 26 96 87 98 34 49 97 
93
53 4 48 18 66 57 94 17 70 56 50 22 3 54 47 26 97 27 3 49 5 13 23 82 60 61 79 93 10 27 81 62 30 80 32 48 88 25 16 57 32 65 31 34 70 77 11 66 55 13 15 59 25 89 92 85 1 22 29 10 49 61 24 30 41 55 29 28 31 44 37 62 60 67 95 30 95 5 47 49 18 61 60 94 1 51 30 54 73 59 63 73 19 
107
2 11 92 31 39 22 26 27 83 86 93 29 15 39 86 61 87 55 74 46 48 26 97 30 79 21 88 94 93 6 31 46 69 75 28 7 96 6 85 31 91 29 59 57 67 96 69 53 50 42 99 50 20 47 79 98 19 66 43 63 23 74 8 91 48 88 49 95 93 33 25 35 13 36 91 79 83 59 84 33 53 82 34 72 80 12 21 50 29 16 12 51 89 71 94 88 10 94 34 2 79 11 88 91 98 30 22 
100
41 5 64 93 38 97 16 17 8 88 66 36 3 29 39 43 99 84 82 9 77 16 62 7 26 2 98 75 31 19 54 71 23 18 15 60 14 30 28 74 70 45 9 72 73 99 15 23 82 96 83 11 63 45 17 40 98 66 14 28 84 20 51 58 37 65 69 2 47 48 75 16 92 36 39 16 34 53 91 16 1 73 26 15 69 94 55 66 60 20 94 43 39 44 53 27 60 21 29 58 
88
55 73 12 90 64 80 24 68 70 91 20 42 16 35 11 9 41 28 20 60 21 15 51 16 67 77 28 39 57 85 59 12 10 71 1 73 2 24 40 71 14 60 64 81 46 74 42 86 54 61 97 26 75 99 42 93 76 21 84 84 57 42 95 66 64 48 90 65 23 82 35 89 93 99 69 38 24 62 75 77 75 23 3 1 22 96 94 49 
97
29 32 24 70 79 42 34 26 31 50 100 64 37 88 56 87 57 45 62 70 71 39 44 94 93 97 67 40 42 15 59 70 98 82 39 76 23 24 53 6 74 53 69 62 92 25 48 100 69 9 70 92 99 65 85 43 61 51 34 2 17 92 71 14 74 10 42 48 85 46 53 10 50 22 71 42 46 18 41 66 27 10 57 25 27 93 20 87 43 53 89 59 45 11 25 18 72 
97
65 57 63 70 66 13 91 37 54 36 6 46 53 32 56 62 9 34 54 28 20 49 80 60 59 76 71 83 45 94 100 62 50 63 31 68 75 21 56 80 8 61 25 60 93 32 21 53 65 27 32 37 75 63 96 85 39 18 68 83 12 19 44 13 81 26 80 7 46 35 38 53 96 63 65 40 46 37 44 11 63 75 99 89 89 94 74 27 64 41 62 27 11 57 39 44 83 
127
2 28 5 40 33 52 54 97 43 99 33 86 61 48 12 59 36 1 5 9 79 20 1 40 46 12 49 36 55 31 6 56 10 11 47 42 14 100 38 57 51 23 42 11 70 6 22 5 6 26 66 84 45 66 76 42 77 24 77 83 6 83 39 15 45 37 57 58 37 46 14 87 20 8 49 41 13 70 98 70 47 63 5 43 28 80 36 57 55 13 39 12 95 29 27 91 66 35 100 54 32 14 92 4 73 40 44 37 62 41 6 60 3 62 55 83 94 90 39 48 2 77 60 48 58 38 38 
97
72 38 28 55 3 19 58 27 58 2 15 71 94 20 31 97 33 85 79 26 74 69 26 28 45 85 75 54 74 65 28 45 54 55 51 8 73 9 34 83 62 48 53 55 19 35 3 51 71 81 77 97 49 2 24 46 38 50 51 11 66 79 7 19 33 9 26 6 17 11 40 30 58 44 85 28 79 87 31 1 20 59 49 20 12 24 17 1 74 68 11 91 46 69 10 30 29 
106
87 46 98 26 75 7 70 11 87 100 98 17 52 69 75 1 88 86 24 5 86 97 24 48 40 69 68 49 50 96 87 37 93 84 62 20 43 83 30 29 34 79 45 86 47 71 86 87 8 9 91 45 58 66 44 97 86 63 97 35 58 83 71 3 19 85 74 13 19 55 41 53 34 37 38 32 59 75 18 66 83 60 62 92 25 5 88 10 67 36 97 76 71 67 30 89 3 3 53 22 58 45 74 43 81 63 
87
91 37 44 8 71 55 69 63 32 25 2 93 43 38 89 18 8 8 100 48 10 2 100 31 59 44 56 1 76 18 27 18 6 22 25 77 76 45 39 7 69 40 52 11 29 40 80 88 47 79 35 57 33 86 39 43 81 47 96 8 16 22 25 22 43 1 98 70 45 88 77 13 27 80 75 8 19 7 95 18 85 82 26 69 19 64 12 
94
62 7 59 78 28 36 99 22 36 48 91 81 35 19 93 13 98 20 20 69 26 15 86 62 48 11 31 66 26 42 65 88 48 76 17 27 11 15 100 46 14 90 26 48 61 71 60 10 90 32 78 67 98 15 28 45 25 58 10 3 51 27 42 50 2 58 76 12 24 75 57 37 17 35 84 29 57 95 38 98 26 16 64 75 82 43 19 59 1 29 61 3 55 54 
131
56 63 28 19 86 55 27 74 23 61 57 51 17 3 88 66 81 55 29 55 37 72 74 95 24 54 7 26 8 60 30 63 74 58 81 59 64 7 32 38 20 40 40 88 94 79 54 74 34 34 81 22 57 6 68 32 59 26 58 66 37 87 80 10 96 12 20 11 70 51 100 89 42 39 29 35 18 82 61 3 67 93 76 24 98 43 55 8 20 64 73 56 3 4 17 50 15 36 61 84 86 60 25 79 51 53 13 68 86 73 70 52 65 45 27 14 39 82 21 58 97 45 65 99 48 81 49 14 68 61 50 
98
72 74 83 22 78 95 89 63 20 10 14 36 54 93 50 92 26 70 1 22 15 17 73 14 97 73 28 16 33 29 20 56 2 2 30 31 97 18 93 68 80 58 3 33 50 52 77 75 74 29 49 88 46 21 53 94 45 32 10 29 60 29 84 13 83 13 43 79 83 35 46 14 45 48 98 94 52 26 21 25 55 21 64 52 93 16 45 37 100 6 65 59 87 100 72 69 65 66 
108
99 1 96 12 97 95 9 42 46 35 62 22 41 34 85 92 26 53 88 14 52 46 78 10 32 30 33 52 94 99 50 44 51 45 55 47 39 15 40 37 1 54 58 41 87 43 84 13 95 72 26 98 69 56 7 100 37 92 51 82 90 52 25 92 48 31 90 38 45 29 74 46 82 32 38 21 26 22 33 72 45 10 69 13 17 27 64 53 18 66 34 59 17 10 2 64 40 91 1 37 72 27 34 5 10 71 25 87 
100
9 58 88 71 78 100 87 4 15 92 74 80 77 84 48 39 86 11 78 28 64 14 51 90 47 56 51 70 80 37 13 89 46 1 59 23 52 97 78 67 40 3 98 69 87 46 7 24 8 84 3 71 50 54 12 48 9 14 17 40 50 30 28 95 82 38 17 85 87 47 3 26 49 1 94 35 46 100 10 5 36 13 76 85 66 39 84 26 53 1 65 2 82 45 49 15 82 65 99 68 
100
2 46 12 54 39 98 51 91 8 55 26 72 82 62 37 21 45 14 25 45 78 78 78 22 26 92 56 43 91 23 5 44 68 68 97 59 66 99 49 25 53 26 96 35 87 84 7 31 97 31 28 26 8 5 48 86 97 3 28 39 77 84 82 97 52 30 55 69 28 55 93 32 80 40 66 66 23 24 48 71 54 75 96 14 32 95 99 80 97 78 18 26 61 51 22 64 32 28 32 11 
95
76 42 13 15 60 30 89 83 77 59 89 4 7 54 35 1 4 66 50 81 83 27 93 85 48 9 68 27 40 78 60 16 71 72 82 30 1 71 65 29 81 5 32 87 58 18 40 61 83 41 93 17 67 37 53 66 97 20 44 37 97 3 4 20 74 85 49 26 7 65 54 88 69 86 26 26 55 17 38 38 9 82 6 75 71 11 92 67 30 35 55 79 89 58 98 
117
95 98 87 53 63 41 40 31 78 18 9 32 34 98 21 43 32 79 69 2 89 13 20 18 99 75 48 88 84 45 1 30 43 88 83 57 80 74 39 9 91 99 40 25 49 13 19 80 91 87 33 79 99 52 48 98 26 96 37 62 92 37 91 86 76 25 94 55 99 33 15 89 31 7 65 79 19 83 10 61 70 42 91 20 94 38 69 71 85 5 84 77 42 75 14 17 99 8 24 49 92 38 38 22 44 2 53 14 85 14 74 6 56 64 25 1 54 
96
23 38 98 7 66 39 81 32 8 31 39 31 80 30 20 69 3 16 70 7 29 6 21 55 11 28 70 36 80 23 29 2 13 78 8 78 69 40 9 76 23 99 58 2 80 29 70 35 44 91 93 25 97 65 31 7 92 100 94 23 23 74 25 87 52 32 64 20 24 25 95 46 75 4 99 7 32 20 41 76 10 85 52 58 50 82 17 93 81 10 16 55 84 40 93 35 
107
57 54 46 33 100 43 59 3 41 65 34 60 57 61 22 42 12 79 91 45 95 35 78 57 50 84 40 41 77 26 16 85 31 13 17 30 56 27 84 96 92 69 8 48 82 29 41 45 59 31 90 54 18 19 10 67 2 1 60 78 26 75 14 56 39 82 37 94 9 72 42 100 92 49 99 73 29 40 18 87 22 59 92 39 77 1 58 30 53 69 60 30 95 73 37 33 55 25 79 63 96 20 14 88 20 64 12 
89
3 81 86 77 39 78 67 67 30 24 97 35 44 56 64 38 28 1 71 34 25 49 96 73 20 61 60 39 25 23 38 79 4 75 55 42 52 74 9 34 49 5 68 93 12 31 30 39 83 52 73 8 100 20 80 71 81 91 61 57 13 98 35 16 25 42 10 28 15 70 61 63 74 80 55 37 11 37 27 45 88 99 52 40 71 83 10 3 73 
97
59 86 72 45 53 96 86 62 24 52 31 36 15 56 16 21 44 78 57 71 22 97 21 74 36 91 56 97 45 81 19 3 66 91 48 70 86 85 84 61 37 66 97 3 74 12 23 17 89 80 87 10 76 8 35 63 50 91 59 95 71 30 49 88 20 48 9 57 33 92 18 21 10 14 23 83 25 45 51 65 76 38 74 3 97 9 65 98 51 76 44 73 5 93 12 76 92 
93
32 24 64 1 96 73 14 18 7 90 15 57 54 90 46 80 93 94 40 9 92 42 84 35 14 88 79 25 15 71 96 47 46 59 47 42 31 13 11 89 2 25 46 8 67 91 39 11 85 30 71 28 71 55 14 36 94 93 60 9 15 7 7 60 66 53 53 48 65 16 37 19 92 34 78 10 24 16 20 60 45 91 87 67 97 1 2 90 45 13 50 59 19 
94
70 36 61 75 84 77 90 72 95 81 5 72 43 28 39 62 40 35 4 26 53 52 26 54 94 22 66 43 80 37 51 2 72 11 76 7 87 17 78 82 97 34 5 39 14 96 53 53 82 8 78 35 60 56 40 53 77 58 47 9 94 97 10 17 7 85 24 94 1 53 27 49 87 83 40 100 30 44 52 12 3 29 98 62 36 37 66 13 94 13 21 39 9 82 
115
16 66 31 61 18 83 39 18 69 73 9 68 3 52 19 66 55 100 15 68 35 51 34 99 97 98 19 87 6 52 42 73 17 72 85 86 7 23 4 75 96 12 43 50 16 13 67 22 12 81 89 99 83 74 97 31 71 68 18 29 19 11 1 88 35 86 73 41 60 28 15 7 92 9 8 59 22 74 80 85 54 20 83 89 46 32 19 68 99 36 96 69 99 49 56 33 86 81 25 45 60 91 4 51 100 11 9 73 37 40 57 42 60 92 30 
114
23 1 24 73 88 20 93 86 68 1 70 53 81 94 49 40 85 4 43 36 15 3 8 3 43 16 44 54 7 74 10 81 74 85 5 61 56 50 99 23 50 68 27 82 14 28 73 50 31 15 85 97 18 92 99 12 7 43 17 66 68 78 98 93 62 55 5 18 4 3 92 53 23 19 34 36 98 6 85 28 73 69 25 42 12 23 53 70 17 21 87 84 98 85 76 59 39 81 28 94 83 20 46 57 90 31 44 87 36 28 66 8 48 42 
98
11 65 53 81 81 73 19 17 70 3 92 81 93 72 60 38 7 79 83 15 20 13 59 58 1 38 24 8 86 17 9 48 81 13 28 14 86 47 82 7 1 73 39 46 97 99 83 55 29 18 69 49 82 27 6 82 65 81 42 2 50 50 49 82 62 29 95 99 27 76 58 79 1 96 76 97 94 11 3 23 28 71 23 9 50 80 43 66 13 84 67 62 85 67 43 98 47 38 
113
73 65 6 52 17 1 27 65 47 37 67 69 16 38 91 77 39 70 19 4 82 54 22 43 38 40 86 87 87 75 35 59 91 40 62 8 41 41 72 87 29 91 7 45 28 49 21 18 70 91 73 4 44 94 46 33 85 83 19 71 9 54 82 52 93 43 11 85 35 34 23 64 24 81 60 3 29 80 20 99 22 92 2 17 37 99 49 22 34 67 92 94 72 25 45 17 68 7 1 54 41 76 17 16 56 76 19 85 7 90 35 80 82 
116
96 70 86 44 91 19 63 35 13 86 11 9 2 30 16 55 84 8 30 100 23 85 28 93 21 34 83 55 14 16 42 61 85 28 5 28 98 19 14 62 4 24 71 6 54 38 60 37 97 41 88 19 77 15 64 98 1 46 4 66 13 46 26 97 25 82 76 22 100 41 84 56 17 6 13 22 95 24 10 91 64 97 61 40 64 24 37 16 69 93 81 81 38 58 30 14 40 57 35 91 98 70 46 14 27 58 35 21 33 96 63 96 92 24 36 7 
115
24 22 16 68 54 48 5 12 29 70 3 86 5 93 35 26 91 100 5 100 86 77 33 81 40 28 72 15 15 31 61 91 4 28 58 58 28 15 21 56 84 23 41 40 67 75 18 57 26 74 9 11 50 41 91 41 20 15 55 87 45 16 77 48 95 86 57 22 52 77 78 88 51 18 27 18 45 96 26 22 69 34 33 19 26 23 11 46 89 66 84 85 81 60 85 75 97 41 97 1 70 26 88 20 95 14 89 91 10 67 13 30 52 45 100 
90
19 11 75 8 76 58 44 8 69 28 34 17 69 30 17 38 7 4 9 2 70 98 92 79 16 4 60 67 100 60 44 19 70 70 78 45 27 21 52 47 49 85 64 69 67 80 6 25 36 66 26 5 15 18 35 30 73 94 97 73 53 92 91 74 62 20 18 40 40 21 87 88 58 2 56 76 33 13 100 68 31 26 72 45 95 58 27 67 52 75 
106
56 66 33 30 79 52 99 19 92 72 57 31 81 10 39 8 42 3 7 62 33 84 85 30 30 43 56 49 46 82 39 53 47 72 34 78 75 85 48 66 56 56 97 88 65 87 95 58 89 53 19 22 89 56 3 18 50 58 66 95 39 57 47 37 80 33 66 54 17 13 20 24 68 68 11 32 6 57 42 94 9 60 67 97 67 69 15 16 26 32 10 16 40 9 5 19 93 70 73 9 35 44 32 2 63 42 
89
68 50 27 61 58 38 28 55 5 96 21 20 74 4 82 41 44 42 97 14 34 19 86 94 53 81 25 54 43 18 91 62 67 17 75 24 7 54 30 11 49 2 82 74 58 15 67 53 56 15 66 41 33 4 34 85 36 10 91 31 27 33 92 93 50 66 69 56 19 50 18 20 4 99 45 61 14 63 65 21 78 30 14 10 85 47 47 21 57 
95
51 35 21 42 80 22 60 48 77 30 49 46 49 4 97 46 16 62 8 80 82 85 62 95 95 46 94 93 18 2 81 68 36 1 62 15 23 73 14 51 2 63 97 3 66 45 48 34 6 55 13 39 40 74 86 86 72 79 78 89 32 10 9 67 10 70 82 84 94 47 35 95 61 83 97 79 27 96 12 84 51 24 22 42 50 7 79 21 37 8 61 68 17 69 35 
115
90 68 62 83 14 48 78 75 30 26 5 8 22 16 91 24 39 12 65 40 71 95 60 7 2 21 75 70 41 61 47 31 80 60 13 93 7 42 19 88 68 75 95 41 90 37 64 81 1 80 20 71 74 80 29 27 52 55 96 92 15 94 22 94 6 87 39 12 28 9 52 47 84 98 87 73 35 2 53 87 81 73 57 54 4 37 32 7 92 27 98 6 73 72 52 78 10 90 41 89 50 44 36 33 42 74 58 28 76 62 14 8 86 22 62 
108
58 93 47 49 72 45 7 96 68 58 25 77 47 17 17 48 61 52 81 2 78 90 29 5 51 42 12 37 63 25 77 72 70 24 21 41 20 27 88 87 36 12 15 34 28 31 81 88 35 61 41 64 2 69 68 53 62 79 41 76 56 17 48 25 40 20 17 11 46 4 49 81 15 63 14 42 46 46 82 32 7 22 95 60 43 14 12 4 92 52 80 99 21 79 23 12 98 39 23 95 42 71 27 8 86 92 2 83 
96
83 14 95 56 8 55 98 73 66 2 64 70 33 15 42 11 37 53 8 76 27 54 69 98 80 77 35 71 78 17 7 12 30 2 67 89 56 65 61 73 18 76 94 50 90 35 60 27 40 19 54 66 72 74 15 3 50 49 73 79 65 31 42 46 84 9 34 39 25 46 64 42 74 9 91 63 96 2 41 35 72 46 52 95 20 67 97 21 15 21 52 32 51 93 77 35 
89
63 25 77 60 40 18 33 1 8 48 96 61 40 82 32 86 33 26 57 99 74 29 14 94 80 97 97 25 73 31 77 87 7 6 47 47 23 79 47 83 78 94 43 18 75 27 55 7 4 11 6 78 91 71 23 71 67 71 47 91 1 75 78 60 80 76 58 3 6 56 37 84 49 31 1 23 57 55 81 61 17 86 90 7 8 64 29 26 35 
103
17 87 50 46 46 29 21 55 83 26 10 19 61 10 50 61 32 58 67 65 70 83 50 11 90 10 75 18 35 61 93 3 47 94 100 45 74 72 51 9 50 61 27 10 70 28 71 54 38 37 18 7 72 19 18 61 80 44 30 67 4 74 69 2 67 21 98 93 92 49 1 93 9 79 3 30 59 25 35 96 13 52 54 36 23 71 96 2 66 26 68 69 51 89 23 18 9 20 10 52 68 62 97 
89
40 51 10 98 27 44 45 39 48 99 27 70 21 22 23 87 99 91 7 50 79 29 19 39 1 80 42 68 41 38 48 32 40 57 30 66 52 74 57 99 24 83 68 45 56 91 31 55 33 37 56 63 18 74 53 18 5 94 37 45 84 84 76 75 92 57 41 44 83 97 42 6 79 62 2 34 4 32 40 88 21 47 50 38 20 2 55 24 47 
101
20 82 27 48 57 18 56 97 13 90 45 7 48 75 20 49 60 23 81 52 62 1 98 11 90 18 64 44 93 62 86 65 44 64 64 52 82 19 100 46 9 44 52 56 70 23 56 29 97 36 80 58 88 78 68 77 47 83 72 91 45 58 55 88 21 70 39 54 41 38 52 49 33 55 56 2 78 11 82 74 99 62 32 86 91 51 15 89 34 86 79 78 95 86 65 68 55 55 73 95 44 
99
95 28 31 2 29 8 65 62 33 15 23 64 52 65 15 66 53 100 4 84 77 98 21 93 65 27 47 90 74 42 65 20 69 95 74 49 54 38 10 87 4 33 2 55 49 16 21 54 67 24 89 43 73 9 35 90 87 33 79 60 74 43 80 42 90 53 90 43 42 100 29 45 84 31 99 84 98 71 37 65 94 77 59 67 85 94 56 72 26 86 83 52 80 14 45 69 66 35 12 
93
86 92 55 21 74 6 4 24 76 93 40 22 69 98 40 6 43 47 29 21 32 11 72 63 77 16 32 94 2 95 53 39 38 59 59 64 64 63 87 40 7 78 13 27 27 52 84 22 50 12 42 81 75 65 95 51 32 26 44 34 72 48 24 10 7 83 73 70 97 11 61 3 40 73 81 18 76 65 39 25 76 32 57 2 96 52 4 80 29 48 65 1 47 
103
62 53 70 34 75 66 96 35 20 87 60 53 4 87 17 43 64 44 26 20 46 22 23 49 53 52 48 17 4 95 4 65 99 74 50 73 91 97 60 63 83 19 15 38 57 31 32 20 26 58 92 23 31 14 72 83 17 71 99 20 17 54 36 16 79 85 88 70 81 47 84 15 17 98 53 74 80 84 45 57 93 36 80 23 50 51 57 18 73 55 38 90 61 25 5 39 10 44 60 42 43 43 9 
113
92 13 84 23 48 29 80 41 64 59 63 65 61 72 83 33 26 72 74 86 96 78 77 5 74 36 99 16 79 7 74 22 71 10 45 18 38 24 58 53 82 73 18 42 44 100 26 21 71 100 59 66 29 35 23 2 70 21 17 100 79 43 22 49 52 66 66 89 41 76 41 22 48 10 15 43 9 40 63 79 39 73 97 20 7 19 21 29 91 38 80 21 32 1 21 83 18 38 23 10 13 15 31 12 25 97 54 33 89 69 64 79 41 
93
98 100 82 19 28 72 8 59 44 39 60 64 21 29 1 95 39 66 9 21 77 33 18 31 18 6 51 33 36 43 44 34 42 25 52 21 48 11 80 91 49 91 6 21 19 6 15 9 71 23 82 100 8 51 82 25 8 32 9 43 74 52 76 16 76 27 88 75 89 67 65 37 57 22 57 28 79 23 88 2 98 69 1 57 71 82 33 78 13 41 21 38 92 
99
5 19 75 93 93 63 11 9 52 20 30 60 99 8 83 86 9 80 7 9 36 77 42 20 7 6 60 27 44 51 74 100 69 48 44 13 63 55 21 14 74 50 73 24 9 55 61 70 86 19 30 73 96 72 92 2 77 51 80 72 53 53 24 73 53 67 85 15 73 5 28 98 6 52 21 67 59 82 36 96 100 65 21 47 36 64 100 65 15 79 88 19 84 63 92 36 30 28 50 
101
33 29 100 90 80 72 56 90 53 43 86 5 8 6 51 95 69 3 11 35 81 51 6 64 13 49 51 94 76 100 96 60 80 47 50 12 70 57 1 23 100 38 79 59 95 29 53 16 31 16 50 64 66 7 79 78 55 30 72 31 81 19 90 61 17 91 72 86 100 24 60 51 62 38 9 56 19 13 71 1 28 73 16 45 79 47 75 86 76 98 16 8 16 57 20 84 100 91 21 51 67 
98
1 28 22 61 83 40 25 6 93 5 78 8 49 8 54 23 93 81 20 60 41 87 69 60 22 20 3 43 70 69 27 22 96 48 34 30 40 58 35 32 62 64 91 63 24 97 37 68 29 57 28 69 95 48 29 17 67 31 11 88 99 89 61 46 36 46 75 27 3 62 58 17 25 1 31 100 97 67 68 77 75 47 46 70 94 74 38 12 56 100 51 6 88 11 51 75 8 25 
106
10 86 11 78 63 11 60 62 59 27 81 36 53 27 33 22 20 58 11 83 13 10 33 18 97 95 68 24 2 44 25 64 82 35 93 44 98 53 57 8 31 38 95 83 64 27 57 36 84 67 18 48 77 3 17 25 97 36 48 51 80 24 14 61 59 58 56 8 10 64 15 92 1 10 75 17 88 31 4 72 97 73 71 25 75 88 2 24 23 1 74 54 25 39 14 35 96 21 42 58 85 8 49 37 17 23 
105
5 5 8 28 54 81 50 30 55 89 31 78 64 84 3 17 60 41 83 94 37 3 87 46 39 94 94 76 63 69 80 19 25 88 98 78 68 47 8 74 36 90 52 99 25 54 67 84 47 49 29 35 4 67 80 42 13 25 17 27 45 49 45 70 36 94 99 3 40 58 28 27 48 79 77 24 85 44 8 83 44 88 17 99 55 48 41 19 24 9 45 69 57 41 90 44 34 88 98 25 46 26 52 45 4 
90
68 40 23 27 74 19 15 90 17 21 89 9 39 13 18 83 81 26 23 70 70 8 9 67 32 54 92 83 50 48 63 18 39 37 96 13 55 10 54 72 82 43 80 20 55 49 54 87 27 28 8 96 35 16 14 67 22 58 1 71 57 15 40 95 52 36 59 6 97 13 29 79 7 61 98 13 61 4 99 87 31 6 34 66 21 48 84 42 57 84 
88
13 99 4 59 2 39 18 59 36 82 88 14 40 100 63 52 60 66 50 47 49 7 80 66 27 79 49 21 35 84 85 99 34 40 58 35 79 27 94 66 60 33 31 99 32 45 50 91 11 51 89 11 57 21 76 35 99 76 7 86 59 43 84 93 83 93 27 13 71 72 30 30 4 60 80 87 4 81 78 66 31 18 76 39 38 3 26 37 
89
84 74 37 27 9 81 61 54 59 25 24 31 54 6 86 65 85 73 20 66 2 86 48 19 13 39 57 16 64 45 93 47 18 81 25 26 61 37 79 20 61 55 2 14 60 87 30 44 59 50 61 60 87 61 79 99 99 87 66 14 31 11 12 48 91 37 25 4 25 56 23 86 10 24 51 69 62 81 64 73 82 77 32 68 37 62 18 87 48 
88
100 30 46 63 29 36 51 54 91 76 61 13 61 70 88 63 90 50 43 5 74 76 81 5 43 69 19 13 55 18 48 6 48 45 69 76 80 19 81 71 94 41 35 6 10 75 69 51 76 63 56 49 39 88 5 33 57 23 97 63 41 96 21 40 40 41 67 72 59 48 94 5 88 28 62 50 54 30 52 29 45 59 77 35 47 82 19 55 
103
16 69 96 11 89 87 51 29 54 22 40 53 15 96 92 94 57 93 48 39 45 76 83 3 5 17 1 38 35 55 93 50 76 41 13 64 27 15 45 32 36 36 84 2 31 76 47 87 68 94 25 64 22 7 67 78 75 67 15 10 74 7 11 49 99 75 64 78 89 60 9 76 95 45 77 25 20 24 64 39 69 88 3 42 47 21 19 21 39 85 82 12 92 45 12 42 71 28 19 60 87 80 35 
116
24 64 58 43 39 21 33 59 9 35 1 7 55 19 79 46 4 13 9 47 57 21 40 79 100 59 38 86 38 25 19 61 88 77 55 78 97 87 36 5 74 36 63 28 7 42 73 62 54 34 60 62 54 99 40 53 9 30 90 98 54 9 10 93 85 64 70 33 3 5 90 76 93 52 55 51 93 80 64 98 13 23 11 18 73 51 22 34 80 11 31 85 71 41 77 55 56 46 40 10 2 29 85 46 80 40 96 25 71 59 22 83 33 33 100 58 
98
21 91 66 83 21 50 54 13 78 60 21 75 99 30 28 27 67 74 7 58 21 31 28 32 4 10 64 88 61 21 22 33 11 39 15 84 40 68 48 17 80 20 91 78 50 19 57 68 92 15 25 64 97 4 95 100 65 59 40 25 31 13 9 94 52 23 29 91 43 76 8 74 96 98 51 97 68 59 16 11 73 92 75 69 95 69 21 59 79 60 35 62 72 43 55 75 17 83 
108
11 10 25 84 57 74 87 5 42 45 20 52 18 11 26 86 57 47 58 67 77 17 1 38 41 95 44 15 64 78 80 74 88 56 58 96 30 44 1 71 88 72 74 57 35 52 95 91 50 52 58 26 69 10 64 9 57 7 23 72 37 55 45 24 10 54 19 39 97 71 61 37 43 87 45 29 90 39 19 39 91 28 64 11 90 79 71 98 38 45 69 74 99 13 49 61 67 19 51 15 90 64 3 84 50 48 64 39 
93
82 29 80 62 44 90 51 75 12 48 12 57 16 37 55 80 37 67 98 55 18 65 96 81 19 31 82 66 94 72 56 28 52 35 89 95 77 91 69 88 90 32 44 57 20 51 88 56 69 86 11 86 50 6 18 68 89 51 86 82 22 93 9 73 27 49 20 55 91 88 43 80 72 38 36 91 40 24 47 9 61 57 94 62 14 64 29 54 14 66 36 88 58 
97
12 37 97 31 91 87 71 85 67 42 23 54 84 62 29 30 70 89 38 16 2 4 79 83 57 44 48 44 31 58 92 43 46 88 25 36 74 95 73 92 88 95 98 72 8 26 1 30 67 91 45 68 94 75 50 2 18 50 46 49 59 37 43 4 76 67 91 49 62 63 93 1 9 90 72 69 67 25 98 33 15 42 53 8 68 54 61 85 55 6 85 13 94 27 68 69 94 
93
70 7 73 62 7 82 3 79 50 69 3 47 54 69 40 58 28 59 11 88 43 18 94 28 82 39 6 50 60 99 8 29 57 32 42 64 13 44 94 14 64 48 12 17 16 3 74 43 61 37 82 4 54 27 83 35 66 88 84 25 39 43 5 95 27 46 10 39 41 55 5 4 2 16 21 69 19 46 11 31 82 93 34 35 19 68 22 36 8 57 60 46 52 
101
92 78 13 54 68 53 8 72 9 62 40 81 30 10 26 41 40 8 85 74 94 55 93 67 91 100 24 2 97 27 70 89 4 82 94 23 87 1 95 95 62 86 75 44 95 100 36 34 59 20 59 5 26 52 71 68 51 46 22 100 72 91 40 27 72 33 50 58 85 44 52 99 29 78 42 75 78 77 8 88 48 67 92 73 70 15 41 72 60 62 71 32 4 10 58 75 42 59 85 27 2 
108
77 82 66 18 56 95 94 16 82 41 34 26 65 3 40 5 74 99 18 45 82 21 54 92 48 48 50 84 26 4 71 2 37 88 19 45 82 64 60 16 4 93 41 68 95 80 25 20 30 94 16 64 15 22 55 14 69 56 97 46 59 67 47 96 7 17 40 88 80 51 55 35 43 95 54 89 26 78 60 8 24 76 71 90 97 77 3 65 32 99 10 91 17 8 38 23 24 77 63 3 79 17 37 21 64 42 61 41 
96
20 48 95 47 18 84 43 94 86 59 26 36 20 68 52 27 5 27 50 33 41 4 11 57 92 83 72 34 43 13 5 14 60 99 61 30 34 55 75 19 14 52 6 33 71 9 12 75 35 13 7 27 69 17 84 60 51 7 45 93 19 1 59 31 51 71 12 84 25 86 54 90 90 59 23 60 68 86 35 2 98 93 81 66 62 64 78 12 22 22 57 41 23 67 23 25 
99
34 9 13 19 62 3 8 21 77 20 88 62 54 41 59 98 21 77 59 36 54 23 58 27 31 50 1 97 72 26 33 57 34 45 75 95 99 35 67 75 6 6 36 11 99 47 8 19 23 19 7 28 41 16 54 23 17 55 19 40 80 3 96 65 47 22 11 98 8 78 72 13 35 8 23 33 6 31 4 80 1 10 7 93 77 60 15 93 66 33 32 97 35 79 61 33 100 72 30 
92
49 54 20 35 13 95 68 18 77 71 97 77 32 3 69 8 14 35 100 32 67 83 28 53 61 89 85 12 60 67 19 60 20 91 94 32 85 61 1 61 83 97 89 14 51 9 21 16 43 72 47 9 54 27 13 66 15 97 78 74 15 48 85 86 38 78 69 74 91 69 86 73 17 74 87 19 82 7 35 24 79 33 84 84 59 96 50 25 45 79 50 11 
96
34 97 16 64 65 89 54 86 27 26 2 52 64 21 34 23 7 9 1 91 45 84 2 92 85 26 88 63 76 99 41 61 95 56 24 11 96 77 96 22 55 50 74 70 70 59 92 28 19 92 70 63 28 71 7 64 97 94 79 24 44 19 84 90 74 8 1 69 36 48 91 42 97 16 12 18 74 3 97 44 47 67 59 74 37 65 89 85 10 67 8 54 85 44 95 58 
111
47 79 38 95 21 80 43 36 91 61 61 45 57 4 91 23 62 64 12 26 5 96 88 71 56 93 56 99 87 65 1 34 43 38 80 63 69 22 98 11 82 10 56 91 14 46 65 75 62 28 53 66 24 40 36 31 84 43 29 70 8 81 55 50 70 34 65 39 56 62 49 89 24 56 31 37 2 96 63 15 23 15 80 98 6 67 28 89 10 8 11 17 88 65 66 58 99 30 96 54 44 96 94 67 4 25 55 57 20 17 71 
89
84 50 92 41 16 71 30 25 79 92 93 66 56 11 75 54 92 22 59 87 18 53 5 73 77 59 29 48 28 99 93 11 100 36 51 67 7 32 44 37 23 36 2 79 46 77 84 38 98 43 76 67 95 81 91 23 39 19 70 66 69 62 28 68 50 31 87 56 62 30 92 85 65 45 15 63 73 98 52 23 92 27 41 38 59 32 60 98 2 
109
15 71 95 43 90 44 73 76 51 86 5 42 22 22 86 36 36 11 86 39 33 77 17 73 15 76 4 26 73 58 59 39 28 53 33 17 48 5 93 98 43 49 39 64 70 76 52 57 86 37 95 18 65 12 43 31 87 98 57 11 55 15 49 82 19 82 51 66 38 95 63 80 43 53 96 65 28 47 21 66 35 68 35 51 31 77 82 17 75 90 79 81 56 27 15 74 60 65 91 98 59 53 29 53 57 76 17 84 74 
108
1 8 9 36 59 39 12 92 7 38 81 85 19 88 11 33 61 23 49 3 72 59 7 52 11 63 28 80 98 1 21 99 9 29 34 19 67 45 10 73 35 42 57 53 29 19 37 41 41 37 43 64 95 1 16 5 63 43 36 60 43 56 10 3 84 43 73 50 40 34 74 74 75 82 78 55 53 66 95 45 2 89 9 96 89 24 52 3 66 88 15 60 43 24 15 27 67 39 28 6 73 54 31 99 35 60 54 39 
91
100 84 78 41 92 73 81 15 76 84 32 63 98 43 58 21 9 84 87 48 63 44 20 68 26 70 55 85 23 93 61 75 76 38 15 19 62 95 85 90 78 16 52 27 11 9 48 19 44 86 18 59 82 37 26 59 7 32 96 81 25 56 55 52 46 21 71 59 68 55 48 97 23 52 24 85 60 71 3 56 8 21 66 89 9 43 100 67 75 95 100 
95
50 6 2 47 79 24 6 46 31 5 42 53 56 65 37 68 87 91 23 95 63 40 35 24 82 34 42 8 28 41 58 30 99 12 76 77 87 33 22 17 38 15 21 45 80 57 12 66 100 86 12 14 25 99 37 59 32 31 66 12 23 76 93 21 39 68 49 25 53 70 94 42 85 14 86 16 23 98 33 22 35 97 87 60 95 24 70 78 6 35 89 28 62 81 49 
105
1 97 77 5 19 70 46 55 35 83 22 57 32 54 30 67 50 17 26 96 92 95 74 49 81 14 76 95 47 24 46 47 73 74 3 43 95 48 97 30 82 18 38 14 23 68 80 25 36 57 20 79 3 93 27 83 59 2 29 5 78 75 51 2 48 53 44 43 52 40 24 33 9 61 98 83 80 77 7 15 33 27 45 35 71 23 70 29 77 98 33 54 24 35 55 72 39 98 66 42 89 89 27 49 49 
89
31 29 53 38 95 37 16 92 72 38 14 93 19 90 42 3 95 66 38 1 37 28 98 54 22 38 42 48 86 42 23 69 22 27 6 69 64 73 60 87 10 25 79 28 15 20 31 61 85 20 62 73 99 11 26 20 49 67 19 86 61 94 54 82 20 11 50 83 83 61 69 93 86 47 20 52 19 2 12 55 21 25 28 20 36 53 91 36 72 
106
21 84 55 27 65 74 37 67 57 20 27 77 64 64 76 35 15 94 37 79 100 9 3 27 80 90 32 71 25 55 32 98 38 86 24 2 11 12 20 67 31 47 96 46 10 71 81 77 16 69 7 15 77 61 42 9 51 25 31 75 79 62 24 68 99 99 21 9 11 41 28 93 39 23 39 100 45 71 76 60 39 82 26 67 43 19 75 45 43 57 71 73 70 95 40 68 93 61 29 3 53 8 48 91 82 86 
95
26 56 66 37 46 99 62 12 93 81 39 37 75 47 8 48 17 54 39 36 46 51 16 1 3 23 48 93 4 85 83 81 92 100 17 37 50 31 100 43 63 90 31 37 89 90 36 5 95 27 40 41 77 8 93 80 30 92 24 86 28 58 66 19 57 35 7 59 65 58 53 79 100 35 15 88 25 3 92 19 29 83 11 57 90 55 88 72 46 12 57 73 69 74 43 
90
8 49 36 24 59 40 2 58 74 17 45 98 71 88 69 51 70 31 7 12 86 95 83 83 58 91 8 78 64 50 55 72 51 42 95 9 33 97 66 7 65 10 56 87 97 24 37 18 7 43 29 92 89 63 74 46 53 81 24 17 83 30 40 33 24 34 41 56 82 6 62 98 67 18 84 63 93 72 32 51 15 61 42 55 75 68 53 28 100 76 
102
34 57 35 66 80 20 6 88 54 63 49 51 81 18 87 95 63 58 27 13 24 39 7 31 13 26 83 92 25 58 39 59 66 25 76 46 45 34 85 50 96 33 52 29 3 90 23 17 100 49 29 23 87 87 5 52 12 87 95 37 96 34 47 62 58 22 59 54 7 43 55 55 27 7 83 29 96 5 45 95 54 26 70 92 12 74 95 24 61 90 12 8 75 10 69 84 31 27 90 90 21 44 
101
48 2 26 76 98 30 73 44 35 98 65 27 61 91 73 84 3 62 95 10 88 4 79 72 87 57 13 76 78 56 19 77 58 96 4 7 25 76 2 60 25 67 38 86 57 10 21 59 24 16 68 11 71 98 34 9 7 98 84 84 54 54 12 63 49 15 21 26 43 22 85 67 40 22 4 48 83 25 6 6 92 26 69 62 75 54 71 81 52 6 16 5 12 27 19 60 42 39 37 84 12 
107
2 52 94 6 99 77 82 57 34 73 34 2 34 8 8 4 41 59 62 56 15 73 35 33 84 28 23 21 11 34 93 64 85 39 21 84 67 2 92 100 74 25 54 8 84 61 63 24 71 24 32 85 48 66 69 32 93 91 4 55 24 96 70 61 86 91 96 52 92 87 4 66 63 57 25 46 69 87 70 39 63 53 75 10 18 43 93 62 33 96 68 8 44 37 20 29 27 15 33 71 53 36 36 15 44 60 61 
105
98 82 2 60 34 76 22 3 70 66 16 54 62 83 61 57 19 81 37 98 47 69 68 100 56 3 66 99 14 78 62 11 59 15 23 44 42 96 98 11 61 13 64 74 95 77 30 66 57 19 63 55 39 30 6 95 84 72 45 49 49 59 11 60 25 33 55 67 80 53 77 41 65 41 14 12 17 96 77 25 66 91 31 4 20 37 50 55 8 47 3 8 57 13 67 81 98 22 47 77 26 24 69 42 16 
103
53 84 30 81 60 47 71 90 50 42 26 52 96 85 50 98 45 6 63 11 86 60 84 33 88 9 8 57 51 75 91 55 58 72 36 17 18 6 58 19 48 36 22 95 72 71 45 16 76 7 27 62 18 62 46 57 23 5 13 73 79 55 27 88 78 14 56 95 20 13 66 19 100 87 65 72 58 9 87 85 15 65 98 84 27 43 41 49 99 5 73 77 60 51 16 37 65 71 84 36 36 1 6 
100
39 70 6 48 79 45 33 45 9 82 81 87 77 73 87 75 77 11 4 88 62 19 77 78 90 12 65 25 12 22 11 2 43 17 50 73 61 34 18 21 15 50 8 91 22 46 66 50 57 21 38 70 39 66 99 80 77 15 56 40 36 67 41 78 35 42 51 95 75 20 15 42 69 74 32 42 72 49 43 80 21 80 49 60 45 99 91 73 13 47 12 48 65 5 25 99 46 27 45 73 
101
59 14 66 85 97 59 8 98 2 87 18 33 87 29 30 85 20 2 97 18 66 44 82 22 20 32 67 99 76 91 96 86 4 62 70 53 72 29 50 25 15 67 58 1 96 87 85 67 40 81 84 5 76 17 26 48 48 45 98 23 87 93 8 91 6 30 95 78 58 44 2 73 62 11 25 9 49 10 75 89 42 58 45 70 74 23 69 21 19 66 95 5 58 3 47 16 32 41 45 89 36 
105
61 98 9 38 6 57 47 81 97 40 90 42 9 16 16 29 88 34 94 83 38 4 85 85 71 16 25 15 56 61 12 69 10 72 6 67 29 52 47 25 43 89 18 4 4 33 32 91 66 78 25 56 33 9 40 3 76 16 17 84 28 28 52 89 100 57 56 80 60 54 56 2 42 26 57 97 58 89 40 76 66 64 83 98 25 22 100 52 89 68 35 17 95 86 5 46 94 12 77 53 66 33 7 59 10 
100
56 19 3 95 94 68 10 76 17 34 49 68 38 38 35 72 6 82 58 62 79 3 74 56 56 91 40 14 49 49 28 4 67 31 50 13 50 60 40 67 45 89 34 82 78 69 6 35 2 15 48 80 17 73 35 24 63 26 37 12 74 65 15 93 47 65 5 96 76 44 62 72 84 48 6 13 68 11 99 69 25 47 48 41 19 35 65 82 60 53 93 86 17 59 78 15 75 82 11 50 
105
72 74 61 19 79 25 86 89 24 6 13 70 54 5 88 40 21 21 99 74 13 84 42 72 61 57 98 94 67 100 71 90 73 83 9 51 7 46 91 30 52 55 99 57 11 39 48 32 59 46 5 72 82 46 95 94 54 92 88 20 43 58 10 15 92 70 17 98 67 7 28 70 13 26 26 24 16 73 55 75 71 11 98 4 8 92 97 62 35 84 81 30 93 42 44 84 11 13 82 78 71 61 47 84 38 
83
59 54 49 13 28 71 75 25 74 82 68 71 43 54 6 76 83 51 17 27 34 80 91 67 9 61 79 7 44 17 31 2 70 32 66 97 2 40 73 76 74 40 98 16 45 3 91 28 53 60 6 39 39 96 57 47 56 36 53 52 52 36 5 73 67 23 21 20 14 93 47 87 84 44 3 28 99 45 7 51 4 64 41 
119
11 98 92 19 85 97 70 88 32 26 60 50 48 32 21 62 24 68 100 59 11 2 38 9 99 97 12 54 60 52 48 71 1 91 89 37 87 10 24 70 35 35 71 35 66 92 96 41 59 95 51 21 49 89 82 99 85 45 52 96 48 51 66 49 42 6 37 28 15 13 50 50 47 20 84 65 11 31 57 21 77 8 94 25 96 75 75 32 71 27 27 18 77 45 18 70 50 55 98 65 67 99 66 65 18 49 81 81 31 38 1 7 45 94 84 92 20 58 75 
112
84 53 60 13 97 77 82 47 83 31 63 49 29 28 66 47 28 46 27 58 35 79 64 79 25 47 22 96 57 48 38 92 1 97 4 97 25 86 95 8 68 57 8 97 84 25 95 11 71 73 68 57 51 84 88 75 82 9 23 38 57 60 30 57 8 85 5 32 70 100 91 90 56 51 86 92 75 80 54 97 52 22 54 54 57 41 81 38 1 3 28 57 14 57 65 21 41 22 4 63 21 47 52 28 97 89 19 71 68 73 20 71 
102
73 24 54 13 4 91 65 58 70 22 71 26 38 43 19 59 47 33 31 45 36 59 41 24 29 63 43 53 82 13 50 54 88 3 18 44 46 83 1 15 56 24 93 45 66 11 56 64 95 86 8 30 96 100 53 77 63 95 29 96 59 31 2 98 33 71 41 30 5 94 45 60 69 37 57 86 99 12 50 93 49 9 22 97 61 26 73 75 72 53 70 30 83 23 79 68 94 20 97 98 65 41 
89
33 29 66 18 27 29 19 71 29 80 44 25 40 69 49 66 92 54 35 73 36 58 52 55 3 23 4 100 87 44 9 71 25 26 40 3 6 11 26 35 90 69 11 81 90 12 46 81 65 32 54 52 89 5 7 43 27 10 43 65 5 3 35 29 81 26 84 86 36 9 72 77 77 35 57 18 46 2 99 10 34 4 61 74 60 19 17 86 28 
90
2 85 65 88 65 45 13 48 83 1 56 6 77 85 92 34 54 37 87 52 98 72 7 11 98 66 29 66 3 9 28 4 93 92 43 57 37 56 57 71 8 64 28 84 48 20 69 54 8 8 5 6 31 64 68 28 29 48 45 84 56 72 87 100 16 30 57 52 37 13 74 44 28 1 27 28 72 48 81 80 55 37 37 85 100 4 65 81 51 61 
88
59 33 50 58 48 31 66 51 19 30 76 62 58 28 41 85 100 88 65 79 94 1 15 30 1 18 94 81 20 55 44 78 39 45 36 38 28 1 88 46 31 63 8 88 42 100 24 41 39 88 19 32 88 85 13 40 54 7 72 74 13 67 51 51 64 38 88 91 91 27 36 21 41 95 60 82 46 83 23 84 22 93 67 61 30 80 53 83 
71
24 56 50 43 59 52 6 48 91 48 38 17 35 10 9 30 21 90 75 55 64 11 76 9 77 89 38 56 41 72 93 16 80 94 58 38 45 15 37 35 62 27 3 49 36 11 78 9 53 4 63 68 14 91 28 91 79 17 98 19 89 91 86 68 84 96 57 81 10 93 15 
104
19 70 72 7 32 1 15 84 4 29 4 70 19 31 60 49 48 57 19 36 99 5 3 35 100 59 15 61 3 81 36 22 50 7 80 82 59 94 17 15 74 20 84 93 3 95 93 2 3 12 89 2 68 43 88 19 53 2 79 55 34 15 28 84 73 7 17 84 52 33 98 26 5 81 70 59 75 62 60 77 25 100 30 44 42 17 62 94 70 93 48 4 59 76 39 83 34 55 66 86 39 63 11 95 
105
32 53 21 93 64 98 70 63 79 13 4 48 75 97 17 19 97 20 77 24 58 59 57 64 25 94 3 39 56 97 34 87 2 54 80 17 3 49 80 82 13 35 81 87 84 97 5 80 69 33 55 78 92 63 42 68 57 96 6 12 44 39 99 45 45 78 62 47 78 93 80 42 79 60 81 62 9 37 93 77 70 99 54 61 62 47 28 18 42 33 29 86 24 27 82 68 56 95 66 85 39 46 27 18 57 
100
31 65 43 76 41 64 74 47 24 35 93 3 4 35 88 33 72 11 11 53 30 19 100 95 55 38 92 33 7 49 91 38 13 86 13 54 49 38 52 25 25 44 27 28 30 66 12 1 28 23 6 57 93 5 4 47 94 95 32 1 43 22 38 8 7 2 13 8 91 64 32 15 7 10 43 37 76 54 89 3 28 46 12 20 50 15 19 96 9 50 96 4 23 85 11 30 86 75 37 76 
101
20 91 44 29 85 32 4 90 73 59 18 18 70 89 20 84 59 15 44 60 10 99 83 46 61 64 31 35 52 58 72 71 100 68 51 36 99 7 26 71 65 43 41 34 83 60 69 42 26 64 1 87 63 83 32 23 98 62 58 49 71 29 19 23 96 70 58 47 76 83 69 92 77 9 77 60 20 45 1 45 8 53 31 22 88 62 45 85 75 2 34 46 82 4 20 30 25 77 76 52 12 
95
43 88 5 19 99 24 15 51 69 75 4 99 96 91 13 92 27 87 45 60 84 27 64 3 8 40 32 83 92 43 78 34 30 34 5 29 58 19 79 78 93 34 76 41 24 40 32 51 27 77 62 10 3 77 65 10 17 96 44 8 38 73 93 67 7 97 47 64 68 78 41 60 11 68 100 87 8 32 89 86 8 50 95 62 79 59 23 95 6 18 54 43 90 98 62 
101
95 8 59 62 85 51 73 48 71 25 34 30 56 22 15 15 71 61 28 49 72 50 95 77 19 100 20 8 98 81 4 44 40 14 57 77 17 29 24 87 53 57 68 60 78 82 26 100 42 53 1 13 54 95 42 72 47 61 80 44 93 35 39 32 48 95 8 16 75 31 54 28 87 21 39 16 2 65 16 96 69 16 60 23 62 1 46 8 61 77 3 5 11 41 37 11 87 44 26 62 27 
112
41 65 100 79 81 54 95 96 49 64 11 8 38 72 61 83 32 21 60 86 26 70 79 14 32 65 9 58 78 35 89 18 100 40 49 80 93 95 27 41 58 37 1 95 60 61 30 43 33 89 29 10 10 7 23 42 23 84 51 1 18 91 70 69 30 70 100 23 65 26 15 74 62 15 21 74 27 50 16 60 90 96 21 51 2 96 44 77 79 94 77 48 84 98 17 14 20 16 88 84 42 2 9 55 69 29 80 95 30 48 6 19 
90
27 22 97 74 65 73 52 59 1 99 94 50 67 59 69 35 46 52 28 100 61 82 68 41 62 62 71 9 20 41 3 98 62 99 71 27 23 22 37 23 72 82 73 91 93 41 25 90 45 52 89 57 85 56 49 98 70 71 58 89 12 61 38 25 59 8 3 34 81 91 56 52 73 80 94 65 73 18 54 17 69 95 25 54 50 73 51 71 44 9 
103
7 21 48 83 31 55 86 64 35 76 20 39 100 51 32 16 23 2 70 91 70 16 67 75 17 40 78 88 35 38 50 93 58 98 75 88 4 60 52 91 88 23 81 87 25 64 3 48 65 24 90 87 39 57 13 7 48 90 94 34 79 96 26 36 93 52 76 96 12 79 38 51 1 18 37 77 82 91 24 46 66 14 32 56 22 45 63 69 86 8 2 65 3 79 52 47 30 27 43 93 57 80 43 
117
50 32 86 31 74 9 76 40 74 60 47 47 56 9 15 93 17 68 57 71 98 61 18 28 39 12 72 96 43 15 4 92 98 89 22 71 50 50 62 75 9 9 22 16 69 88 8 85 8 65 8 5 77 25 84 15 36 56 10 78 22 66 70 71 54 43 93 55 92 7 30 100 15 3 15 83 42 23 20 49 39 79 6 67 3 41 81 90 48 43 19 21 8 88 91 13 31 36 20 22 42 1 74 8 3 40 90 44 14 61 45 4 39 2 70 93 42 
110
82 42 45 1 62 4 40 5 68 22 40 87 96 33 87 21 40 41 60 81 85 26 94 81 29 84 34 51 77 27 53 10 68 49 62 82 4 54 86 71 27 77 58 22 9 44 94 100 85 6 80 21 31 73 53 11 57 86 13 85 12 65 94 32 65 8 65 68 61 2 39 87 78 96 61 38 91 54 37 75 59 68 47 41 41 99 52 97 36 64 81 100 81 26 31 97 85 95 65 97 96 55 84 25 2 96 14 44 1 50 
84
12 17 17 52 9 16 3 57 3 19 89 2 51 15 84 47 51 30 63 48 25 69 83 1 70 78 14 14 78 15 84 89 84 100 93 92 67 95 1 22 65 89 23 15 3 7 62 54 36 76 53 13 45 35 65 14 12 31 79 41 45 14 82 80 66 74 24 84 20 24 5 37 12 28 51 67 86 64 72 73 40 24 37 36 
93
54 1 21 84 80 61 80 45 94 60 10 19 35 94 39 58 98 27 21 77 77 87 14 93 10 39 84 33 75 19 42 28 19 62 63 50 23 43 95 68 54 4 87 88 49 77 97 47 3 69 75 79 56 89 23 17 27 6 50 53 76 91 33 95 5 95 96 79 37 90 46 42 46 32 81 94 8 77 92 10 46 67 41 53 7 15 21 85 21 70 37 96 13 
93
42 17 16 38 47 4 79 92 46 24 24 26 70 83 55 61 45 52 79 85 56 85 99 76 21 71 98 10 19 10 30 12 78 45 49 24 49 80 67 46 3 90 71 24 25 77 85 69 28 63 5 83 100 55 59 20 26 56 81 96 17 11 7 46 55 8 21 55 87 87 100 41 29 23 65 5 99 1 73 79 63 77 61 14 83 71 86 8 78 66 55 46 76 
96
43 83 69 15 89 7 2 41 47 82 63 63 86 13 63 10 91 78 38 4 91 20 26 76 80 4 94 34 1 69 47 44 3 15 58 92 73 11 84 72 44 98 34 81 10 97 90 53 26 79 8 16 99 33 44 30 88 37 63 89 57 10 84 12 76 93 55 49 4 38 72 99 35 5 80 96 53 21 48 78 100 55 46 50 40 89 79 27 77 93 67 33 2 2 44 30 
93
50 30 50 87 1 100 21 57 79 17 10 52 16 39 51 23 84 52 14 72 30 92 48 74 59 33 28 12 28 57 58 78 38 59 16 38 59 37 94 89 5 55 40 72 94 42 94 77 93 7 1 74 99 100 48 9 32 75 72 12 83 30 41 20 88 56 57 46 44 2 35 48 57 26 72 2 68 17 78 12 24 78 86 74 78 85 34 61 59 57 24 93 86 
101
12 26 72 20 23 15 21 9 15 29 35 86 30 54 2 8 65 77 37 50 2 66 34 87 79 44 44 2 36 81 18 47 6 89 66 81 3 39 89 69 67 75 54 97 28 56 56 93 84 92 42 86 10 28 72 88 23 15 41 59 96 58 57 53 98 75 33 53 13 22 21 31 48 27 79 76 34 34 68 17 78 61 2 39 88 26 26 11 40 18 21 87 28 29 40 25 3 24 29 67 97 
90
50 45 28 28 20 61 14 87 77 43 47 31 81 87 56 58 49 47 75 21 34 2 49 25 79 4 100 7 22 97 8 71 41 35 51 12 95 16 50 24 58 48 54 90 34 61 99 34 7 73 54 92 27 3 68 5 6 20 63 27 16 71 50 8 57 52 71 52 67 20 27 76 67 80 17 53 92 15 86 50 87 40 94 65 94 61 21 99 80 84 
97
47 6 78 6 62 29 76 65 47 95 91 22 14 22 38 66 13 4 51 15 43 42 8 7 35 68 28 85 100 63 14 98 68 91 4 81 72 79 46 18 26 36 92 39 10 81 4 22 85 6 88 27 100 95 33 34 15 12 71 66 74 84 63 93 74 66 74 45 97 71 15 22 6 6 12 15 86 67 89 70 72 76 48 23 23 81 57 37 44 27 2 70 62 64 62 35 82 
101
32 30 57 46 3 15 3 14 81 88 80 21 10 3 97 57 26 71 89 34 7 33 12 8 2 73 23 15 59 56 2 90 85 10 87 39 24 89 52 5 29 83 25 38 86 73 46 63 43 35 48 1 19 59 60 72 83 83 86 41 90 39 83 75 49 69 13 24 10 17 80 38 99 5 75 36 29 72 98 24 6 97 24 76 55 84 47 89 18 33 30 7 23 64 33 23 32 46 47 93 14 
94
30 64 82 56 100 63 28 49 86 85 46 9 61 52 44 7 41 61 91 70 68 66 85 100 88 68 97 86 61 62 64 90 26 97 98 25 59 25 73 96 61 70 5 73 22 100 80 62 61 22 83 80 87 67 31 27 34 28 12 46 89 75 36 14 72 85 90 82 9 15 78 21 84 34 94 5 33 25 18 45 98 52 24 85 70 7 11 56 86 74 1 26 49 88 
107
72 72 81 53 32 95 30 53 31 63 98 87 96 22 57 40 71 8 16 55 78 22 17 33 59 91 33 84 91 73 75 62 44 56 14 76 2 96 80 84 58 77 71 53 50 27 45 20 34 12 27 63 85 95 47 43 85 32 26 27 4 53 40 47 8 6 22 61 1 53 45 58 29 67 63 78 93 59 50 78 22 76 93 6 70 39 100 7 70 77 33 73 29 25 20 88 30 93 49 30 46 45 87 26 11 1 56 
105
59 5 84 80 80 76 37 49 67 36 7 36 13 40 9 41 64 80 81 45 24 29 74 21 25 12 47 87 13 2 93 23 6 76 55 37 4 91 37 70 79 44 5 43 35 65 35 50 96 15 94 20 95 67 40 19 30 38 57 42 91 49 17 48 25 23 84 28 13 21 97 43 64 53 85 98 18 20 99 13 34 92 84 81 10 76 99 39 13 56 33 56 56 49 3 80 71 87 59 35 59 55 30 22 8 
81
71 77 85 69 89 71 12 25 51 21 100 1 59 64 8 91 19 64 91 22 95 13 8 54 48 66 8 77 39 67 42 61 43 27 81 84 49 92 8 99 64 59 51 22 22 59 65 41 22 55 62 16 20 21 21 67 38 81 95 76 47 88 88 42 66 68 77 14 11 36 64 74 94 15 47 15 25 11 55 98 18 
88
65 37 88 86 55 25 66 1 52 64 88 39 57 6 58 85 19 20 20 35 45 13 49 92 80 25 54 86 22 23 54 86 59 93 71 65 70 88 65 73 52 5 12 60 10 21 45 28 93 64 14 37 29 14 28 60 38 34 45 59 56 50 97 15 95 67 31 64 7 96 36 10 100 99 69 9 72 65 88 64 29 2 100 9 15 80 68 5 
93
64 63 20 66 59 34 60 78 65 75 84 12 10 45 63 61 13 71 32 78 10 47 58 63 46 18 30 77 37 34 41 100 96 61 17 7 46 76 36 62 50 19 73 12 15 35 72 79 57 55 8 19 1 65 81 46 34 10 75 70 95 15 22 43 27 38 49 73 66 84 34 15 54 59 78 68 93 49 46 2 3 6 20 3 70 52 1 56 14 27 25 8 93 
118
50 20 36 50 92 1 33 77 67 38 35 45 57 80 45 55 81 100 60 52 54 81 55 6 36 68 32 61 76 25 58 77 96 93 27 39 45 11 15 64 49 50 8 5 81 4 11 61 3 70 64 9 51 18 14 86 86 98 98 13 74 56 41 69 100 19 7 45 30 21 8 30 22 67 86 2 22 97 14 77 66 29 85 16 47 50 54 84 47 51 48 20 6 40 40 58 59 46 2 88 19 61 69 92 79 54 46 100 50 59 28 68 40 12 35 38 14 88 
99
60 39 20 32 96 11 71 53 69 69 6 8 39 18 76 30 96 82 75 48 83 86 27 50 25 39 85 62 4 24 34 63 62 5 46 10 15 69 62 36 37 20 43 27 37 71 56 85 52 83 84 34 20 10 36 96 100 20 57 3 95 42 18 57 98 63 18 64 31 31 99 19 50 42 45 87 64 1 71 15 35 6 100 54 15 35 49 15 54 57 17 49 50 86 57 47 49 26 10 
112
56 61 98 6 54 94 44 17 46 66 31 80 71 30 85 85 65 33 51 70 41 20 70 90 5 78 88 53 3 50 84 59 10 33 64 63 26 7 79 72 24 61 3 94 42 88 78 6 72 29 28 13 100 97 54 4 27 42 9 29 43 92 39 4 24 2 18 1 60 48 72 83 8 75 28 49 14 6 7 85 86 34 97 85 82 51 40 8 44 48 37 38 39 75 41 14 29 58 67 40 5 90 75 64 16 2 64 29 59 70 14 96 
132
10 32 37 12 72 96 7 71 84 44 62 11 84 27 91 93 93 82 49 83 56 12 98 10 76 27 20 97 40 68 52 1 99 40 65 22 35 71 93 71 67 54 81 2 80 71 95 73 52 43 7 60 7 4 21 82 82 40 30 21 7 81 74 58 20 38 79 7 60 71 77 26 76 57 28 56 79 74 80 30 68 86 41 74 41 61 7 23 1 37 95 59 17 68 16 89 57 95 47 17 17 75 42 93 31 21 100 61 94 79 90 62 16 31 87 8 43 94 30 43 82 25 54 50 44 69 90 1 15 36 17 32 
98
10 24 92 31 75 52 76 5 94 89 72 76 76 79 18 21 61 13 2 85 66 51 80 86 41 80 1 28 48 32 90 58 7 81 40 81 85 15 37 30 56 8 57 31 86 26 51 46 38 4 82 55 6 62 41 98 93 41 26 41 24 67 50 30 99 41 62 83 7 98 64 62 5 20 92 42 98 94 40 35 49 21 42 55 34 34 4 27 74 81 19 49 47 20 78 46 60 91 
96
66 40 44 28 96 15 71 37 12 17 76 99 65 49 40 71 82 73 75 60 98 7 78 46 54 49 75 51 60 17 30 26 56 25 5 51 40 27 87 51 43 15 1 60 63 40 82 44 64 8 4 13 15 33 10 20 34 36 70 93 52 99 70 7 24 74 9 15 53 96 65 47 62 66 6 24 57 40 19 73 47 74 37 61 59 99 32 92 34 1 84 38 100 54 96 75 
92
5 89 31 52 5 30 13 22 35 88 31 26 58 55 73 32 91 85 90 41 17 33 75 17 68 64 68 73 59 94 52 15 34 34 18 39 63 82 12 50 69 42 75 27 96 99 10 39 84 51 79 52 83 5 20 50 68 88 75 79 33 26 45 67 11 63 57 26 44 68 27 13 10 1 91 57 52 100 47 35 2 26 38 84 82 57 85 2 96 59 80 29 
88
76 95 47 38 51 24 82 18 50 46 79 2 88 88 53 39 34 87 40 11 76 23 93 33 59 46 28 18 77 56 53 52 2 51 90 52 26 23 22 75 68 52 77 55 39 29 93 25 68 84 35 43 6 79 75 16 24 55 33 100 10 38 52 64 40 93 15 66 15 88 92 34 40 68 40 30 97 84 54 16 67 89 58 24 67 85 39 43 
100
24 42 100 61 45 15 52 37 30 69 3 69 61 36 8 28 75 38 76 58 91 43 76 31 53 99 50 37 38 92 27 61 85 78 73 30 93 24 18 74 45 73 94 5 8 54 84 35 91 60 44 33 54 20 16 6 18 65 94 7 56 20 19 40 50 91 21 94 67 91 19 11 63 64 15 22 17 98 56 59 9 52 92 15 23 59 20 40 23 14 99 30 85 17 69 86 8 42 79 26 
110
49 36 94 13 2 15 29 51 23 88 12 26 31 26 48 89 45 39 63 58 37 92 43 54 12 80 13 53 59 38 84 59 25 29 23 26 96 4 28 70 91 39 95 73 64 42 13 61 32 75 70 69 66 64 74 77 44 38 82 54 75 65 12 51 46 87 28 93 90 55 62 32 46 8 4 61 49 68 21 80 42 91 100 59 54 73 87 49 10 68 2 36 85 66 38 30 52 65 22 41 72 35 24 17 42 79 77 42 46 50 
109
39 40 73 97 45 97 83 94 59 3 95 46 87 12 36 68 63 100 41 55 71 75 78 39 68 56 16 9 53 65 81 91 56 5 87 52 54 22 45 64 24 92 61 62 3 96 29 18 96 69 72 18 43 2 57 10 9 24 70 62 40 2 52 47 59 91 98 12 64 43 75 87 86 35 48 40 31 28 57 78 96 81 47 90 82 55 51 90 78 20 3 69 73 55 15 31 97 13 94 60 7 20 46 92 55 45 31 37 24 
115
66 19 20 12 60 53 67 10 94 96 81 97 65 53 3 31 36 99 43 29 58 1 49 55 92 55 51 75 43 74 14 8 92 85 71 3 37 89 12 82 37 44 78 53 48 80 83 83 78 78 12 35 78 60 41 70 66 91 96 8 64 61 67 7 97 89 9 85 78 72 66 66 15 44 18 63 23 100 45 53 77 8 39 55 19 80 76 84 22 23 43 38 35 9 96 31 98 5 15 27 28 80 92 43 23 61 57 98 60 53 2 89 13 40 95 
96
71 22 67 45 44 9 82 30 70 77 60 19 33 74 97 61 53 40 55 28 100 63 77 59 15 78 99 79 69 93 10 92 66 28 36 61 36 17 90 57 45 49 75 30 22 71 42 27 10 96 6 9 10 82 20 76 11 18 55 31 63 16 22 28 43 57 41 78 25 30 35 22 79 61 51 52 84 92 30 93 39 87 54 48 20 25 75 30 94 29 61 56 44 34 36 86 
102
76 16 67 57 2 88 87 14 90 39 97 81 20 90 71 7 95 70 26 19 45 8 12 25 20 20 69 53 55 6 95 82 73 62 38 74 1 25 40 91 15 36 23 86 25 46 44 71 15 22 89 59 29 53 36 48 72 4 100 78 61 47 59 34 8 48 59 8 24 98 50 90 34 25 76 10 70 71 33 84 92 21 95 20 73 30 19 44 85 71 73 45 17 31 30 24 31 41 83 6 38 85 
113
23 9 23 85 30 93 17 65 85 89 59 56 14 40 75 9 76 97 82 73 13 64 54 88 94 94 22 100 84 58 47 58 66 21 94 47 13 10 12 49 51 22 57 16 62 31 24 89 79 57 61 91 21 15 30 66 60 51 17 43 9 63 1 26 83 94 73 48 56 84 48 58 57 4 73 18 86 48 59 64 5 71 54 77 37 35 42 97 38 59 39 46 73 91 23 8 37 47 55 44 82 2 1 39 6 25 8 91 24 66 7 28 37 
95
4 25 47 98 21 84 56 12 81 80 54 3 87 90 2 41 85 83 95 37 73 52 13 81 42 37 98 48 64 86 12 20 11 58 17 31 41 24 94 21 55 48 75 42 89 28 34 74 11 28 62 35 79 75 15 73 11 65 72 26 50 83 45 12 40 13 95 32 88 88 4 43 87 31 36 76 58 69 1 20 49 62 55 27 88 21 51 98 85 75 24 87 57 20 98 
102
85 44 32 72 32 36 66 18 18 1 45 75 70 45 47 18 59 1 96 46 73 99 44 10 73 19 96 81 90 45 81 74 89 13 98 72 100 63 41 17 64 86 43 85 82 89 54 40 41 1 38 14 99 81 23 71 51 70 52 40 66 32 66 6 96 63 77 95 77 70 63 92 7 58 28 88 98 81 80 91 34 17 56 32 49 30 55 51 99 58 42 64 41 7 22 37 21 98 83 98 19 98 
90
25 55 69 65 4 1 96 94 34 12 49 18 12 78 72 62 28 29 3 44 69 10 65 57 82 14 40 31 85 89 72 9 95 92 25 98 92 20 92 78 83 92 95 94 22 18 55 49 46 58 44 66 19 8 23 100 74 14 83 58 54 54 18 48 97 43 45 40 14 88 17 97 32 63 90 53 80 45 53 77 2 97 43 72 56 17 71 29 82 53 
109
35 58 56 82 6 50 78 46 63 18 14 59 49 77 49 1 8 93 53 85 46 1 79 69 57 95 39 37 28 44 75 62 53 82 95 59 31 72 4 93 41 17 4 89 45 52 41 53 96 46 37 93 46 67 61 54 13 51 91 40 46 17 1 99 98 47 9 80 70 64 24 11 32 27 99 77 30 40 81 25 85 17 69 82 35 81 36 47 32 78 86 29 94 38 79 43 84 87 74 53 2 97 63 34 76 14 10 5 5 
116
82 41 58 2 22 44 83 57 90 66 86 75 94 31 64 25 73 47 11 98 51 65 47 66 98 22 79 59 78 35 100 59 75 9 13 96 52 95 5 41 60 90 67 5 21 30 29 45 28 92 43 78 56 41 95 5 62 25 63 39 59 62 50 33 22 62 29 73 8 33 65 19 74 31 23 94 12 4 91 39 95 85 68 2 25 63 6 38 87 68 28 46 81 77 78 2 90 58 74 97 42 90 15 16 20 90 61 83 93 51 21 87 87 40 40 11 
102
45 48 41 12 28 38 44 56 67 45 46 25 70 94 18 59 61 33 30 2 46 12 94 96 32 32 35 23 71 45 77 15 45 17 78 72 6 21 79 72 65 24 48 86 70 18 44 82 50 73 83 95 84 28 43 67 59 77 41 81 73 17 47 69 33 24 92 90 44 71 14 60 46 13 97 15 30 40 48 32 64 30 78 99 57 72 17 67 100 57 47 73 74 93 93 58 68 85 100 63 55 13 
80
52 25 70 19 7 61 66 38 24 48 67 74 4 39 42 23 38 99 21 62 24 66 55 81 33 39 80 96 45 44 21 48 21 91 66 27 51 32 64 27 79 30 52 34 20 94 56 58 92 77 19 67 42 25 47 26 15 79 73 59 74 94 7 94 84 24 20 86 55 35 64 85 17 16 19 36 9 26 93 52 
100
64 18 47 88 16 73 3 46 97 13 20 90 71 13 25 95 85 11 1 19 26 86 87 41 56 23 1 81 67 52 87 82 21 33 70 37 57 24 34 54 88 5 43 11 18 20 57 54 82 57 72 7 94 59 48 49 33 48 82 99 52 68 81 72 52 2 60 9 77 46 14 16 50 8 26 67 27 82 72 8 91 96 15 84 6 14 33 38 13 14 88 16 33 20 88 36 73 99 44 49 
94
9 17 94 17 94 12 95 76 36 3 18 31 69 1 36 34 33 73 46 98 12 62 82 32 1 18 4 51 13 5 47 22 21 92 90 14 55 84 41 90 86 58 20 6 59 7 39 43 79 37 93 43 98 74 74 50 43 77 52 56 33 98 29 53 89 18 19 44 53 11 85 91 69 5 96 79 11 87 21 42 23 65 84 72 39 9 73 33 37 24 40 70 22 68 
94
62 37 92 57 90 55 42 80 23 98 27 53 60 13 73 53 35 90 88 58 80 96 30 12 33 54 52 54 75 19 27 88 8 71 45 97 25 38 28 99 35 54 51 94 19 75 47 53 64 34 11 43 82 92 7 66 45 58 19 71 28 97 59 35 19 55 83 95 92 62 93 26 68 95 71 86 70 69 90 85 55 52 80 36 44 86 53 88 95 23 59 74 19 69 
99
90 23 43 84 14 57 29 91 24 23 13 9 44 82 98 81 88 50 60 23 93 97 27 80 43 49 90 16 19 58 76 8 80 71 92 45 27 72 35 50 94 48 10 90 81 7 70 68 56 29 42 100 77 68 80 19 68 21 86 86 79 62 94 58 84 37 55 10 60 89 11 53 88 20 42 68 78 11 87 34 91 28 85 19 95 16 89 14 37 75 100 15 88 45 24 71 33 78 32 
100
19 94 96 58 65 90 26 42 52 64 27 95 92 12 13 38 27 2 52 63 28 3 29 15 47 53 37 31 82 20 22 100 65 17 58 29 58 35 70 10 98 97 4 41 60 16 79 86 69 82 1 96 84 29 62 30 81 50 60 15 21 33 66 85 1 75 13 59 9 35 68 59 83 71 51 42 38 81 79 7 62 79 54 45 60 68 26 92 17 37 6 90 69 72 74 70 46 87 80 7 
114
47 17 55 69 67 48 6 48 26 64 61 57 70 6 16 37 31 59 5 20 65 94 88 88 68 9 85 6 40 91 78 86 59 84 6 78 31 64 25 56 27 85 64 48 42 31 84 25 90 41 44 6 86 83 93 5 44 77 10 83 20 39 21 78 74 26 55 4 89 31 12 68 68 75 67 61 6 3 85 47 43 80 52 28 63 96 33 6 24 94 40 43 85 60 73 58 86 79 14 26 62 25 45 29 51 12 41 8 14 26 54 8 57 57 
118
71 52 19 28 76 65 68 70 1 27 94 58 64 73 71 90 34 47 86 14 98 97 54 5 62 31 59 69 40 67 56 10 19 74 38 46 90 57 15 90 83 61 100 47 33 70 88 18 69 73 31 66 22 36 70 83 19 80 52 58 47 59 67 17 84 56 62 74 12 28 63 47 88 14 93 72 36 32 89 4 4 71 69 77 59 90 60 77 22 63 34 68 73 52 84 56 60 97 29 71 76 44 69 64 57 61 87 92 44 76 47 100 98 15 76 56 57 87 
95
78 1 17 97 73 21 32 29 80 28 9 2 3 52 71 18 61 83 5 52 27 32 51 78 29 65 53 37 73 92 20 50 92 37 46 17 9 77 45 88 56 53 41 11 57 63 80 17 46 84 20 24 67 70 1 48 87 5 84 59 96 3 61 40 91 58 56 99 35 100 38 42 4 31 52 12 93 84 28 38 19 48 13 86 69 13 33 7 18 16 66 65 70 78 4 
105
35 59 11 21 10 1 63 66 31 66 77 23 49 5 61 68 4 73 5 24 38 37 31 7 4 48 71 73 25 75 85 59 85 48 32 47 48 94 12 78 11 88 100 12 44 12 31 99 85 35 75 74 23 5 80 26 4 50 50 28 76 87 38 13 34 69 59 33 14 70 10 77 9 9 88 5 21 18 55 57 4 29 82 26 85 61 3 88 62 4 67 38 42 57 50 27 25 60 59 91 29 68 67 89 29 
93
93 1 23 100 57 78 80 38 55 65 50 57 4 11 12 23 100 6 79 1 32 3 60 91 45 40 10 11 29 38 64 73 38 38 72 46 15 4 35 69 68 84 77 23 47 41 45 98 46 23 99 77 78 10 67 74 50 77 85 30 66 100 2 4 38 26 49 4 29 36 73 48 71 1 22 17 41 67 15 86 41 65 63 70 26 81 44 75 9 28 4 75 79 
92
30 16 35 30 72 15 65 96 62 36 96 83 52 89 1 18 74 94 34 88 63 60 21 58 86 29 37 42 55 16 99 84 31 85 14 54 99 30 49 12 65 45 46 69 33 47 38 58 92 24 98 6 83 18 64 20 98 100 61 5 15 11 88 98 95 53 51 45 35 100 56 99 96 2 19 80 100 57 89 91 32 86 96 14 3 11 85 53 11 46 57 77 
104
96 74 3 1 77 47 35 28 55 85 75 8 4 54 7 12 42 49 43 80 96 8 82 7 92 86 69 89 42 45 97 90 71 51 90 99 49 76 78 3 60 52 10 15 5 68 78 98 68 72 77 64 79 11 22 23 48 90 63 90 86 11 31 8 61 20 58 62 95 35 16 6 86 26 21 42 45 98 92 13 70 68 28 100 30 49 74 78 90 37 19 75 99 49 35 60 20 92 73 66 27 88 71 64 
81
91 6 10 41 97 74 62 16 1 61 98 49 35 75 90 23 45 64 21 45 50 32 64 94 56 29 20 44 99 83 8 42 40 69 34 36 42 95 52 42 55 49 42 41 75 31 15 71 47 88 15 48 71 30 41 27 58 60 70 8 95 29 1 34 98 34 22 91 28 25 85 35 73 26 27 99 9 42 69 55 81 
82
2 51 64 43 29 73 54 50 32 100 79 33 34 28 18 55 70 46 79 54 80 3 80 6 53 40 99 73 94 79 7 47 82 22 41 10 94 95 60 77 46 90 9 79 69 27 85 38 24 15 44 55 69 23 12 73 14 63 45 7 41 3 5 74 24 46 36 69 92 47 98 37 88 6 68 56 84 4 45 59 19 88 
105
39 62 77 12 75 39 8 33 79 11 38 5 86 35 40 7 26 86 4 14 73 61 81 80 45 85 24 55 55 64 68 45 25 44 56 100 34 64 84 12 26 21 68 63 55 7 69 32 44 72 46 68 33 78 47 29 14 23 83 68 86 2 13 10 97 20 61 30 35 45 94 12 17 61 75 72 20 43 55 15 15 100 83 99 78 29 79 91 3 13 11 88 15 75 50 63 94 62 93 81 58 38 92 75 50 
109
98 21 61 52 36 27 52 18 25 81 98 3 23 1 15 85 40 81 59 41 44 5 3 88 37 60 77 28 34 26 46 31 47 6 83 34 32 86 51 8 18 100 62 92 52 28 77 92 9 87 32 4 43 86 43 79 46 19 59 31 96 4 62 94 61 96 27 44 33 77 51 2 29 12 45 80 39 21 23 99 60 7 2 54 92 44 33 89 14 43 20 10 98 33 3 58 80 82 1 64 10 3 17 38 14 61 70 4 34 
100
3 93 50 56 46 94 52 30 82 65 72 53 26 69 37 81 78 16 62 78 31 23 32 47 61 97 8 30 1 41 25 55 85 75 62 30 20 13 12 53 30 83 6 7 4 42 39 81 10 100 11 40 75 42 39 35 39 46 16 91 86 40 97 70 66 58 51 85 23 62 38 52 97 95 58 100 88 49 32 97 100 42 89 74 36 27 8 26 72 75 16 9 15 12 30 80 21 32 17 43 
106
54 94 42 48 4 93 35 52 24 84 51 66 24 25 1 2 84 26 25 59 93 33 25 56 14 56 76 45 72 71 90 25 16 31 24 71 23 11 74 99 46 25 64 69 1 16 22 36 93 46 94 37 78 18 92 43 74 19 87 97 41 77 74 57 59 97 27 34 59 1 32 4 77 47 24 29 14 97 64 6 42 10 94 71 79 37 13 4 55 100 1 48 28 74 4 86 70 82 71 81 34 2 36 10 48 12 
102
61 8 54 18 50 63 11 20 41 47 33 45 54 84 45 53 11 70 56 48 39 37 19 71 71 72 7 32 72 18 22 32 77 75 2 26 89 64 98 29 63 30 25 68 65 21 20 27 90 27 74 81 15 44 51 37 16 9 69 87 78 42 70 55 16 23 32 56 39 29 36 53 10 61 20 74 33 91 52 75 17 26 55 31 21 57 68 88 66 88 26 95 29 96 49 96 70 33 3 8 61 38 
89
23 50 31 48 35 21 100 9 89 77 63 72 97 19 91 85 36 30 10 31 58 57 31 5 27 63 7 86 76 96 98 98 46 80 97 80 53 96 40 41 72 2 64 69 72 54 5 60 83 14 42 92 23 24 48 1 39 6 38 14 2 35 63 99 67 59 30 19 55 69 11 78 22 75 98 45 80 2 4 63 68 45 6 90 69 54 42 7 11 
103
72 12 66 86 62 32 44 43 2 50 63 12 80 84 38 77 81 18 79 84 32 98 81 37 39 1 42 80 59 53 10 30 16 75 67 78 58 62 72 59 64 35 23 43 70 60 19 50 29 49 86 60 46 66 97 36 18 90 15 76 42 25 57 58 51 23 87 9 84 58 19 47 44 93 41 14 53 12 15 33 60 100 93 58 17 41 93 34 30 60 61 72 84 69 81 86 91 67 94 27 24 65 25 
98
57 66 33 61 77 99 94 88 51 38 45 19 78 90 5 59 49 65 30 84 34 10 69 76 28 15 2 52 79 79 71 87 96 55 48 24 53 93 11 55 30 8 74 59 97 78 17 45 94 99 28 79 60 48 55 88 62 8 91 92 38 13 79 33 67 78 56 71 70 67 26 51 26 51 9 22 80 77 18 25 75 97 4 87 44 10 74 58 69 16 49 7 28 27 39 94 56 47 
113
25 65 93 75 90 43 35 11 74 12 80 99 38 76 2 24 71 63 49 28 31 64 77 37 43 55 28 88 11 74 4 87 38 96 14 27 91 48 89 64 11 68 62 49 95 15 24 65 77 73 93 8 88 21 96 31 75 23 18 37 96 73 24 85 69 37 63 59 36 51 74 47 70 88 47 16 54 70 81 83 94 25 42 34 97 37 16 23 60 33 60 7 58 83 92 26 71 54 36 6 57 61 4 78 48 50 94 54 72 74 36 17 50 
95
50 46 13 65 68 24 50 79 83 7 61 26 84 83 31 19 89 87 79 92 17 79 94 10 32 17 35 19 33 36 95 83 81 59 99 100 83 48 79 17 6 91 42 89 74 72 7 14 11 38 57 27 68 2 88 51 18 22 69 51 57 63 85 89 21 83 88 55 83 18 71 88 61 64 77 86 36 35 99 98 72 7 76 91 9 63 93 26 84 61 76 40 75 60 80 
108
95 19 54 77 37 25 64 49 40 40 34 27 75 84 24 98 90 99 41 98 61 33 24 96 94 51 87 20 63 66 67 57 85 21 33 73 97 96 21 36 88 6 63 62 89 38 11 78 89 51 28 49 84 3 97 29 5 83 48 67 49 67 75 33 87 7 5 35 55 77 70 94 82 84 7 70 74 17 99 62 68 78 62 3 80 58 83 85 41 30 3 89 48 78 73 34 36 29 20 42 5 42 35 86 25 41 7 50 
104
5 11 77 83 25 31 14 82 13 50 74 94 53 14 42 82 86 27 17 14 47 59 18 88 93 55 64 86 61 66 43 18 76 71 100 52 1 65 34 65 15 7 58 19 73 51 100 58 78 16 24 76 26 93 15 71 48 30 56 60 95 98 77 23 68 28 74 20 93 59 84 59 18 93 77 90 44 28 99 73 43 22 48 21 15 14 91 14 43 46 73 38 95 2 12 62 29 85 33 73 96 16 83 13 
103
59 2 3 86 52 75 81 74 74 1 40 87 91 53 30 88 77 19 82 30 30 95 59 66 27 83 61 94 66 25 53 76 78 56 62 30 82 94 3 56 46 94 42 88 98 23 75 74 41 56 4 22 50 14 40 28 96 52 21 13 77 25 89 6 32 2 35 14 95 89 21 92 82 14 79 79 37 53 5 29 60 60 51 61 73 42 88 20 93 60 33 21 84 73 27 68 74 13 33 20 54 53 11 
130
66 41 66 54 45 22 83 4 81 85 64 5 78 3 76 70 62 60 43 97 32 21 16 57 33 48 76 86 52 38 73 70 78 90 23 22 11 57 77 43 41 40 99 18 94 74 40 55 34 34 4 17 54 19 74 38 19 49 76 70 39 100 91 16 89 14 38 51 22 14 93 63 6 43 32 99 16 23 6 1 8 61 70 61 31 43 51 49 43 26 71 81 77 61 97 65 26 86 67 48 51 11 62 56 53 45 7 20 20 64 21 27 24 90 40 54 84 90 55 26 67 77 59 43 89 7 59 67 44 25 
90
94 35 27 2 87 23 8 6 42 23 78 21 46 19 60 51 2 1 57 80 67 33 90 61 22 96 19 40 39 43 53 84 29 31 85 15 53 44 72 47 66 2 19 11 20 30 14 74 82 70 5 48 55 94 60 28 89 78 67 79 20 71 62 48 1 99 14 5 42 37 3 8 90 73 70 10 2 35 35 83 5 39 82 59 32 41 38 72 18 4 
101
89 74 15 88 26 13 53 30 55 42 85 14 31 57 35 92 11 70 26 45 74 16 27 84 99 19 73 22 89 76 23 29 1 38 17 26 2 21 7 8 62 43 21 45 100 56 36 62 77 14 6 2 29 84 85 80 3 9 1 91 84 24 19 36 13 87 61 14 8 19 74 21 62 94 65 13 1 1 74 29 66 31 30 46 15 66 25 69 74 26 59 9 1 29 44 13 68 4 78 27 23 
111
47 36 97 12 48 49 64 73 78 81 3 7 26 17 73 51 85 98 28 95 7 28 76 50 92 43 6 69 69 28 72 67 15 68 30 62 68 93 34 45 25 36 4 51 5 28 53 41 25 32 88 31 59 63 81 2 57 86 22 77 65 93 43 79 12 73 92 80 17 77 24 42 64 27 44 68 54 96 61 31 79 48 61 89 10 93 90 18 30 11 94 46 4 36 76 15 8 67 94 77 95 70 18 59 48 13 78 54 60 38 84 
94
85 96 26 46 41 15 63 70 25 8 68 80 44 43 47 3 62 92 79 56 61 48 66 61 60 44 14 19 81 49 8 18 44 33 15 84 99 30 6 76 37 73 55 80 67 1 35 28 93 13 36 5 13 1 65 72 96 78 43 77 78 50 46 22 35 60 57 33 89 62 8 26 86 15 57 53 15 91 32 59 56 19 16 68 72 80 91 67 10 33 43 87 35 40 
89
69 100 17 53 40 30 61 17 16 75 74 20 41 16 51 52 71 22 67 38 93 98 29 59 59 13 54 46 99 93 57 19 92 73 72 32 55 32 100 70 58 73 41 50 89 91 1 59 12 19 49 56 17 29 15 75 41 68 72 92 60 29 10 4 53 81 87 7 64 86 28 21 59 68 71 99 11 23 9 74 94 57 30 10 85 96 36 78 63 
85
69 22 40 30 25 92 11 11 51 74 97 30 47 7 98 69 5 60 43 13 85 36 22 66 97 6 61 85 35 23 44 55 97 83 85 21 26 95 84 28 20 32 58 66 38 7 86 94 66 29 58 2 64 79 68 61 85 28 45 71 51 40 26 47 74 10 19 51 56 54 79 75 85 36 93 74 94 78 67 59 6 25 60 22 3 
92
34 39 7 78 62 9 69 87 7 94 48 25 44 55 79 22 81 15 9 73 89 2 3 55 12 60 31 24 81 86 2 14 76 60 43 37 68 63 75 74 56 74 51 100 28 29 73 9 43 34 33 83 87 35 38 99 95 20 74 27 5 27 93 33 87 35 69 54 50 96 80 5 69 30 4 49 10 29 57 4 62 41 87 48 76 76 98 22 95 71 48 52 
95
40 84 36 27 52 41 76 99 20 32 68 1 88 16 10 16 24 66 29 16 52 76 91 27 26 64 73 96 64 24 45 55 7 80 81 11 21 8 61 92 92 28 93 79 95 54 94 70 19 22 86 22 49 28 48 26 44 73 22 7 96 18 61 55 50 94 17 22 53 77 13 44 57 5 22 3 11 67 25 29 40 62 51 41 89 50 66 32 22 39 90 70 57 51 24 
93
44 92 27 48 20 91 92 76 48 13 31 58 80 55 86 71 16 88 11 56 38 77 40 11 15 29 80 71 31 55 28 26 46 6 74 66 49 65 93 96 29 23 53 60 29 90 31 44 78 41 52 67 17 91 77 84 19 9 6 50 63 86 75 61 91 100 78 39 64 70 86 45 45 38 4 73 28 34 69 5 27 20 23 95 62 99 78 80 59 36 81 22 21 
95
82 11 7 11 2 23 80 87 67 76 77 70 1 4 56 21 60 34 92 82 28 53 32 58 84 91 93 65 64 13 24 97 75 82 7 28 56 38 67 22 14 43 44 66 98 51 38 57 84 29 90 63 81 73 20 64 15 12 80 78 24 55 74 51 37 32 78 44 70 44 66 35 86 61 100 83 63 89 91 46 17 80 8 97 5 80 12 19 91 44 97 67 98 22 17 
115
54 94 30 23 90 47 9 27 59 60 62 21 48 52 18 64 84 77 12 88 56 75 58 99 18 54 65 68 28 33 5 33 78 86 55 67 32 15 46 42 74 7 62 21 58 31 84 93 8 47 80 15 21 38 13 91 43 29 58 22 61 14 54 91 100 60 9 83 74 54 25 47 60 38 67 18 69 2 10 28 48 42 42 69 31 7 59 73 35 68 95 48 81 48 38 32 60 46 15 33 100 39 80 11 76 98 80 44 100 42 23 47 83 65 67 
112
71 77 37 57 96 83 4 77 83 93 8 42 39 22 74 90 12 5 100 88 3 80 83 2 73 6 100 55 22 67 19 44 95 7 100 91 42 56 19 24 48 26 17 38 100 42 79 63 47 31 2 1 62 85 54 34 42 53 88 15 71 58 58 66 16 9 56 57 64 74 32 64 51 48 1 2 42 32 65 40 62 66 40 23 2 93 56 95 97 95 9 68 4 66 85 19 75 40 76 90 65 59 53 15 59 6 69 100 37 33 91 98 
94
30 72 4 74 27 98 22 73 7 41 76 24 25 94 98 64 21 40 28 80 44 95 38 49 63 89 37 47 79 34 96 60 5 51 85 83 49 6 55 55 47 82 78 71 76 28 87 48 19 66 27 62 60 16 11 74 4 47 20 34 33 68 93 89 18 77 24 66 35 30 72 33 12 2 3 87 81 41 34 99 7 13 60 66 80 22 40 84 21 11 17 53 78 62 
117
96 90 16 13 24 46 37 56 9 38 11 95 18 3 80 68 9 44 27 27 24 1 66 59 21 28 27 25 6 40 17 53 30 85 17 53 82 53 61 90 42 23 36 59 25 67 78 34 63 5 12 86 57 29 96 77 56 74 1 13 14 69 65 43 5 34 47 86 86 59 27 80 81 62 90 58 81 68 43 43 24 54 80 80 82 75 56 37 48 8 2 61 28 66 55 33 51 2 70 89 60 97 68 93 10 57 2 90 24 44 84 47 49 63 78 82 89 
118
70 89 92 71 1 20 37 56 4 39 9 73 27 20 21 94 12 31 3 65 72 26 8 56 25 8 70 2 89 59 87 59 47 30 29 47 1 17 2 4 56 10 77 34 82 97 28 45 79 82 10 51 7 69 58 83 77 27 37 65 37 75 75 83 4 4 30 5 72 83 60 27 45 88 61 26 37 40 70 15 21 79 17 79 100 26 14 76 5 50 92 41 76 67 24 79 22 5 35 93 87 47 72 83 34 84 8 70 75 30 37 95 60 5 25 59 31 38 
96
35 39 78 27 14 96 50 45 17 6 31 61 93 77 84 27 11 67 87 32 41 16 68 87 75 25 12 86 55 1 71 41 92 48 67 57 43 69 1 11 74 84 24 18 60 7 45 70 26 31 54 66 98 73 5 72 97 68 57 51 20 28 43 11 27 62 68 22 82 20 84 55 3 7 25 15 66 69 36 91 51 89 8 48 62 64 71 58 31 28 61 51 7 55 13 85 
97
32 6 49 52 90 4 6 48 28 72 13 48 8 55 98 96 15 97 9 78 67 67 61 46 79 11 52 33 23 37 1 7 94 49 58 35 4 15 83 83 87 47 82 46 54 31 93 20 27 2 97 94 20 9 39 98 71 43 82 46 31 34 52 24 35 9 59 38 75 93 73 13 91 54 58 44 85 51 63 11 4 12 56 23 20 95 72 91 89 5 36 19 39 87 94 73 47 
106
62 73 48 34 38 39 40 95 82 76 97 97 86 100 8 94 74 79 40 45 21 28 2 8 98 40 46 43 64 44 47 25 17 94 11 54 84 2 100 66 77 49 62 14 100 21 7 74 51 46 70 72 25 71 79 74 62 77 17 25 20 15 2 88 8 64 41 92 65 93 9 41 41 22 54 40 42 13 65 92 10 35 15 35 57 46 8 19 22 76 95 41 90 96 29 50 59 21 41 23 13 1 15 5 22 69 
97
15 33 61 58 42 47 73 76 56 70 36 74 91 11 68 31 1 16 11 50 26 32 42 49 96 94 15 53 67 35 49 33 67 9 90 9 8 14 36 63 83 23 88 73 34 7 56 86 22 18 87 48 1 80 48 97 25 62 1 91 97 49 23 15 9 64 23 16 78 11 30 12 33 17 37 18 24 44 55 97 61 41 44 62 72 43 10 96 5 10 38 53 10 60 67 18 24 
99
86 53 52 15 64 36 84 100 54 59 43 8 55 56 1 51 69 24 93 78 72 49 39 9 53 100 69 20 17 44 13 54 96 16 21 59 51 4 11 56 14 5 64 68 60 16 18 80 91 63 57 62 11 47 71 64 46 91 35 15 34 47 20 29 14 40 39 64 95 1 20 8 58 35 28 17 2 97 49 92 59 57 54 70 4 24 85 1 66 19 67 99 17 87 79 82 78 69 45 
95
70 16 84 27 2 11 95 55 8 43 47 18 100 52 39 55 27 23 7 92 93 26 90 61 64 68 42 41 88 39 17 57 6 1 35 60 11 82 14 70 76 60 88 27 11 78 33 37 1 40 28 45 65 69 58 28 88 51 20 76 41 37 84 47 37 19 58 99 52 71 69 27 83 8 6 45 37 38 34 89 77 13 34 93 82 43 72 21 93 92 96 34 80 80 32 
99
50 89 66 53 59 86 79 93 45 36 38 82 74 71 70 2 83 55 95 16 97 66 37 90 9 32 75 40 63 6 7 64 94 25 16 4 10 47 97 55 82 86 88 55 56 57 57 90 12 3 6 60 20 94 49 81 77 75 20 40 80 79 3 25 3 19 81 12 17 77 18 98 14 5 53 21 14 61 10 77 63 67 36 34 60 37 14 37 11 34 28 91 12 82 15 66 100 47 77 
110
75 47 66 88 3 70 8 16 30 70 92 44 36 80 77 48 16 43 36 26 28 15 16 91 96 83 56 48 29 84 63 4 30 80 43 33 49 51 48 78 72 92 73 7 71 2 6 38 44 93 63 23 7 31 13 3 65 20 50 45 3 64 48 33 44 43 17 44 93 64 74 64 7 46 22 29 99 80 66 94 72 29 16 31 11 80 33 75 99 34 19 2 49 19 86 44 61 2 88 5 17 61 20 76 58 93 4 57 72 22 
114
96 2 18 78 12 97 62 86 48 95 56 1 95 74 86 39 34 87 26 90 55 86 9 30 43 2 34 99 25 7 1 72 8 18 49 19 66 10 56 13 56 11 13 51 37 50 89 22 36 66 12 43 51 72 72 45 25 57 96 50 63 96 73 70 65 22 40 30 83 95 95 91 58 59 41 94 9 81 15 96 46 78 38 48 50 10 92 74 66 87 75 81 34 48 50 98 21 90 80 3 36 26 93 93 84 85 86 44 17 53 40 14 30 29 
95
31 90 5 5 8 43 31 88 29 78 37 26 98 26 57 53 62 82 97 6 18 34 44 61 50 96 52 16 77 81 28 60 70 84 16 29 79 46 16 7 24 53 32 73 30 41 25 43 74 22 49 91 55 92 4 56 39 55 71 67 87 51 26 9 34 93 37 64 39 53 70 14 57 54 86 86 94 11 81 67 84 29 10 38 72 13 45 62 19 16 80 58 18 58 66 
102
50 54 67 88 58 36 1 14 89 39 52 34 1 32 53 84 60 62 73 83 26 17 44 44 84 23 53 1 32 70 4 82 24 22 21 81 57 74 47 98 12 98 31 12 29 35 47 88 96 19 22 73 35 17 69 71 39 21 23 23 91 26 4 14 99 24 46 56 97 92 5 8 89 87 71 69 22 17 56 17 87 29 90 22 45 58 44 36 30 66 58 20 44 61 85 42 36 31 49 33 74 53 
125
15 40 15 83 61 31 91 77 18 19 18 91 16 27 86 51 57 51 8 76 94 20 13 36 55 95 84 39 68 37 83 34 76 97 17 88 79 59 16 48 29 34 90 44 12 75 94 20 26 53 48 19 72 60 6 79 54 90 17 21 78 99 7 5 47 23 92 26 33 7 25 61 92 15 5 56 89 98 75 14 3 22 85 74 81 90 4 86 31 21 59 60 71 65 64 70 39 7 95 71 66 19 31 9 85 35 64 74 85 91 39 87 64 23 12 97 65 16 82 95 88 40 7 10 56 
111
79 94 29 25 64 46 96 47 54 80 81 70 5 17 12 44 3 75 66 67 71 82 82 53 29 21 44 35 30 100 56 61 45 84 85 9 29 32 7 35 12 39 4 16 56 15 11 10 89 29 76 12 10 9 64 38 29 59 72 11 58 28 71 3 63 55 63 92 87 21 26 50 59 81 17 14 95 28 24 35 56 51 46 65 60 61 3 40 20 26 50 29 5 20 83 68 75 97 59 13 17 36 14 76 16 30 89 62 57 64 48 
120
15 94 29 26 6 31 65 25 8 15 6 13 34 88 80 60 85 90 24 1 25 37 76 40 67 17 53 23 80 100 87 46 45 15 71 51 97 36 27 4 50 32 68 35 20 47 95 56 36 18 56 12 55 84 3 73 100 55 95 31 7 81 77 51 95 47 53 43 34 80 47 35 63 14 70 82 13 16 89 100 85 45 64 39 80 66 11 79 73 58 61 79 90 37 81 37 36 34 79 69 65 25 56 27 91 25 61 55 40 49 6 24 45 69 15 24 35 77 54 59 
105
15 37 76 3 17 12 38 2 90 59 66 67 14 93 9 90 53 63 81 1 68 56 46 89 70 21 75 99 75 33 84 89 21 59 43 89 22 81 91 12 91 56 30 56 100 38 45 4 100 25 57 19 80 2 59 2 74 33 100 48 17 35 88 37 46 31 26 67 63 16 30 5 23 59 60 75 96 4 78 47 80 34 18 59 87 76 12 61 61 63 8 77 98 48 14 43 30 39 61 92 6 91 96 80 49 
97
54 97 62 32 43 41 17 12 51 4 40 63 16 100 77 75 28 74 22 41 68 51 31 29 94 88 71 41 68 71 47 21 67 8 4 62 100 21 73 3 76 64 65 91 15 93 65 43 67 39 35 86 89 18 14 35 5 84 75 24 7 74 97 73 33 100 34 33 72 59 35 99 22 51 89 89 43 6 31 61 44 65 47 84 82 12 18 39 48 45 62 54 18 58 26 50 10 
108
34 33 22 20 32 95 70 72 83 65 29 13 25 24 30 23 8 63 35 77 53 82 21 15 87 90 24 12 92 85 75 25 18 96 45 1 43 66 72 25 30 53 90 7 76 19 29 83 33 15 12 86 48 84 52 34 74 75 98 65 60 72 89 29 20 85 29 62 51 52 38 32 4 27 38 80 97 19 14 30 85 77 67 33 61 18 18 34 44 15 98 3 39 38 83 58 23 11 71 73 15 8 4 18 35 94 49 83 
84
15 12 48 91 30 80 51 47 98 84 91 64 33 45 2 71 80 11 45 90 81 69 56 89 24 74 75 17 74 57 32 88 21 80 31 50 11 81 49 60 17 91 24 1 87 25 23 66 88 67 56 68 35 63 8 59 36 34 27 62 91 59 1 63 90 31 64 100 64 12 60 32 54 35 32 41 59 55 6 98 21 13 66 8 
100
25 18 63 59 96 24 1 6 77 63 95 7 78 47 22 90 6 53 95 40 85 35 50 91 41 48 63 53 65 22 28 89 39 43 47 87 66 47 92 42 61 39 1 39 85 74 80 42 27 74 81 63 9 82 5 1 81 67 53 45 89 33 34 79 75 32 65 92 31 9 86 91 47 38 81 31 11 60 72 89 34 4 3 94 37 7 94 18 74 98 14 14 30 47 92 56 31 9 100 61 
90
85 3 63 74 84 45 84 43 68 25 28 23 27 73 59 34 66 76 59 64 90 72 45 88 15 53 70 75 52 30 91 88 33 5 61 68 1 96 10 68 20 90 42 47 62 1 32 80 28 90 95 69 13 39 9 79 43 78 54 94 60 96 81 44 1 93 11 53 89 72 73 60 61 14 6 75 66 37 54 94 78 48 14 42 38 74 21 81 52 26 
110
63 21 7 6 73 51 68 26 91 39 50 51 52 63 56 26 81 45 79 26 74 26 39 16 63 13 88 95 16 13 69 78 85 27 35 58 29 54 35 20 44 84 70 95 98 25 72 78 21 2 3 95 27 94 10 42 58 49 36 73 61 56 2 45 34 88 54 63 93 88 82 36 23 51 83 73 27 54 2 100 56 57 94 34 50 55 27 59 3 15 83 15 70 84 59 56 23 13 18 15 52 51 2 27 53 84 51 79 38 52 
120
45 8 23 30 9 77 57 67 31 71 49 45 92 84 4 47 58 68 16 72 71 66 74 49 18 9 99 49 98 3 78 42 10 1 24 71 29 80 37 60 2 38 56 93 73 11 40 31 78 55 54 1 73 79 1 42 88 100 90 85 2 68 79 63 20 2 33 48 33 22 59 34 59 15 26 31 25 17 13 55 24 67 7 96 45 7 37 84 58 79 69 11 98 99 74 17 100 58 16 32 79 27 65 89 41 42 72 17 59 84 71 34 2 29 81 47 36 69 30 45 
108
50 56 44 48 81 12 99 38 28 30 69 6 46 57 46 40 80 14 98 16 37 83 17 65 63 15 52 31 97 97 78 46 52 73 46 32 37 44 21 16 26 89 21 23 98 66 62 77 79 11 92 15 93 61 32 7 27 83 38 23 79 67 21 30 91 18 13 27 61 34 42 38 22 62 61 71 79 74 48 58 85 91 24 29 3 7 36 30 90 73 4 20 91 24 2 81 41 14 8 54 99 49 43 73 11 55 43 89 
94
90 98 13 33 74 93 87 32 28 16 21 52 20 41 42 95 94 23 36 7 82 41 6 82 83 30 92 38 72 33 66 14 82 30 98 7 74 84 91 2 100 11 5 71 3 99 65 96 21 52 55 54 92 12 35 27 41 79 64 64 63 81 77 96 62 74 55 87 58 45 88 9 55 45 79 10 43 43 57 15 47 63 68 38 74 2 64 66 32 79 30 94 11 58 
112
24 32 44 11 41 88 50 49 94 94 79 55 88 73 12 2 19 26 69 9 100 23 72 17 54 3 98 48 65 56 89 89 39 32 51 79 71 100 79 64 46 9 19 33 81 82 35 100 59 55 8 10 77 31 27 83 85 24 30 50 31 70 90 69 1 40 47 71 91 77 86 36 85 56 69 18 89 3 69 48 9 28 57 86 10 83 20 95 59 49 96 89 70 37 58 70 76 56 92 18 85 29 54 21 85 22 38 73 76 6 72 84 
90
29 21 43 63 40 89 21 40 36 62 9 72 71 30 99 78 73 16 14 2 69 35 86 42 72 10 69 30 82 53 14 10 25 56 24 17 96 45 56 31 58 17 2 80 98 100 57 71 16 71 72 36 5 9 78 28 70 46 57 51 50 23 12 27 78 36 43 26 32 50 56 41 18 10 20 16 61 76 38 28 98 61 64 54 21 93 82 90 90 90 
79
92 12 4 18 42 91 12 19 22 13 74 62 31 35 33 98 96 9 87 23 58 47 38 12 67 30 45 8 72 86 100 63 50 4 80 43 94 43 61 68 55 86 81 37 21 14 86 16 74 72 90 83 18 28 94 36 9 90 44 80 76 43 42 77 98 73 19 92 15 79 11 22 16 43 58 36 56 44 3 
100
67 93 64 85 72 9 72 80 99 67 60 26 10 53 2 59 26 72 2 92 2 12 13 17 55 23 53 62 18 55 43 84 99 58 20 70 66 92 50 64 58 61 41 19 13 42 78 90 65 79 82 66 43 46 83 49 68 35 10 37 41 4 21 40 61 40 9 79 83 58 42 93 70 35 11 83 76 40 72 93 71 5 58 13 51 40 61 70 74 22 7 15 26 79 54 38 18 14 16 1 
94
10 93 41 44 55 75 71 47 99 63 17 3 21 81 5 60 93 27 86 66 85 52 43 63 5 81 80 70 48 32 41 57 76 34 52 31 60 75 29 58 37 45 13 9 77 69 21 21 95 6 86 79 57 29 41 13 61 73 82 8 4 75 17 80 60 20 62 19 94 90 29 31 86 93 91 62 61 11 34 8 16 19 86 24 47 79 88 59 51 70 67 6 96 35 
100
55 54 98 25 48 39 5 30 24 97 20 37 10 31 70 17 98 41 54 74 87 84 61 46 34 82 64 92 77 98 28 83 3 26 60 50 64 64 31 40 13 51 28 22 33 98 90 82 38 43 55 76 79 16 73 12 49 88 55 26 37 83 60 40 8 19 41 23 83 24 14 47 74 42 20 58 91 9 39 28 3 46 55 81 13 80 45 61 67 99 38 56 81 98 95 40 68 87 15 2 
115
28 48 35 21 67 44 11 27 35 90 30 80 45 62 44 76 6 56 42 5 94 49 37 43 95 29 10 82 43 12 43 22 11 78 43 78 21 53 4 7 43 85 86 39 47 81 14 52 37 7 8 30 56 97 24 50 25 33 83 19 96 26 40 7 55 82 36 27 87 91 34 81 28 71 19 74 52 84 77 88 90 37 17 45 33 40 47 9 24 29 27 72 6 66 78 60 100 65 87 38 7 20 18 34 90 36 7 41 19 36 80 60 72 96 57 
97
87 3 64 63 83 90 34 89 7 63 100 58 27 86 95 33 57 64 67 99 51 25 91 21 60 71 81 31 18 89 38 5 91 1 19 25 42 52 65 1 14 65 10 40 2 57 24 59 20 42 9 23 67 99 43 26 69 23 9 87 63 46 43 5 99 61 30 92 12 46 44 77 10 54 68 12 62 91 22 81 33 30 3 51 28 98 76 49 72 36 87 35 34 81 39 84 93 
92
75 56 14 71 32 75 24 99 38 85 41 59 17 25 40 72 75 20 69 3 68 40 38 6 26 23 86 65 6 78 84 33 33 49 3 16 24 78 14 61 14 54 72 82 79 11 53 5 30 73 7 97 65 45 54 90 19 39 6 25 68 90 9 52 38 63 67 13 40 32 74 5 38 45 86 68 7 91 72 37 15 79 85 79 75 39 21 93 29 78 69 49 
112
29 100 57 91 19 69 82 50 42 86 87 38 72 6 45 14 78 33 28 8 17 59 34 7 31 78 36 8 99 84 27 27 35 83 18 53 51 99 55 45 37 93 82 60 99 78 73 28 62 52 35 79 10 20 37 92 97 72 100 95 7 26 22 94 8 91 98 10 41 52 54 77 45 88 36 95 17 8 22 79 60 8 9 21 27 45 65 75 69 64 70 27 41 43 20 100 33 18 9 73 69 15 50 65 2 85 59 70 45 80 48 56 
100
56 28 17 1 92 92 21 7 61 47 99 55 67 98 87 36 59 11 4 73 60 21 26 97 79 95 93 11 43 100 49 50 27 18 2 71 9 22 77 21 21 76 75 87 25 13 22 83 23 77 7 35 97 84 83 76 79 75 38 73 74 38 74 52 55 76 22 15 49 99 35 69 26 61 7 2 73 80 37 48 57 43 34 53 79 16 80 57 42 17 81 67 7 54 18 61 81 40 76 82 
104
62 2 67 23 9 68 47 88 4 46 44 99 79 49 29 46 80 37 87 49 17 53 55 22 23 67 55 14 94 88 55 56 89 21 30 97 40 76 37 96 74 32 46 52 32 74 98 12 10 36 12 78 41 66 99 63 84 5 76 78 92 82 33 33 2 14 29 93 89 17 88 62 49 85 66 80 58 15 43 19 50 54 96 90 71 47 4 55 3 31 32 95 12 16 27 13 29 7 58 69 24 45 83 24 
117
100 3 39 14 98 58 63 51 5 5 22 51 8 28 54 39 11 100 50 26 78 15 6 84 72 26 59 68 60 34 49 59 37 88 72 86 97 87 36 1 43 9 4 50 36 9 40 46 8 42 23 37 56 80 72 79 6 31 46 17 64 95 76 52 34 99 37 82 37 25 34 79 85 37 81 73 45 20 18 4 13 93 40 20 24 12 98 81 94 96 98 9 90 73 13 75 71 1 56 8 25 89 38 62 78 18 34 74 90 3 30 2 95 21 22 71 84 
76
51 77 66 48 38 7 20 50 33 43 50 88 2 27 29 39 88 58 9 73 31 98 75 60 51 70 81 24 40 64 95 42 93 12 90 30 19 61 31 51 3 32 91 4 10 71 95 97 28 3 69 58 52 96 70 2 17 50 26 8 65 72 49 9 83 38 90 1 99 20 4 1 4 94 57 13 
107
3 62 91 57 30 100 8 25 69 9 93 70 86 100 87 57 49 95 92 86 37 44 84 8 47 37 11 92 45 24 7 99 85 49 55 66 49 62 43 69 22 35 91 8 35 29 16 83 75 7 68 11 51 4 19 49 92 29 93 36 52 99 34 88 48 40 54 48 1 96 68 22 30 10 81 64 38 97 46 13 55 66 75 57 21 93 6 12 74 98 99 77 48 84 65 47 23 18 94 23 13 14 96 94 23 77 58 
99
73 55 25 27 72 99 84 92 44 41 3 69 90 53 45 89 36 9 36 58 78 81 32 90 94 28 36 69 4 45 29 28 99 5 54 23 55 89 14 50 81 69 18 22 21 63 11 57 23 46 66 1 26 98 42 72 77 77 40 80 21 20 7 72 76 12 94 30 53 59 80 85 27 49 7 100 11 17 8 86 14 73 86 91 22 79 62 50 8 1 29 80 72 87 3 47 51 96 29 
98
7 8 39 33 56 45 84 19 13 91 4 26 16 41 17 89 71 30 39 78 83 19 58 54 6 60 53 8 8 81 14 14 40 52 98 95 49 82 65 13 24 20 91 39 60 59 28 31 88 66 60 70 84 17 76 41 29 80 100 88 60 13 53 99 17 50 45 17 83 62 29 59 81 19 97 41 77 76 23 17 93 82 38 29 51 13 21 31 44 21 18 3 85 70 53 1 71 50 
106
6 11 98 64 91 16 12 31 45 40 5 61 32 39 98 60 89 63 33 19 58 53 88 61 89 57 65 90 79 14 58 84 24 55 99 15 23 11 97 19 50 2 79 33 40 28 45 80 42 77 98 100 29 37 12 69 93 76 58 23 90 68 7 65 74 5 79 96 67 76 66 68 29 44 1 20 24 45 99 17 73 48 68 1 84 31 21 28 7 79 50 48 98 56 12 71 13 43 19 31 70 84 99 98 80 51 
101
55 47 67 71 19 14 91 71 49 21 91 76 79 21 25 26 18 33 90 89 97 84 7 27 53 42 77 50 21 79 18 75 25 36 46 95 49 36 65 49 8 56 24 87 28 100 64 46 32 53 86 28 88 44 7 40 85 35 89 6 14 58 80 90 93 77 85 93 64 1 41 72 8 16 58 36 16 73 81 47 26 66 27 13 9 85 5 45 71 45 50 36 3 30 26 47 58 62 92 22 62 
91
93 22 100 2 57 15 74 89 13 51 6 91 16 14 75 20 10 98 64 60 33 18 41 10 17 98 71 8 19 85 91 63 6 90 16 14 4 90 2 17 92 7 59 59 72 34 78 81 31 94 40 15 63 80 25 79 30 47 38 48 31 29 63 88 18 78 53 74 67 54 42 11 60 100 69 83 85 99 64 67 92 55 82 6 87 6 37 16 52 74 15 
101
2 77 74 72 55 27 97 21 80 90 83 92 41 52 74 26 50 89 92 93 44 25 98 30 30 34 97 34 8 11 68 61 88 41 84 42 19 32 14 51 21 97 42 62 100 67 39 49 56 82 41 51 7 90 32 36 24 28 69 83 38 88 95 77 81 79 18 99 10 84 49 83 32 42 44 31 9 34 31 16 15 23 66 21 12 97 9 35 76 77 69 13 17 64 90 97 94 59 95 3 94 
104
37 77 37 80 59 97 65 89 64 80 11 81 100 75 29 8 61 4 37 30 17 5 93 58 1 86 68 47 40 14 94 77 90 83 8 49 31 73 89 95 52 52 75 3 26 56 63 38 59 51 67 27 55 11 36 7 48 4 53 88 69 47 16 58 29 75 58 11 47 99 5 50 50 32 5 27 87 19 64 45 69 83 24 23 93 59 81 41 14 33 80 82 31 47 92 11 21 49 22 20 99 78 21 100 
114
77 26 47 95 42 44 63 76 67 37 68 25 17 60 39 2 91 72 32 89 63 95 10 64 16 81 62 45 1 62 54 78 39 100 24 32 43 87 7 61 75 27 86 44 38 76 45 29 99 28 17 14 74 78 77 41 58 90 86 11 51 39 40 42 90 63 73 85 1 80 45 28 58 82 71 95 9 67 23 60 46 92 73 20 21 49 60 31 38 45 41 41 35 32 82 25 46 6 61 47 37 57 26 94 91 96 89 99 14 63 58 59 6 30 
113
27 30 90 57 20 34 49 60 69 32 93 45 77 50 57 75 87 13 100 32 3 47 72 54 12 87 63 71 92 45 100 70 74 89 78 93 75 78 4 95 9 48 91 86 98 47 12 36 11 64 67 66 62 91 71 74 77 33 96 20 29 95 42 3 36 71 47 62 49 3 56 57 50 98 94 47 96 58 82 58 21 1 23 82 43 45 55 71 78 2 42 6 97 83 60 84 54 59 45 2 61 52 10 10 1 56 9 96 13 42 53 85 94 
98
66 36 72 73 6 1 74 48 59 22 82 18 57 87 76 53 40 88 56 50 98 56 57 58 51 21 99 56 5 93 83 22 80 6 46 86 7 72 85 65 45 18 34 2 5 10 6 44 49 62 45 98 69 53 55 72 73 54 27 29 98 61 3 77 66 48 14 24 71 98 88 68 68 22 69 72 83 26 67 31 39 12 29 8 16 35 79 89 88 57 69 85 17 71 14 34 71 27 
89
41 77 97 8 44 18 28 67 52 6 33 35 44 96 15 51 12 49 81 52 37 37 20 73 53 91 38 39 61 65 96 53 41 92 13 36 62 40 2 13 45 86 99 41 82 13 91 45 62 72 96 50 60 15 74 13 57 12 51 69 76 98 22 68 41 86 55 2 25 56 67 22 41 65 14 74 78 56 18 91 79 65 40 39 32 65 51 40 76 
120
9 3 2 82 22 42 67 76 44 43 83 62 16 76 26 29 49 55 85 19 45 63 35 36 53 66 53 3 58 28 7 66 83 60 99 56 2 65 32 97 59 14 58 27 89 83 55 90 90 91 60 34 6 94 22 58 12 74 13 69 53 71 86 87 31 84 43 84 100 26 80 58 91 89 36 32 23 91 21 12 33 32 98 90 25 71 48 88 44 12 8 48 34 93 35 64 28 29 99 27 54 78 37 44 66 72 75 41 14 47 52 99 78 49 88 55 71 87 94 14 
107
2 14 84 94 48 99 74 28 98 100 81 75 88 76 93 60 51 33 25 49 36 23 27 37 63 33 7 49 26 73 51 27 86 34 73 85 32 46 12 29 97 92 56 85 67 48 96 69 32 20 18 19 43 96 55 57 28 62 5 5 34 7 84 19 40 8 3 72 5 66 52 1 57 7 37 75 6 32 96 89 52 65 8 46 60 62 2 39 75 58 43 60 65 26 78 4 85 32 27 89 49 79 42 5 37 78 32 
97
10 79 31 61 43 38 58 2 52 11 40 26 68 34 86 84 12 15 40 96 99 66 37 47 96 78 4 85 55 87 27 64 65 9 76 7 99 85 60 2 95 51 27 63 36 64 46 47 31 37 95 81 55 31 79 50 8 34 86 14 20 12 78 36 73 5 94 71 90 53 72 36 55 50 98 91 66 96 37 48 32 83 28 38 13 6 88 72 92 73 86 11 37 15 99 61 19 
124
83 60 97 6 96 51 55 45 41 72 92 30 19 76 64 98 13 77 56 52 100 47 77 37 9 65 51 7 25 22 51 7 33 47 12 80 97 18 25 90 90 68 71 60 43 34 10 8 62 65 59 14 11 87 50 71 51 53 78 75 74 28 81 6 26 92 86 74 10 62 15 51 81 85 62 76 71 71 83 84 35 93 49 97 80 99 68 30 51 97 57 76 76 37 81 1 81 18 74 42 31 89 44 12 25 5 87 95 76 21 31 62 13 79 59 44 29 78 26 79 26 82 6 1 
93
87 53 50 56 26 91 39 14 34 2 91 91 88 37 66 60 67 27 24 98 37 68 26 66 45 57 43 26 62 43 95 100 95 97 8 73 39 98 38 25 99 28 15 38 65 32 97 83 58 20 32 47 39 58 64 83 66 7 60 79 1 55 31 96 51 90 20 89 87 57 13 85 85 79 22 1 10 70 83 20 89 15 18 80 24 81 14 41 87 74 71 88 28 
107
35 30 42 54 70 28 62 35 12 46 13 85 98 23 54 33 94 95 47 11 74 22 91 87 14 30 12 84 69 39 37 55 20 78 8 90 58 69 24 21 67 88 6 64 62 11 48 55 5 94 65 30 67 8 69 32 37 80 16 5 71 4 11 90 33 18 79 42 38 54 63 56 42 20 72 3 30 19 58 87 65 74 16 83 81 36 15 17 16 82 73 86 37 83 75 69 52 6 63 42 59 25 49 100 44 72 55 
110
43 12 11 7 37 79 41 18 14 7 86 81 88 11 18 24 45 45 45 97 50 7 90 60 83 90 12 78 14 66 2 56 29 65 14 65 95 54 82 60 61 68 41 100 78 58 76 22 2 72 70 3 30 11 63 12 53 74 41 66 39 42 21 67 58 34 31 52 39 65 12 51 84 4 3 61 13 78 34 15 1 56 69 30 66 31 93 18 56 33 35 94 26 55 12 84 40 95 87 79 59 50 81 94 53 83 54 66 12 39 
99
12 94 100 41 60 83 33 29 38 17 64 84 43 70 95 26 10 41 64 40 51 14 20 44 18 55 49 35 66 88 18 78 81 70 70 92 52 3 73 41 19 88 24 13 57 71 38 18 11 54 57 14 19 29 57 36 83 6 23 48 45 40 77 25 9 47 69 12 1 41 53 71 80 76 84 36 98 73 6 9 26 62 22 44 42 30 32 76 87 54 76 31 45 52 56 6 50 76 17 
90
68 21 73 47 97 56 34 94 80 39 54 6 53 27 1 94 57 84 70 43 89 45 74 34 48 81 91 98 8 7 47 75 28 71 73 76 26 6 21 6 45 27 63 97 53 15 42 61 99 11 56 87 7 29 72 55 61 62 52 68 69 50 94 48 21 66 75 98 71 47 55 67 73 17 15 78 32 57 38 30 19 93 68 78 73 40 32 85 1 35 
108
21 36 97 68 8 62 94 6 85 41 60 3 13 29 18 90 60 26 80 41 96 24 60 73 97 99 56 81 100 90 85 72 78 81 40 85 95 85 42 31 25 54 33 90 82 2 31 93 27 10 85 75 34 44 47 82 43 3 62 94 44 98 65 73 79 56 10 25 41 51 55 17 56 87 6 37 89 37 81 67 98 17 41 83 61 40 64 55 94 78 100 37 75 16 62 53 72 71 77 64 21 83 80 77 70 38 65 10 
103
98 76 23 14 17 6 26 8 21 80 1 98 31 89 73 47 50 77 70 20 6 33 93 88 64 21 57 53 37 66 78 86 94 53 100 62 58 25 69 78 57 69 28 87 57 100 33 59 76 2 30 33 86 74 21 2 46 29 54 83 95 32 68 40 84 19 1 93 96 69 22 52 89 49 90 97 100 75 55 28 76 85 60 14 10 32 15 56 61 20 38 7 51 57 46 86 76 46 30 71 66 4 74 
112
4 63 2 4 37 57 83 65 93 42 78 54 74 44 9 34 63 98 92 66 55 37 3 82 34 85 4 99 88 77 4 91 91 57 46 80 65 28 44 9 22 73 63 47 68 71 80 30 69 71 47 75 59 50 56 92 86 11 42 73 39 97 15 29 53 13 8 70 92 3 78 13 75 40 59 42 11 90 24 31 12 22 5 22 23 12 13 8 74 6 32 12 2 99 40 7 11 100 76 2 2 53 67 29 45 77 22 7 19 97 37 82 
91
93 4 41 56 16 49 29 74 32 40 27 30 31 33 40 82 60 94 84 13 12 64 9 88 37 15 58 86 3 40 4 95 43 96 2 10 96 30 83 28 21 10 57 51 94 49 33 54 94 68 18 5 83 26 44 71 92 2 56 94 93 11 40 35 7 41 96 54 22 31 81 42 92 90 44 37 90 28 90 83 95 59 39 29 36 82 100 79 35 55 72 
104
66 63 65 24 55 61 77 76 43 10 69 34 99 13 70 88 40 12 22 87 22 60 15 58 93 14 36 28 21 60 58 86 22 23 9 77 83 37 4 25 46 73 10 44 37 31 83 28 42 56 14 64 15 81 73 60 46 8 39 66 67 96 3 41 18 63 69 100 100 72 76 45 96 37 41 84 68 75 12 9 31 77 24 97 57 96 56 55 4 94 72 22 42 27 14 59 89 82 11 40 6 38 37 53 
93
29 37 42 3 100 50 85 76 74 34 85 21 41 39 24 87 62 98 28 88 63 86 77 45 96 68 2 34 4 54 60 32 42 1 87 41 2 23 69 27 56 53 48 97 43 23 83 4 20 62 92 83 47 20 79 95 39 32 80 43 37 39 26 79 39 64 71 40 87 39 67 42 91 66 90 85 88 24 41 8 85 84 42 32 3 72 78 93 3 57 87 39 47 
96
69 85 28 40 76 14 78 94 8 21 59 97 5 47 21 45 6 57 28 47 40 82 18 17 75 72 25 61 10 71 25 79 7 53 70 83 18 47 76 25 19 87 74 24 33 46 20 90 2 100 36 42 33 5 10 59 28 35 72 37 5 96 67 12 100 88 46 18 35 73 94 5 59 67 80 43 12 100 32 66 51 19 7 83 75 16 42 2 2 13 91 7 60 9 70 12 
109
15 81 83 87 74 87 46 93 67 40 4 18 72 21 68 90 27 2 17 95 95 18 96 59 8 54 71 17 23 82 13 37 62 95 24 87 33 21 79 99 60 35 68 83 55 35 25 34 89 41 80 35 58 75 94 66 29 64 34 3 45 46 40 58 92 15 44 24 87 75 23 98 9 90 81 15 77 5 48 17 45 27 51 54 54 96 71 34 59 4 36 55 49 27 64 92 93 8 16 79 34 90 77 42 31 9 56 59 13 
105
27 9 82 78 62 35 73 33 68 84 88 56 90 37 82 54 80 75 13 95 5 46 36 81 87 19 89 94 77 53 49 4 13 83 33 27 69 57 11 89 40 98 44 30 86 77 83 66 51 95 12 56 92 48 88 78 66 29 23 94 33 72 49 46 6 81 72 74 38 34 62 29 31 57 58 17 34 92 34 36 38 97 91 29 96 31 58 61 59 81 7 91 4 55 88 9 36 11 34 25 44 96 53 27 4 
95
95 37 6 28 73 44 24 15 24 20 45 34 32 55 14 90 98 69 45 85 29 32 48 62 56 91 9 60 17 13 22 11 1 28 90 73 23 66 40 46 37 36 79 20 91 44 10 40 64 6 76 92 37 23 54 44 66 62 3 82 26 25 45 27 4 86 51 26 51 90 23 39 26 2 59 68 97 68 7 61 73 34 52 9 57 57 4 22 71 6 55 96 82 51 74 
116
37 25 62 39 66 85 78 43 38 36 62 34 55 20 46 27 54 50 87 10 6 90 83 76 47 37 24 29 40 97 65 28 73 27 66 39 11 95 33 48 82 95 33 36 66 31 62 19 80 100 80 85 41 62 13 88 51 36 68 90 84 32 17 57 10 34 47 72 29 31 71 10 25 4 98 43 86 59 61 65 11 41 1 51 54 13 38 4 48 5 93 84 89 61 40 50 95 38 22 75 68 44 36 45 99 33 87 84 92 47 48 54 39 49 4 93 
94
42 96 61 98 41 44 38 53 35 40 99 72 61 73 39 56 9 83 55 41 69 38 84 68 86 37 6 86 93 50 46 86 98 58 83 90 53 73 42 87 12 41 10 24 65 1 79 25 83 33 18 4 23 1 71 8 90 28 93 34 78 90 19 75 100 1 64 52 25 57 91 88 49 52 63 14 52 94 90 87 78 7 90 100 60 12 59 1 39 51 34 68 93 52 
100
92 4 57 95 29 66 37 68 14 41 31 79 92 76 69 78 53 27 67 5 86 30 63 86 69 66 19 88 58 70 82 1 74 38 47 54 55 84 21 21 76 3 99 67 30 19 97 83 46 15 39 31 45 1 17 65 66 87 52 75 57 33 75 82 23 22 35 77 57 7 97 32 62 96 50 91 66 46 25 11 61 63 94 5 64 62 69 29 48 20 4 56 53 30 37 75 3 71 3 59 
80
100 42 91 47 92 81 12 37 6 75 49 68 20 53 83 81 73 64 28 45 19 36 97 48 72 23 51 95 77 61 24 76 3 14 22 46 46 86 34 3 12 83 23 31 87 5 63 60 68 42 4 86 77 52 86 49 26 88 43 2 48 18 30 2 31 3 47 28 40 81 31 51 15 53 33 1 9 95 12 77 
92
67 14 65 70 51 65 47 38 59 49 86 76 78 87 58 32 86 86 72 66 68 22 32 72 7 32 80 53 96 8 41 62 22 58 84 24 22 30 62 33 30 47 8 7 85 18 91 70 55 62 87 22 35 18 93 41 2 24 94 49 32 86 62 5 95 45 28 17 75 89 1 4 87 8 63 72 77 53 93 31 66 32 4 100 49 96 41 2 20 86 50 3 
107
12 7 18 8 34 86 34 23 86 90 61 45 52 32 22 56 77 4 73 8 8 72 8 55 64 10 26 1 11 28 24 74 34 93 82 20 78 15 42 15 4 54 11 7 86 84 14 14 88 86 21 95 10 80 49 73 41 75 26 52 54 49 25 88 93 58 7 70 73 100 36 28 53 46 87 90 30 100 55 17 38 27 63 47 7 63 71 47 37 96 50 91 96 75 30 88 32 88 9 56 39 96 36 91 42 22 33 
108
73 87 91 10 14 53 8 72 15 79 18 4 26 68 46 74 94 75 13 77 62 22 85 100 17 20 42 10 93 26 32 65 65 22 75 78 26 34 1 41 64 70 44 42 89 41 15 82 15 27 11 28 100 95 79 17 66 72 78 58 98 10 22 62 83 48 91 9 34 43 49 97 12 44 38 1 36 52 34 50 31 44 29 30 90 59 98 55 30 76 12 79 85 86 92 19 85 34 27 18 76 27 15 88 22 52 40 57 
91
73 58 38 69 86 67 58 44 65 13 26 40 76 56 76 61 48 94 46 81 73 63 9 99 29 48 21 33 87 29 40 59 87 77 27 72 43 37 68 59 49 45 98 76 100 25 89 47 71 86 80 43 100 88 93 29 35 13 61 73 42 52 31 80 28 10 3 22 46 70 81 46 14 30 21 66 7 9 12 77 94 43 19 94 30 63 74 16 76 86 88 
100
37 71 100 16 32 2 37 29 72 17 26 37 99 98 2 5 7 66 81 52 8 51 97 90 13 22 57 40 7 97 60 95 19 59 10 50 61 47 30 84 15 55 72 13 52 74 17 10 39 49 14 98 51 62 39 64 84 96 55 42 92 67 37 10 25 46 11 37 92 40 20 7 46 92 71 49 17 88 11 7 88 24 56 39 37 95 54 20 90 8 14 81 26 50 42 51 95 4 39 39 
102
11 97 40 54 67 40 70 54 50 28 94 25 83 32 62 77 85 33 18 44 46 50 70 95 91 72 42 46 62 80 40 72 76 31 25 94 71 46 48 20 25 41 97 60 24 58 36 60 42 6 3 88 55 24 34 98 47 27 43 9 6 83 32 33 13 9 27 83 6 26 55 31 18 51 90 41 60 77 100 1 82 54 40 89 30 26 86 76 52 28 36 10 10 68 42 23 28 20 57 33 45 11 
96
14 13 56 6 72 85 57 25 18 11 16 6 92 41 91 19 93 19 55 2 28 74 95 2 1 15 59 85 11 21 100 25 34 55 82 57 39 39 81 57 1 49 62 92 89 5 10 81 23 16 34 2 89 29 4 41 43 14 26 5 34 25 81 19 79 63 76 70 1 8 78 1 56 91 44 45 95 53 77 17 21 63 71 9 91 26 50 85 39 75 89 24 51 22 43 81 
116
70 50 84 77 79 36 85 70 31 81 64 35 9 33 55 71 55 64 61 80 65 97 18 91 86 93 41 7 35 21 42 4 23 77 33 1 12 17 22 42 49 38 76 57 70 31 28 76 46 40 55 62 37 24 52 22 16 92 80 3 64 73 6 38 49 90 91 60 6 12 53 6 49 80 63 70 62 90 45 59 29 51 20 65 74 71 38 42 14 69 44 30 41 1 19 89 91 9 100 48 73 4 54 21 36 16 43 49 57 39 8 85 90 27 2 15 
95
91 56 15 60 99 96 52 100 15 93 90 23 44 37 95 100 42 68 35 57 62 83 13 100 42 50 89 21 3 4 70 93 11 36 4 10 32 56 9 46 100 50 20 43 38 15 42 80 34 76 36 95 11 1 46 52 2 87 72 4 42 93 96 52 81 100 61 64 7 21 9 6 70 80 48 8 46 42 87 79 69 74 25 79 26 71 83 27 57 6 30 98 51 26 49 
75
77 10 94 83 30 54 88 52 33 87 11 79 28 49 9 97 22 34 27 100 4 61 26 60 67 56 57 69 33 5 51 9 66 44 91 48 49 30 51 33 16 61 63 96 9 72 92 82 5 70 81 60 31 59 19 49 66 27 17 98 83 67 6 1 62 48 48 10 77 98 94 44 10 57 39 
115
80 82 51 36 4 84 95 34 42 65 82 7 43 50 4 25 16 61 77 29 60 24 90 88 73 83 31 82 91 22 51 70 55 2 5 58 85 51 91 26 67 24 84 9 25 39 86 40 99 62 20 10 38 9 97 10 92 79 44 34 52 94 4 7 47 60 64 83 63 7 60 29 82 43 38 7 81 23 98 31 84 18 92 73 26 88 83 69 19 78 3 22 71 58 28 70 17 44 52 79 2 12 8 35 54 97 93 87 71 91 69 6 60 61 79 
118
100 61 6 18 38 60 40 60 17 19 81 85 14 33 16 67 44 75 2 49 71 94 87 41 36 56 46 95 16 76 84 15 88 41 85 77 100 76 37 68 46 17 4 60 1 19 26 44 93 79 45 15 73 31 7 8 38 5 55 5 80 38 72 68 78 56 44 29 83 32 96 28 1 99 39 1 70 17 97 14 95 41 29 67 23 35 27 13 91 81 17 71 18 88 90 47 95 33 75 29 17 22 57 17 72 47 17 41 63 65 55 58 57 83 76 80 69 2 
93
60 34 12 82 3 52 71 49 46 55 75 27 71 96 35 39 68 81 56 8 96 20 14 5 77 96 80 8 17 34 3 28 67 14 61 70 65 31 70 63 37 97 89 8 92 23 46 11 55 53 19 50 25 32 54 53 80 86 12 48 19 14 27 37 27 87 58 44 17 28 6 5 24 46 64 67 20 10 78 74 14 48 76 90 31 29 42 62 14 53 9 84 18 
106
21 45 73 78 40 41 57 97 46 32 42 9 99 13 70 28 86 36 75 61 25 5 42 67 19 7 71 27 43 89 14 63 85 38 92 76 79 49 72 24 32 65 84 30 77 54 9 62 89 83 75 65 40 68 31 58 26 54 36 68 94 1 82 78 39 74 53 17 74 24 92 5 40 75 87 16 80 95 29 20 30 55 85 69 22 67 78 100 20 13 19 13 14 1 42 4 26 46 72 99 21 15 3 60 41 41 
117
21 36 4 92 17 58 76 85 32 43 62 83 14 26 1 79 91 1 20 94 26 66 17 76 86 31 31 98 72 71 72 44 58 27 35 74 37 11 10 20 5 71 2 18 49 2 96 39 55 68 85 32 85 1 8 22 32 38 19 3 60 43 98 18 69 32 91 5 94 1 24 98 23 77 68 71 79 15 62 85 82 46 16 18 46 75 40 29 12 58 83 72 52 80 41 21 12 83 77 5 83 1 55 58 77 22 80 7 36 41 43 70 38 59 39 84 33 
93
64 97 88 47 20 39 78 12 11 89 94 88 46 77 40 52 86 68 73 65 75 60 58 69 81 95 27 20 30 12 49 94 60 88 92 31 79 69 42 89 10 35 76 55 63 15 6 48 83 30 65 9 41 22 77 22 16 56 93 46 19 93 91 30 81 82 60 59 50 53 47 11 87 75 65 2 41 22 49 23 3 65 83 44 86 12 17 54 19 61 51 37 53 
102
18 33 74 77 43 75 29 42 86 67 16 2 68 56 24 69 31 78 33 65 21 71 76 89 24 94 49 74 82 54 66 51 86 39 27 81 65 7 22 50 26 89 52 45 44 27 13 26 4 98 91 77 68 18 17 43 12 66 68 45 71 33 96 8 23 74 88 87 33 61 89 58 49 40 54 45 18 67 22 73 64 12 1 83 30 18 25 93 35 92 37 5 76 84 12 50 10 52 88 42 12 76 
101
61 67 4 57 36 22 78 9 85 90 9 19 71 78 95 63 12 86 51 68 13 87 80 62 96 83 2 37 94 77 39 6 96 42 62 31 64 92 39 100 33 100 71 3 77 65 17 41 3 19 8 15 57 39 29 52 21 30 40 67 58 78 72 53 72 86 84 35 77 22 86 9 73 56 63 50 21 31 90 23 49 49 89 6 88 17 9 60 98 49 26 56 78 98 8 49 83 91 83 11 65 
89
19 37 76 81 38 48 11 27 70 11 76 11 68 15 27 77 74 77 77 100 32 54 49 91 3 31 34 37 41 50 57 11 86 85 43 24 32 5 2 2 15 29 12 35 43 90 11 69 18 87 20 1 92 68 92 94 50 77 31 42 26 39 4 11 23 46 86 55 50 40 8 16 68 71 50 63 12 12 83 30 50 2 30 42 69 73 35 70 49 
118
11 74 56 66 37 30 11 74 36 12 13 95 27 33 65 29 95 29 92 29 10 42 30 91 83 50 64 69 19 64 38 81 38 45 46 26 74 8 99 62 19 64 56 97 96 21 77 42 1 69 70 10 62 99 100 96 100 15 64 18 79 53 50 68 97 47 93 23 54 91 84 24 6 39 20 1 11 49 42 11 17 63 72 78 13 24 73 12 38 88 81 16 93 30 83 89 28 27 63 81 18 46 4 23 37 76 76 47 24 69 10 92 32 33 21 44 56 45 
96
94 32 36 61 76 18 96 65 45 22 79 78 91 25 33 66 61 60 41 59 83 61 20 26 92 53 46 88 60 90 95 5 74 82 18 49 99 13 65 96 34 44 73 77 68 57 42 80 17 34 90 51 94 10 77 86 14 22 25 25 64 19 82 37 52 99 85 3 11 50 98 96 45 22 24 12 78 65 43 46 98 32 97 92 93 25 29 58 46 5 35 9 75 16 97 26 
103
82 28 76 83 77 23 27 98 47 90 28 63 84 25 13 15 21 56 60 45 84 69 43 40 55 3 14 70 100 39 35 33 19 62 67 95 37 93 45 35 34 24 97 17 48 9 83 21 64 94 17 99 63 59 90 69 14 3 91 65 94 25 97 12 39 63 58 27 7 54 61 40 77 9 56 77 70 38 97 85 32 13 84 46 24 25 14 89 28 4 53 73 81 49 36 71 63 93 97 69 47 9 8 
85
17 63 51 86 52 47 71 83 12 6 80 87 30 46 27 9 1 79 81 81 79 68 3 41 61 99 9 59 59 16 33 76 30 84 61 81 82 83 16 45 40 47 83 22 92 9 30 93 39 63 25 17 30 28 57 42 78 17 100 37 84 33 12 65 68 24 98 1 59 13 46 98 59 80 19 3 41 1 95 79 15 19 96 44 98 
102
38 76 73 37 12 56 21 75 21 40 98 18 41 8 82 38 6 92 17 76 94 9 28 40 88 42 11 35 38 8 90 75 83 62 11 46 18 84 20 90 23 70 7 15 77 40 52 34 31 21 62 77 29 89 16 68 83 26 2 20 34 92 94 68 53 56 14 22 91 33 11 14 54 69 28 83 8 32 68 91 52 29 67 32 70 82 100 52 60 1 23 45 44 16 12 49 23 25 70 14 10 33 
99
15 1 58 97 61 89 65 51 92 45 69 24 14 50 23 17 61 75 39 5 19 6 17 67 81 93 88 94 2 20 24 69 73 81 65 33 22 81 35 13 26 3 88 39 4 10 8 65 37 46 69 7 4 37 25 84 30 12 29 83 84 52 51 56 32 68 40 53 48 74 18 73 76 5 64 79 67 71 95 3 68 64 61 71 52 85 54 81 48 82 16 31 33 66 86 17 33 25 21 
74
50 90 5 25 95 20 56 13 42 2 67 10 65 27 32 17 63 86 49 10 19 64 41 4 82 78 72 66 55 92 98 4 34 55 81 80 26 88 92 68 89 58 77 6 84 60 74 46 45 22 7 16 38 47 19 19 77 90 84 31 33 34 86 66 88 18 45 13 5 88 32 94 45 60 
84
80 20 24 77 16 97 84 31 34 82 49 4 58 38 40 40 23 73 78 40 12 95 37 76 100 24 8 45 69 67 95 48 38 18 25 54 66 8 84 100 41 33 3 99 22 94 90 44 66 67 36 77 62 72 53 13 95 12 57 63 30 3 63 68 72 87 21 37 46 4 88 86 88 43 36 10 36 78 5 2 44 40 30 57 
100
34 69 58 45 77 72 27 79 34 94 2 72 66 39 69 69 26 7 57 68 94 18 4 71 74 57 67 66 86 75 28 72 96 85 16 72 9 94 3 42 87 4 66 52 94 34 73 20 40 81 39 34 98 94 56 71 50 22 88 88 49 16 59 44 52 26 15 60 20 69 54 6 25 19 10 18 4 82 37 96 62 28 81 11 21 36 33 23 10 21 10 58 88 20 53 39 45 19 51 16 
105
4 74 12 74 83 29 29 16 18 24 29 97 4 91 17 92 23 91 1 95 52 10 82 71 62 21 68 80 71 83 19 26 56 30 51 90 11 79 5 80 3 85 76 58 75 44 49 50 35 1 44 86 62 26 57 23 98 24 55 68 58 25 45 14 55 95 3 17 73 60 48 27 96 23 85 23 66 33 72 100 34 15 38 47 92 94 70 89 69 76 8 26 100 52 91 6 46 46 74 71 57 21 97 52 43 
110
74 61 66 97 12 51 12 49 97 3 94 66 44 62 93 51 40 45 3 82 2 100 27 76 22 35 96 19 87 91 51 12 3 16 9 14 66 72 15 63 74 8 80 69 22 25 20 13 69 74 94 70 25 73 97 47 7 45 17 93 87 67 57 89 35 65 54 100 88 68 14 61 28 46 82 49 70 1 13 90 74 6 59 98 78 8 96 85 52 12 29 38 31 85 78 65 1 31 16 88 51 30 1 78 75 82 78 44 34 90 
108
59 47 43 56 25 2 4 61 53 15 89 42 97 26 71 61 26 54 77 66 4 6 66 33 32 99 62 27 32 3 11 90 49 5 97 25 7 52 37 11 19 26 53 15 3 75 76 80 28 4 45 31 61 62 15 92 12 28 70 43 30 80 84 31 84 33 7 90 84 44 53 2 69 57 17 23 31 44 2 59 47 47 41 7 60 56 50 72 35 19 66 65 98 50 47 33 34 53 75 17 96 27 71 16 83 39 38 13 
96
40 23 80 38 64 38 97 71 87 68 5 57 34 21 6 35 67 38 68 20 64 36 67 90 6 83 24 96 20 89 77 11 11 8 48 26 45 97 96 83 16 1 91 1 73 96 35 40 86 54 11 49 42 77 91 99 59 14 95 31 54 23 41 65 31 41 90 27 37 38 62 4 38 52 5 10 100 39 1 85 45 11 33 86 88 75 84 98 41 30 28 94 53 21 58 83 
123
100 61 1 37 22 4 26 26 8 87 25 99 88 9 43 50 93 80 37 68 15 35 8 45 14 53 97 34 11 31 98 62 91 98 98 65 2 23 90 9 61 66 7 48 74 1 98 18 80 86 37 95 72 96 39 86 49 87 71 11 17 69 72 59 18 69 23 19 43 64 28 55 29 86 55 54 87 4 72 66 89 60 12 13 56 50 50 56 88 72 66 4 92 37 63 10 57 37 28 51 53 7 5 81 93 59 87 79 62 10 44 3 69 56 15 76 57 64 31 45 35 96 100 
101
32 14 36 40 3 15 90 55 22 95 87 14 5 73 92 67 82 87 69 3 94 35 78 3 98 61 99 84 56 98 62 40 64 49 31 66 64 21 20 37 67 6 50 71 31 93 89 64 31 9 18 77 43 48 79 92 8 29 28 15 78 89 54 41 38 37 6 53 57 77 89 23 35 38 45 65 82 34 80 12 42 98 88 37 45 18 28 52 46 55 18 24 96 24 16 33 60 22 37 16 50 
114
90 84 14 34 100 95 19 80 58 13 77 46 1 73 15 80 24 13 87 41 88 82 16 3 66 75 24 2 90 74 26 31 9 39 17 9 85 35 88 42 99 16 39 99 88 54 31 63 18 17 55 5 98 71 7 15 45 83 16 87 56 93 17 16 31 33 24 67 20 63 8 70 78 47 69 65 52 51 79 69 67 34 73 16 56 79 30 52 13 45 38 68 37 55 36 19 39 59 85 58 22 92 28 51 90 48 16 41 98 46 61 64 31 85 
84
86 16 8 38 28 4 27 48 92 81 83 10 20 41 46 29 14 89 56 65 79 55 32 71 52 77 84 67 60 68 97 45 83 4 34 11 59 61 10 50 93 92 11 64 84 56 93 98 97 100 62 27 55 45 97 58 21 32 25 32 52 21 77 34 77 62 96 35 74 5 37 19 96 47 82 32 55 26 29 51 26 42 77 32 
101
25 89 58 9 65 90 60 86 18 45 14 31 41 100 5 97 36 75 45 35 56 76 41 82 56 91 59 97 19 90 34 95 30 43 3 95 32 14 32 1 59 45 84 51 44 40 47 32 14 43 18 69 70 58 2 25 100 12 73 18 1 6 64 83 49 19 77 32 32 60 85 42 4 68 92 99 7 91 82 20 85 99 40 55 56 94 79 55 5 4 24 58 9 88 40 9 58 68 93 41 27 
94
83 82 44 74 32 2 16 14 73 1 12 12 55 68 5 85 74 62 88 98 19 49 37 10 57 94 29 49 34 55 77 16 88 72 42 19 73 9 84 45 9 96 9 15 15 65 52 88 26 91 37 96 39 73 5 48 18 33 48 52 39 25 19 78 96 12 49 21 21 32 17 81 79 25 96 93 90 47 33 67 37 69 63 28 94 19 75 11 4 74 14 42 98 85 
107
46 96 20 66 68 3 34 49 82 59 44 26 100 42 58 66 30 79 28 57 24 99 83 34 2 57 100 95 6 84 66 51 79 37 68 99 40 2 47 73 60 90 98 11 83 8 76 12 38 56 21 61 54 3 46 55 11 45 1 17 28 67 67 59 55 87 57 46 88 3 18 99 44 16 9 78 75 36 41 12 91 61 24 96 16 69 2 26 14 3 42 93 21 61 3 75 47 59 21 86 13 38 84 8 5 44 85 
103
79 26 94 22 86 17 17 53 38 19 79 3 73 20 95 93 32 50 67 78 8 39 63 21 29 98 28 33 93 65 16 72 90 9 45 27 78 61 80 15 31 58 69 3 29 63 95 13 12 14 90 72 52 5 44 80 54 23 65 47 87 80 70 28 40 14 55 17 26 34 83 9 43 51 11 23 66 58 35 29 23 77 100 26 81 95 58 86 18 22 32 56 53 1 84 44 66 90 61 92 75 95 100 
94
46 62 91 63 71 78 91 93 6 43 19 38 37 76 23 6 49 55 14 1 7 97 96 73 86 56 16 60 3 15 28 48 28 70 62 99 99 52 91 4 46 61 41 35 88 64 40 36 70 5 88 76 1 84 48 38 91 63 49 93 29 28 92 9 98 53 7 96 57 49 100 2 62 92 36 49 7 28 85 76 32 72 52 85 55 51 74 98 66 23 90 46 50 82 
102
99 86 12 95 42 13 46 44 74 89 31 22 96 58 58 71 42 30 74 26 36 25 51 33 42 73 75 87 75 56 93 73 41 4 19 35 16 64 78 89 53 8 63 48 18 20 70 59 1 44 36 89 20 38 21 61 11 95 47 85 2 39 9 95 95 28 29 10 43 58 51 95 17 65 94 86 84 16 96 85 59 83 25 78 21 45 90 31 92 88 67 45 79 75 91 73 54 71 34 97 80 84 
107
97 48 37 82 84 4 78 20 62 12 44 91 32 40 80 62 83 19 80 28 97 7 70 69 60 41 3 56 20 38 99 68 38 87 2 21 90 31 40 3 42 35 45 74 74 76 87 57 94 19 36 91 25 5 11 36 45 13 92 17 51 42 36 88 80 37 60 21 67 51 23 61 85 19 34 58 94 72 66 39 90 1 81 66 6 92 2 2 4 45 70 6 86 6 45 17 94 4 37 13 54 11 73 90 29 58 100 
115
29 65 12 71 66 45 36 23 36 37 76 91 81 46 97 18 3 93 34 96 97 70 8 2 80 32 44 60 89 43 33 18 7 97 88 24 41 75 98 28 12 74 18 44 71 14 62 25 59 95 20 55 17 80 8 96 11 51 8 100 93 92 69 52 88 8 27 80 82 25 59 45 50 77 89 72 42 50 96 100 96 67 6 12 98 14 60 9 16 67 60 61 58 80 64 98 39 90 29 20 66 88 17 67 64 5 90 57 54 37 57 49 56 62 13 
98
27 72 13 95 90 24 55 99 3 18 96 41 59 77 13 77 64 81 43 79 85 85 35 90 21 91 90 76 5 2 29 31 25 93 77 14 17 31 13 19 100 60 12 59 36 76 35 51 56 29 29 92 13 64 81 86 6 70 61 10 72 41 93 48 34 69 62 50 100 26 20 51 37 83 9 25 10 95 75 65 76 4 56 40 19 36 25 24 58 86 34 81 26 26 28 11 46 41 
101
45 18 32 48 55 14 8 31 24 3 5 40 30 60 48 69 78 35 94 54 92 31 87 72 8 64 52 19 9 92 30 6 10 61 53 16 27 60 46 2 14 2 41 43 62 40 64 91 75 57 44 18 87 82 42 46 45 93 64 6 84 94 11 45 6 15 60 84 74 5 85 40 59 78 82 20 17 45 62 43 53 58 13 91 39 54 37 36 46 52 93 81 97 3 26 3 69 85 86 42 42 
98
33 100 100 15 71 68 11 84 63 16 41 75 58 80 28 94 67 25 98 59 5 94 13 30 96 81 67 34 74 60 56 7 59 7 73 81 74 35 64 88 50 5 62 8 36 89 53 54 13 50 12 70 44 76 99 91 8 17 24 81 76 31 39 86 37 11 66 63 46 82 50 47 86 64 54 73 52 59 78 17 8 41 86 51 16 36 94 23 53 17 55 80 48 94 66 36 56 83 
107
1 64 100 100 1 63 53 73 66 11 50 34 71 42 71 73 57 59 66 31 63 83 86 42 82 31 59 69 86 42 19 39 5 70 38 6 84 42 30 1 5 32 35 75 73 57 47 82 15 13 12 77 47 49 71 80 79 29 100 65 22 18 55 27 39 92 84 22 33 65 23 89 48 9 63 73 65 62 54 32 26 17 8 24 66 30 3 96 59 54 60 80 72 66 58 62 57 93 84 42 10 58 30 57 66 45 81 
75
58 86 13 83 3 73 6 20 2 60 15 12 13 27 44 36 92 53 98 1 46 33 94 55 42 75 63 7 19 44 40 76 29 5 10 83 77 67 2 30 26 69 94 91 47 89 78 90 41 27 90 38 11 83 44 52 58 7 10 28 2 50 56 30 54 17 13 82 84 66 63 61 86 8 3 
91
96 81 22 89 59 63 26 70 98 22 73 7 80 83 34 81 84 41 62 89 58 26 70 41 92 84 1 29 92 56 61 39 36 34 27 46 96 5 15 93 78 40 51 57 22 85 37 5 77 50 93 34 76 14 26 19 97 79 47 40 34 59 79 21 92 57 66 40 61 33 84 38 72 35 46 93 71 82 49 47 32 93 33 59 6 10 77 54 88 23 94 
94
82 24 93 25 80 11 64 93 43 100 82 66 34 28 10 4 9 58 2 92 50 86 50 7 96 78 60 83 1 5 8 34 28 52 10 8 62 26 100 56 25 81 21 58 8 82 13 69 91 66 12 40 52 14 98 47 91 10 81 43 14 88 28 42 40 90 49 53 15 100 9 39 32 81 48 92 63 60 12 53 25 75 45 76 88 94 22 31 3 55 25 17 42 5 
115
33 94 58 86 8 9 46 46 92 78 93 83 40 4 94 45 80 21 41 8 8 34 29 90 89 83 67 5 77 71 14 9 64 23 46 71 31 91 68 22 69 12 57 60 67 2 56 46 22 48 53 82 82 34 71 22 68 37 26 44 7 39 5 22 61 2 44 43 93 11 16 13 74 72 24 40 74 80 86 95 27 90 76 60 23 99 81 43 87 58 38 46 48 42 67 60 96 63 2 40 73 70 52 99 41 27 38 66 58 75 13 37 65 40 48 
98
38 81 33 77 38 71 22 86 64 40 97 59 2 51 98 27 20 1 25 12 28 14 78 85 89 90 21 5 29 69 95 19 1 28 95 38 98 68 75 61 59 72 72 13 74 69 39 93 22 15 56 49 28 33 85 68 74 58 72 3 78 19 73 78 46 67 15 43 86 42 55 44 65 26 56 38 47 46 82 68 60 37 68 40 70 52 7 95 9 31 97 38 49 21 15 94 87 82 
99
24 23 94 68 39 72 75 76 18 73 9 37 84 45 4 23 66 7 82 61 68 12 9 5 60 30 20 5 68 53 44 92 27 37 11 65 8 37 92 77 9 52 13 93 96 68 67 14 75 48 26 42 59 86 98 70 15 69 26 35 21 69 78 99 58 88 63 17 76 6 94 37 57 58 29 5 78 47 70 52 95 95 45 5 80 42 27 47 11 52 33 83 73 10 82 30 49 96 98 
99
54 43 60 62 53 40 66 30 39 87 33 33 33 77 89 65 70 67 63 80 19 95 63 43 4 96 24 52 91 21 27 44 16 39 6 68 30 23 97 68 10 29 52 94 57 93 58 26 59 20 58 29 66 72 71 69 67 46 72 57 19 51 53 34 41 10 1 70 32 49 90 93 29 93 39 85 37 96 10 96 68 19 76 33 90 47 54 56 44 77 65 62 27 69 95 67 78 47 89 
103
95 30 54 23 74 92 59 11 39 21 58 58 39 33 91 29 31 96 36 75 72 100 36 99 68 83 17 97 29 57 58 76 38 11 50 12 54 9 74 44 29 31 2 19 63 92 47 94 87 83 68 58 34 55 8 54 89 77 50 18 85 7 45 23 69 94 86 74 54 59 18 34 41 19 53 3 62 51 48 100 85 67 57 71 22 17 24 10 45 73 79 29 32 75 3 52 21 88 26 74 98 43 60 
95
13 64 93 74 66 40 73 51 7 81 21 28 49 96 89 93 20 20 22 51 94 24 3 66 64 80 40 61 22 51 99 34 14 91 59 79 82 31 81 88 11 53 67 60 48 56 4 68 27 25 70 72 1 72 38 64 3 77 76 24 79 26 9 92 68 67 22 50 97 3 37 60 55 4 71 55 11 74 22 37 51 43 8 51 67 97 66 69 25 41 93 3 67 53 46 
105
20 68 83 68 22 72 79 28 75 1 82 37 75 55 25 25 98 84 27 64 81 92 32 5 32 76 8 50 81 53 84 100 72 18 19 93 89 50 73 15 50 54 3 24 61 27 100 10 11 26 73 91 69 56 47 53 84 6 2 64 59 37 15 82 7 85 27 47 34 99 62 84 4 64 59 64 91 11 73 53 88 97 95 57 5 41 61 88 47 62 3 57 51 17 38 57 53 16 3 87 14 16 22 70 32 
96
85 74 42 10 26 30 58 20 38 62 60 50 1 58 63 55 14 13 23 4 21 76 19 76 62 85 91 35 54 74 66 90 47 8 99 24 89 57 43 78 70 55 27 71 64 89 25 78 54 48 81 74 75 51 49 36 35 92 70 88 65 35 30 12 94 28 87 34 84 30 11 54 36 89 76 51 30 52 28 83 51 60 56 25 11 57 12 45 48 33 85 64 20 14 27 65 
89
14 99 77 95 61 82 30 50 9 80 79 60 60 61 63 19 68 39 81 76 51 26 75 35 62 39 54 75 65 19 67 78 17 95 72 77 28 53 78 36 85 8 48 96 20 10 66 88 100 47 15 50 72 90 85 33 28 90 59 44 8 77 22 76 24 45 5 51 50 82 39 86 90 86 81 9 47 46 48 46 92 15 48 15 4 84 99 83 73 
80
26 81 86 99 8 9 96 12 11 45 46 49 82 87 86 62 47 32 59 47 30 51 61 77 65 64 60 16 98 84 24 23 16 61 74 24 21 69 87 32 65 32 32 46 70 18 59 17 49 17 63 30 19 23 58 84 38 17 51 35 53 74 9 68 35 82 91 55 2 78 38 18 61 70 15 31 87 73 99 87 
102
61 17 60 35 74 95 24 43 45 58 95 71 66 62 5 100 5 11 1 34 49 71 46 18 85 76 4 10 26 90 3 38 58 62 72 32 9 95 26 5 4 20 75 70 33 79 21 89 42 73 22 90 43 68 7 80 95 62 41 21 51 43 58 61 56 82 92 64 28 69 69 32 40 43 53 72 74 25 61 15 97 34 56 40 1 62 71 48 23 11 68 25 5 77 85 60 10 28 76 38 48 44 
99
87 38 25 11 63 49 23 77 45 56 32 36 9 45 58 56 19 68 75 44 24 51 80 36 13 60 11 50 7 54 22 46 43 46 56 6 46 78 34 90 85 18 78 45 62 35 100 81 55 74 76 30 77 7 65 89 18 75 90 25 80 63 22 23 60 77 80 5 6 13 46 42 30 75 87 44 10 86 76 16 12 3 45 40 9 10 28 27 36 69 3 16 31 24 90 42 52 69 46 
89
33 43 50 63 18 36 58 27 74 33 94 85 35 90 24 95 99 3 73 35 23 27 2 5 50 91 46 53 59 91 61 91 33 11 5 50 46 62 28 19 46 73 55 32 63 78 27 13 32 51 99 54 78 100 58 79 90 55 32 100 45 92 91 30 54 95 31 100 9 11 70 6 83 25 38 45 54 16 10 38 66 8 91 43 8 1 74 49 55 
79
49 52 48 39 81 2 85 63 53 45 73 22 51 56 98 88 52 52 3 61 89 20 21 31 15 28 83 88 28 90 92 76 41 91 66 73 44 3 35 96 47 8 70 49 15 67 88 66 70 42 79 10 62 99 93 76 78 75 63 5 64 6 33 56 96 98 80 40 52 15 87 51 74 56 99 40 75 39 57 
92
80 35 6 41 85 98 68 62 24 30 19 40 87 51 95 83 100 27 74 52 93 60 54 18 68 4 57 42 42 13 37 22 100 42 62 84 91 82 46 15 11 64 54 50 66 100 84 65 78 57 68 70 68 21 87 35 25 95 28 66 8 17 87 7 10 1 42 1 82 87 67 44 2 72 93 19 23 76 84 1 84 3 70 52 24 9 38 100 3 18 65 62 
101
4 20 43 56 62 95 37 100 61 32 54 32 77 72 55 52 7 7 36 10 76 39 85 36 28 84 91 97 48 4 30 3 24 25 58 37 19 46 36 32 30 41 63 6 65 69 57 71 75 44 80 3 34 64 38 14 99 80 10 99 84 92 1 7 16 11 95 86 56 30 17 85 23 80 90 87 100 99 57 75 94 89 77 28 4 66 93 55 46 2 53 29 93 53 87 60 63 81 46 71 62 
98
7 36 45 49 22 45 47 31 19 92 71 95 71 26 12 63 80 57 65 32 37 9 37 75 69 51 7 66 21 21 79 80 56 24 28 30 20 26 12 38 17 34 84 88 11 95 2 91 52 18 74 40 27 62 67 47 13 73 64 85 45 94 64 1 69 91 82 88 68 45 25 85 78 8 24 88 3 25 30 6 43 56 97 21 17 63 67 81 36 82 66 32 75 29 84 44 72 65 
79
39 9 8 75 38 67 98 78 69 23 7 26 17 14 23 37 31 37 55 11 24 36 28 56 62 9 39 57 80 56 40 70 64 47 45 54 13 42 31 34 16 89 11 84 55 85 20 37 22 26 99 97 13 27 52 75 35 91 83 14 46 22 35 61 20 79 66 33 21 48 18 88 89 80 72 43 65 43 79 
104
69 29 34 81 55 38 7 41 28 90 6 25 63 41 37 83 19 55 67 39 2 36 79 90 15 50 84 31 92 14 20 12 43 54 93 49 43 51 90 22 92 95 46 55 35 34 37 54 88 55 44 90 90 22 31 4 23 67 87 15 80 6 26 74 11 70 23 53 73 12 74 64 6 71 70 41 57 58 46 44 12 89 85 1 63 68 57 85 34 43 51 13 100 29 39 11 98 61 15 22 72 89 38 77 
106
7 69 67 65 14 63 28 55 47 81 17 14 37 53 99 31 4 64 30 32 2 92 81 62 7 55 33 47 92 61 9 98 30 76 14 95 38 42 49 36 22 17 2 10 22 100 92 25 63 73 8 16 65 40 77 23 94 61 21 85 22 29 35 3 56 48 97 45 41 98 81 14 66 82 23 87 33 66 63 48 39 22 63 55 62 40 29 7 52 49 92 73 29 26 27 85 25 76 81 66 25 61 79 90 94 54 
110
27 19 91 74 9 13 36 63 26 27 91 32 79 91 23 3 20 100 82 56 77 57 36 94 81 49 24 22 42 77 50 20 48 41 45 56 5 33 71 30 59 13 61 89 4 36 44 75 87 25 82 63 81 17 56 13 17 32 34 11 8 84 30 7 76 27 15 80 59 37 9 69 49 21 58 52 56 53 26 43 29 7 57 9 76 65 73 44 96 6 54 55 41 36 14 16 62 28 47 20 64 55 88 12 28 97 16 83 1 41 
90
29 100 86 89 27 50 61 70 97 19 76 51 59 11 64 75 24 43 21 95 6 28 34 70 55 31 85 89 83 77 18 12 28 3 100 54 52 13 76 100 31 51 50 89 13 66 15 36 8 88 82 66 67 15 87 21 97 23 61 80 51 78 91 79 80 42 84 83 54 11 82 36 13 84 25 25 1 91 12 8 78 93 25 44 60 63 16 56 85 29 
94
36 6 77 66 38 71 1 72 76 12 6 12 24 41 88 1 41 78 64 100 8 9 25 3 68 87 71 23 24 99 10 11 56 38 28 93 8 28 17 36 91 22 47 67 62 34 67 2 63 82 53 70 90 77 73 57 16 95 32 91 93 93 1 48 82 28 93 42 7 9 77 98 30 23 64 43 8 82 96 70 63 48 92 5 77 16 13 44 10 44 34 54 88 86 
87
70 65 93 11 71 53 87 68 34 61 83 76 20 16 23 41 79 23 32 35 51 99 47 94 60 91 79 13 30 16 14 99 80 58 61 50 63 47 70 96 59 52 24 78 68 46 19 98 68 2 32 18 1 78 63 60 20 93 73 2 8 38 100 87 47 61 37 9 59 6 5 18 9 28 47 76 25 65 25 45 67 8 14 19 86 77 78 
83
69 2 58 77 91 10 63 38 22 51 46 32 8 2 1 17 81 48 44 6 64 69 50 82 76 63 100 13 91 30 22 12 31 79 88 74 40 2 11 13 5 8 45 12 10 45 28 90 92 72 47 8 92 96 89 67 11 41 32 53 70 53 64 52 83 3 25 23 5 87 87 9 95 31 72 56 76 100 45 19 23 44 26 
84
91 15 32 1 7 63 54 76 15 69 79 50 72 4 24 28 90 10 36 36 41 7 91 16 58 88 86 80 31 12 45 21 78 77 74 84 39 79 11 6 47 89 55 18 44 78 45 86 87 32 21 79 91 12 94 100 99 80 32 81 43 76 53 72 52 26 7 91 4 17 48 3 5 2 72 1 31 69 86 69 52 6 48 94 
101
41 94 19 72 25 99 66 100 52 37 4 29 43 94 33 11 93 87 68 94 58 68 76 26 53 44 78 10 91 71 79 84 16 49 7 40 48 73 92 51 61 95 79 56 40 63 18 32 49 85 77 59 4 52 84 8 95 13 18 38 36 48 21 3 96 27 95 95 51 86 45 64 32 76 19 23 38 88 54 39 73 82 97 76 33 32 84 79 97 53 68 32 100 88 86 47 67 80 42 17 65 
96
32 48 13 2 70 51 90 75 41 62 56 37 89 40 68 72 71 16 24 38 99 75 78 85 74 44 64 15 12 81 52 44 28 17 45 50 67 86 24 7 47 32 95 36 23 14 59 93 30 35 83 28 61 60 12 34 55 76 48 66 8 52 61 35 68 58 36 86 43 60 44 90 91 90 77 65 3 87 58 84 73 92 12 34 51 75 67 57 2 67 22 9 70 83 96 89 
100
31 26 34 90 69 75 32 10 3 97 12 90 6 96 62 97 59 95 99 33 14 55 35 32 28 95 1 62 90 89 53 21 14 87 62 34 61 94 43 64 42 6 5 99 53 18 47 11 65 97 96 78 51 82 9 30 76 9 92 66 49 96 38 62 82 99 47 95 92 89 10 85 46 14 35 99 31 81 61 95 77 56 24 79 37 32 9 65 92 52 30 40 47 19 53 81 17 99 75 61 
107
84 45 85 49 80 83 79 12 95 26 89 51 49 67 39 33 27 3 76 78 84 68 77 2 20 57 19 71 83 31 61 66 75 45 66 6 79 96 18 74 21 58 76 22 76 14 54 3 69 81 32 4 48 8 58 20 16 28 42 98 58 2 15 84 99 80 90 77 76 59 2 48 16 77 69 91 43 74 45 63 55 29 18 54 36 75 73 4 2 14 53 11 16 68 95 66 99 36 42 74 46 96 74 13 24 42 55 
106
16 100 32 22 28 50 75 15 76 48 18 30 13 71 40 80 90 34 45 88 21 39 14 66 34 87 78 57 28 33 27 95 84 58 68 11 7 43 77 83 42 47 12 54 69 3 34 58 89 30 97 9 68 10 27 1 48 4 10 28 88 88 74 71 45 42 33 4 84 62 86 25 8 49 78 76 51 63 85 39 93 81 48 12 43 26 65 90 29 26 69 69 13 43 91 57 84 76 60 67 37 97 43 96 45 72 
94
48 35 55 86 79 87 85 42 29 10 6 71 91 31 39 11 43 33 1 100 16 28 11 34 64 8 76 59 4 100 81 51 34 87 89 64 26 25 5 6 35 11 76 77 93 67 39 36 51 91 87 67 19 49 52 34 56 28 45 12 27 25 14 12 64 2 27 89 27 83 94 13 45 22 41 38 40 79 73 90 69 11 56 39 59 8 73 67 87 17 78 65 93 91 
100
56 45 6 96 23 88 90 35 33 11 27 70 50 57 94 39 77 4 47 16 14 6 88 80 44 56 9 8 48 52 87 56 96 92 51 70 79 92 4 11 2 82 32 3 38 25 94 14 80 92 29 46 97 68 77 40 23 86 99 23 37 85 30 84 76 80 53 54 72 8 17 25 41 100 80 78 25 73 43 56 64 24 53 12 43 30 51 66 15 49 40 3 85 69 38 60 100 42 65 23 
89
33 100 41 33 79 70 9 3 12 64 18 87 69 29 30 98 31 47 12 79 86 66 15 6 3 74 57 44 90 80 44 23 79 84 55 9 53 15 11 16 30 28 3 98 56 84 95 38 30 58 16 67 23 82 24 77 55 80 72 96 59 15 18 89 50 24 97 54 38 59 70 68 86 24 65 93 7 60 30 36 69 97 54 92 78 77 68 84 56 
118
80 67 6 49 7 8 25 4 61 62 14 30 81 100 5 46 44 11 57 26 98 25 74 51 68 4 27 88 39 35 79 18 1 84 19 7 43 43 62 4 56 76 85 37 27 90 34 22 52 42 99 50 18 73 100 86 76 79 25 14 13 3 84 65 38 54 23 81 96 37 84 51 64 20 39 42 9 72 63 13 65 62 62 83 86 13 20 61 43 44 26 55 46 61 71 35 14 94 15 9 82 50 12 45 70 50 86 30 74 100 42 38 13 3 72 98 68 91 
102
10 34 36 17 31 96 87 66 10 32 32 70 65 82 33 9 51 83 46 80 8 98 22 45 10 76 69 8 43 59 17 5 45 4 21 27 100 59 44 61 43 76 30 7 57 63 68 59 97 65 90 56 62 11 52 24 39 20 31 33 79 99 89 75 3 9 1 54 20 45 14 14 20 95 72 28 9 91 38 57 56 27 12 69 90 64 92 28 83 22 12 13 73 1 87 75 61 40 28 32 84 93 
100
55 87 17 34 48 7 71 4 14 97 16 83 86 79 74 65 13 48 77 78 20 29 64 46 89 3 25 21 38 17 17 92 3 33 77 2 92 47 6 5 96 21 39 33 51 13 98 15 12 26 92 83 54 8 28 94 62 52 14 100 20 31 43 74 15 20 76 58 66 81 15 13 53 53 46 3 17 43 69 80 20 61 62 73 68 41 18 29 44 84 80 63 66 23 37 80 42 12 90 59 
99
4 72 96 8 17 98 25 11 66 4 30 78 18 54 97 58 71 78 2 54 57 64 71 31 52 51 24 63 92 35 6 95 6 1 54 74 50 78 36 68 34 65 45 3 70 94 60 92 71 13 98 79 29 68 10 80 70 33 95 61 67 52 7 24 53 61 49 54 90 84 21 75 100 18 77 21 11 89 13 33 1 10 63 81 77 72 61 99 57 7 59 75 58 18 51 62 78 51 16 
99
87 88 94 86 57 22 59 19 10 71 51 63 32 14 43 60 37 55 58 45 13 17 20 71 34 22 32 63 72 99 81 58 39 26 96 95 48 54 14 9 76 16 71 59 81 66 18 70 72 76 14 85 44 85 7 29 6 38 91 30 89 23 39 27 1 86 73 48 91 86 8 66 54 79 24 34 96 94 3 19 69 69 3 64 53 9 92 11 99 34 92 39 8 30 65 8 16 37 7 
114
75 15 76 28 45 51 13 40 44 68 58 64 36 13 27 88 73 70 50 71 3 41 9 63 23 25 70 90 14 29 47 88 43 22 67 39 73 79 78 16 46 87 80 33 51 58 73 24 28 22 94 30 15 55 92 37 31 14 26 44 42 72 83 36 46 49 74 18 80 3 85 77 41 16 10 92 74 82 15 1 55 60 82 69 66 26 5 97 39 30 40 32 54 23 19 51 23 92 68 2 94 4 31 86 20 40 77 93 73 43 45 27 3 26 
93
68 51 100 16 41 82 56 24 87 30 42 37 52 33 56 6 78 59 36 64 30 75 92 22 47 35 18 25 89 44 20 8 46 72 24 87 53 79 10 39 60 4 27 11 36 82 16 66 92 3 81 22 29 72 43 27 6 13 52 94 56 71 2 53 42 77 91 46 7 53 36 66 56 62 28 91 95 96 8 87 98 88 8 27 60 2 53 17 14 4 11 21 27 
98
74 20 40 64 66 46 16 53 63 71 67 90 14 61 85 73 99 35 61 6 61 72 60 13 88 25 69 50 46 95 13 71 66 4 86 83 1 54 36 15 76 2 5 89 14 41 62 13 75 74 70 35 45 81 100 32 6 68 82 3 14 46 73 31 2 58 14 2 11 49 17 87 2 73 27 15 13 40 79 88 65 49 74 9 81 73 93 86 92 74 88 57 71 12 88 72 22 1 
96
32 1 94 70 2 18 49 68 30 40 99 69 5 99 43 65 79 67 57 65 11 82 4 67 5 16 6 76 37 58 53 20 58 98 42 11 15 90 31 45 81 29 65 37 27 7 2 5 26 10 21 36 92 25 2 96 40 8 23 28 65 28 47 75 25 88 37 40 29 67 36 10 95 100 98 73 59 99 30 84 9 50 19 52 74 20 99 65 79 73 92 96 100 39 22 25 
127
58 16 59 25 51 68 71 2 17 96 60 16 25 43 76 74 61 79 100 33 29 16 63 1 8 10 53 98 31 77 27 41 44 85 17 46 4 87 47 21 34 7 88 58 49 63 84 62 93 35 46 21 50 8 21 9 70 73 58 100 1 85 92 96 69 8 41 25 47 88 45 80 46 32 38 46 46 73 7 90 7 4 10 8 64 82 17 33 55 74 84 7 10 76 3 31 83 95 55 29 82 51 9 79 82 98 25 79 70 83 68 28 87 29 35 50 10 51 82 16 77 65 75 86 40 29 16 
104
23 70 3 57 20 11 35 53 60 59 83 81 42 2 8 80 30 43 29 92 45 62 7 21 26 81 59 18 9 74 92 84 96 46 40 15 57 74 20 68 85 54 49 26 56 56 57 85 50 85 76 95 46 35 67 23 67 25 92 76 99 35 11 94 81 50 60 89 75 31 56 59 85 4 36 40 60 92 76 9 28 4 55 25 38 22 48 56 46 91 31 96 26 93 41 6 42 53 94 17 83 49 27 67 
119
63 58 64 6 86 24 34 89 79 58 78 52 57 33 49 48 16 45 73 8 85 30 2 37 23 18 72 23 44 90 27 58 48 42 64 33 66 97 73 96 6 2 99 63 34 47 10 1 91 34 61 28 63 62 16 37 31 87 59 26 29 38 84 76 79 99 60 96 47 84 43 52 85 93 14 70 40 75 71 82 8 83 9 70 44 77 58 74 15 69 51 43 6 34 70 36 84 29 84 30 64 78 34 48 71 99 70 10 74 40 91 81 74 52 3 17 80 60 42 
76
28 92 37 85 78 6 21 61 87 56 43 50 33 76 50 55 74 19 64 47 10 7 80 83 10 34 51 89 45 92 82 25 35 70 9 12 76 81 25 14 36 67 63 21 94 64 75 19 82 91 18 91 49 49 73 58 82 23 46 26 66 27 50 1 49 11 64 24 91 88 89 79 6 3 51 51 
96
77 70 48 67 87 39 15 35 63 24 68 38 69 45 3 48 95 3 96 57 67 71 99 6 11 29 64 13 79 14 79 56 83 79 74 21 17 41 7 31 16 74 68 85 19 71 84 65 25 31 73 43 1 71 1 11 100 64 75 30 77 54 85 12 32 11 32 100 3 39 82 18 64 50 54 34 72 37 98 48 67 22 91 19 93 91 81 92 54 56 21 82 61 58 93 44 
106
25 95 74 15 76 43 30 25 97 64 48 85 13 96 4 35 38 22 27 28 3 70 33 10 42 14 70 99 7 13 70 83 7 43 49 82 86 78 59 34 41 58 18 6 53 21 40 42 95 18 69 97 87 53 58 28 67 27 79 25 91 48 59 49 43 7 82 28 84 40 13 77 50 30 82 54 51 73 96 45 90 16 93 76 69 2 55 87 28 33 11 70 33 69 18 75 27 99 54 62 91 66 38 40 95 71 
91
97 43 40 93 32 56 37 59 76 38 14 62 17 46 24 86 78 92 3 4 70 2 57 31 92 22 21 83 69 91 27 17 34 67 10 17 74 98 76 49 88 41 10 4 86 33 90 16 76 44 19 45 97 76 27 40 49 47 22 17 38 49 34 23 67 95 91 92 92 18 40 31 58 1 35 96 33 76 11 60 71 81 56 68 8 82 7 57 81 81 25 
101
81 58 44 47 4 34 38 48 52 29 78 61 29 64 56 13 39 18 72 10 99 79 29 6 12 87 14 92 67 39 13 47 48 56 45 4 42 82 51 45 62 80 5 90 44 61 2 82 30 25 43 28 3 23 86 67 10 99 58 76 89 23 23 89 78 19 92 19 1 42 63 14 73 20 4 16 32 57 50 61 82 44 41 36 67 26 2 76 76 12 3 17 34 77 5 63 96 96 82 48 89 
104
61 61 67 16 29 98 73 78 59 6 21 51 41 39 76 95 66 3 58 69 19 91 97 75 53 92 22 86 91 62 34 52 75 100 19 3 50 91 80 60 96 52 10 89 91 85 35 56 39 92 76 10 34 73 84 38 64 6 24 7 67 9 58 41 60 76 43 9 19 74 68 66 26 77 6 68 13 40 75 4 31 51 13 64 23 96 54 38 1 77 44 20 37 53 60 96 81 55 57 51 28 24 16 5 
116
74 24 17 13 51 20 96 1 32 11 75 80 64 64 80 92 60 51 28 64 11 76 96 17 32 46 96 7 14 53 59 87 76 28 51 26 47 46 78 31 9 4 10 72 68 41 16 79 92 43 42 54 70 38 70 1 35 65 8 48 17 18 34 45 45 37 22 44 82 52 74 42 55 35 14 74 75 81 52 66 75 46 19 45 83 40 97 17 5 56 17 73 74 2 69 70 38 91 65 72 42 38 13 48 72 78 22 99 58 73 64 33 18 35 77 52 
98
73 69 78 29 37 3 54 38 71 75 76 13 40 47 6 29 59 54 53 37 75 51 94 99 14 26 69 48 54 20 74 27 40 51 7 76 5 12 14 76 86 89 40 25 35 46 6 45 99 58 81 73 8 27 23 73 52 91 73 6 11 46 84 2 48 90 78 53 1 43 80 38 31 19 15 17 64 20 13 62 29 94 86 88 72 9 60 23 99 32 80 61 29 15 63 77 4 40 
102
56 82 8 46 64 78 60 32 42 31 44 3 59 89 41 46 60 49 5 35 99 89 14 60 17 29 22 93 84 13 73 92 94 32 37 9 10 96 40 51 78 35 5 36 24 45 81 83 45 37 69 44 77 83 3 46 63 24 90 98 36 63 89 81 46 77 41 55 24 80 57 1 14 14 36 89 10 68 24 55 57 92 98 33 26 52 78 88 27 68 38 14 82 26 94 27 3 34 34 26 65 42 
104
30 55 14 19 65 82 42 19 90 85 68 22 11 71 52 98 97 71 35 10 4 13 55 82 67 88 67 44 4 9 22 33 63 36 3 79 69 96 49 58 81 16 31 91 38 34 40 34 56 27 43 59 39 97 41 57 36 59 100 39 67 74 24 82 61 26 60 81 22 9 90 2 76 20 92 14 6 83 47 61 9 42 20 99 90 12 55 78 22 7 16 89 80 39 70 92 17 81 72 38 89 61 91 17 
90
34 30 37 16 28 98 25 21 69 23 11 32 30 88 53 88 55 93 19 46 62 10 62 43 81 99 83 41 41 99 72 74 80 9 89 8 58 13 28 78 88 90 9 69 77 13 56 32 6 74 77 19 83 90 13 15 40 96 55 80 46 78 53 26 38 93 33 47 58 12 24 45 2 84 65 30 97 20 61 54 45 89 72 79 30 85 93 69 32 99 
103
77 76 52 2 66 45 86 12 2 50 36 98 51 19 62 32 67 33 45 20 77 33 92 55 63 28 99 83 59 97 31 35 24 34 89 41 78 26 53 31 75 40 28 77 58 89 9 77 73 53 96 49 37 87 55 51 66 53 34 24 1 16 11 77 49 99 17 79 24 69 9 51 8 37 27 18 77 35 94 2 39 41 50 76 80 57 26 45 9 11 69 62 26 79 38 27 29 54 5 52 75 65 54 
100
53 81 3 82 67 96 83 58 37 84 33 68 40 10 12 1 73 80 62 98 10 51 76 38 4 80 42 30 97 95 64 49 75 66 30 94 14 12 51 2 96 35 69 87 96 80 87 68 12 100 66 73 50 93 11 6 73 52 35 69 98 50 69 25 68 99 18 81 62 20 34 9 54 54 96 49 33 82 17 96 82 34 69 83 26 31 88 50 34 75 70 31 24 39 55 91 89 24 23 50 
120
8 59 48 61 6 97 46 87 65 93 20 50 61 3 27 43 42 29 76 16 98 7 92 88 61 34 28 85 57 78 79 16 88 27 77 93 75 74 31 39 66 3 40 79 57 66 21 98 94 97 14 44 3 57 83 15 90 11 99 98 40 78 14 27 56 42 71 30 15 1 20 80 55 59 10 11 76 31 9 70 27 74 65 29 30 47 95 19 57 94 17 48 23 82 74 30 23 96 59 89 49 78 20 3 36 30 14 11 60 22 32 38 47 48 18 76 95 12 46 3 
93
14 51 31 95 76 60 69 72 18 57 20 95 77 22 82 6 87 45 17 8 28 54 6 76 71 81 70 34 27 24 91 92 74 21 87 2 81 55 73 98 64 44 45 40 17 78 97 4 22 65 63 2 70 69 77 92 1 98 25 79 21 15 71 47 36 9 48 68 63 72 17 26 15 61 17 31 91 65 86 64 29 49 65 98 69 41 89 69 38 66 100 59 80 
94
57 67 78 4 34 92 75 3 70 41 63 38 23 5 3 9 69 83 9 33 33 77 74 73 97 11 38 96 21 18 17 77 36 46 32 22 38 58 24 59 98 38 96 21 43 50 29 11 33 37 43 65 65 68 37 61 31 27 9 3 96 77 32 31 23 63 4 12 21 27 70 70 17 17 90 59 67 70 21 99 58 15 15 22 35 3 35 65 29 95 67 24 71 50 
107
45 13 10 56 85 89 77 6 5 94 96 15 60 17 87 10 75 1 24 48 35 78 34 51 7 28 70 82 51 19 88 95 83 50 51 19 38 79 25 42 72 72 8 31 88 94 92 62 46 15 62 81 93 95 83 51 75 52 32 25 23 72 71 5 21 73 24 10 52 48 3 23 71 10 6 58 55 97 72 100 64 33 80 8 79 15 58 53 18 41 29 40 64 52 97 36 24 72 45 75 71 99 50 41 8 7 98 
99
3 69 62 18 53 93 25 84 59 82 88 77 75 69 68 38 20 64 74 43 87 70 70 57 69 71 97 28 77 47 90 31 67 3 49 72 47 73 55 6 7 42 34 81 10 1 70 81 17 95 24 3 65 45 12 85 15 8 12 43 6 53 73 73 7 21 44 54 46 50 11 52 43 44 84 53 96 5 33 12 100 8 67 16 4 78 100 70 37 11 12 95 16 37 67 22 57 62 75 
94
63 37 5 5 80 40 9 28 45 94 91 44 1 57 11 57 86 10 26 75 72 38 69 87 74 87 9 82 48 35 36 62 72 92 66 3 32 75 30 28 68 73 23 20 29 33 76 67 42 2 41 65 91 9 52 16 95 12 97 94 98 84 55 21 28 20 76 59 46 57 38 13 29 60 33 58 92 60 76 85 61 16 49 3 24 52 18 70 15 15 63 65 50 17 
91
77 88 60 87 34 17 24 98 97 83 30 54 26 42 81 62 2 96 63 57 71 66 74 40 81 40 2 97 90 70 81 66 58 93 5 43 61 28 40 57 63 22 63 40 63 43 2 16 39 16 72 9 81 46 1 13 85 2 9 74 24 42 92 81 34 96 23 46 75 62 2 37 35 64 29 97 7 82 13 97 97 84 57 29 81 57 42 66 11 2 91 
100
43 34 66 28 29 40 73 56 53 27 92 88 90 72 84 48 53 96 44 49 32 1 78 12 9 71 29 19 72 20 4 67 53 69 46 34 8 71 89 61 97 32 48 86 4 31 86 8 79 29 57 62 81 86 25 90 56 54 60 79 25 64 97 29 84 95 62 92 65 2 4 61 86 51 98 41 33 83 48 63 64 4 24 44 41 49 85 48 54 97 27 78 12 75 6 95 69 20 86 85 
101
89 97 58 91 95 98 76 29 46 38 92 1 14 88 42 14 24 89 67 72 67 96 83 94 53 30 62 72 15 99 45 56 95 54 98 41 52 73 70 49 63 13 1 28 52 94 93 76 35 59 99 1 6 34 94 58 63 8 82 29 58 78 84 52 31 34 93 34 58 62 82 72 26 35 99 78 28 91 5 62 1 3 15 6 36 60 16 98 67 49 27 76 26 62 28 56 95 20 42 5 33 
115
76 58 9 75 35 37 17 91 98 18 94 12 75 29 24 90 79 42 90 5 18 15 18 45 23 65 16 64 69 48 38 44 57 47 70 44 35 87 34 84 4 79 48 30 8 71 72 38 12 61 94 29 76 11 73 98 75 88 13 95 87 50 39 96 48 60 39 82 46 24 66 1 3 65 31 10 35 54 99 46 14 92 27 41 2 99 38 29 39 2 23 77 52 13 72 51 25 10 33 70 34 50 23 36 66 5 97 100 58 47 97 71 38 23 12 
110
74 1 71 12 3 94 40 6 58 12 56 82 73 40 4 58 41 78 45 6 34 93 57 91 39 54 13 28 76 76 19 49 29 89 12 31 34 4 88 44 15 95 77 39 87 32 97 27 9 93 85 42 86 41 84 76 46 97 4 22 24 22 22 52 62 86 34 48 89 21 91 55 68 19 93 54 51 41 32 11 34 68 5 19 9 88 94 6 36 49 27 60 22 1 63 36 38 97 83 78 17 25 32 36 43 76 89 45 17 73 
92
50 40 60 20 100 99 65 6 87 14 84 98 35 84 60 70 73 56 4 50 25 28 81 60 23 57 1 67 25 73 22 74 12 33 93 12 84 9 17 70 22 100 67 9 36 78 30 8 34 86 10 10 13 42 21 35 98 21 54 22 93 75 47 57 60 91 20 43 100 88 12 73 87 30 81 74 7 63 34 92 48 43 1 12 84 22 99 34 42 52 7 87 
112
54 95 37 44 66 31 95 53 94 68 91 23 100 65 82 62 50 73 61 92 26 73 27 47 23 12 40 74 19 78 3 24 24 40 19 89 22 14 41 16 33 32 90 32 48 23 46 97 96 58 40 73 82 18 19 4 30 10 77 100 88 80 23 63 71 41 52 44 6 92 11 38 75 1 22 22 75 19 70 22 76 61 94 58 79 64 61 8 74 90 59 13 21 81 75 43 73 78 86 31 22 97 20 96 49 41 70 23 11 91 45 87 
109
90 96 30 54 8 89 27 49 47 91 69 79 65 11 3 43 97 33 64 45 53 11 93 45 80 67 56 71 11 94 74 53 41 3 6 48 43 32 49 41 22 17 19 38 80 21 32 76 6 47 72 58 58 64 54 89 82 61 11 45 54 84 97 46 38 2 46 80 33 94 20 6 10 90 95 89 63 27 16 68 73 87 77 30 2 30 71 84 91 81 28 96 65 24 42 2 77 39 82 61 32 53 66 93 43 60 34 57 38 
107
24 11 40 100 92 93 81 62 76 71 43 55 19 7 30 12 60 6 50 93 66 33 98 83 77 40 95 10 48 32 63 71 42 2 22 34 94 2 95 22 25 89 28 95 47 58 6 7 15 7 51 33 91 48 15 67 39 61 29 86 93 91 8 86 44 29 71 37 83 18 10 7 6 38 53 5 47 58 11 61 16 13 93 6 61 60 72 99 72 52 85 16 42 92 2 37 73 24 74 55 41 35 13 99 72 65 3 
98
74 65 31 89 77 75 46 89 34 17 88 58 21 24 73 14 67 74 51 39 98 24 45 90 10 9 88 82 73 42 51 98 58 81 86 35 56 31 23 41 100 62 98 20 85 71 33 52 96 35 42 45 10 39 35 20 47 74 1 72 16 51 69 73 84 55 59 39 37 34 31 88 95 29 7 32 51 92 35 46 26 76 43 36 66 77 7 13 50 7 84 17 9 52 42 44 58 52 
116
95 85 65 82 32 45 41 63 95 84 97 92 61 24 34 48 42 62 54 54 64 12 89 32 73 92 25 16 50 77 50 96 13 66 29 44 10 69 58 56 4 6 99 65 82 85 64 23 46 18 28 9 81 16 93 53 7 17 69 56 93 70 3 6 35 32 1 96 100 59 3 56 16 1 72 97 85 35 71 83 4 98 43 85 13 35 89 72 52 9 79 96 78 82 1 64 13 54 11 64 64 13 19 79 14 90 28 50 77 98 84 80 96 27 16 60 
113
5 31 64 65 10 60 95 43 12 58 55 65 21 18 80 33 89 59 98 30 38 100 6 35 83 38 82 9 53 42 22 9 24 85 74 85 44 20 27 8 77 81 72 49 51 52 82 91 62 31 20 51 30 78 85 65 15 19 25 19 60 46 28 35 83 53 20 78 72 46 85 100 79 9 1 81 12 82 71 73 64 90 75 46 67 11 10 33 29 34 52 40 32 31 75 14 35 94 91 58 91 28 57 69 36 57 49 47 90 71 71 6 13 
89
51 31 55 12 64 84 97 67 23 28 97 49 93 31 94 36 88 85 63 96 5 98 5 6 44 46 28 66 51 40 10 53 71 64 64 86 99 13 52 74 40 48 22 85 30 68 20 69 4 82 16 60 31 20 65 26 18 45 91 20 84 100 73 6 15 88 91 14 100 94 87 92 93 60 76 22 27 47 90 30 80 6 90 62 77 6 87 94 50 
102
66 86 28 38 43 94 77 34 7 29 79 45 20 72 5 47 93 83 45 35 13 24 92 54 85 20 11 23 66 13 51 31 50 30 20 92 23 96 77 82 76 56 26 47 27 30 93 71 65 89 5 77 12 48 82 48 68 44 70 33 56 72 15 57 1 34 49 76 81 25 57 57 32 82 3 58 64 48 29 28 36 85 56 100 33 89 47 100 32 69 84 40 92 98 96 93 83 96 68 63 21 24 
88
52 57 74 62 20 21 90 99 8 74 54 7 58 42 6 57 26 26 92 65 17 41 12 61 23 8 28 38 28 3 8 31 60 81 92 31 53 33 30 13 59 35 71 16 77 28 25 54 53 68 18 22 9 29 82 83 36 62 20 15 16 28 98 27 8 41 58 13 26 39 25 84 73 95 51 1 23 75 54 27 95 23 100 3 4 34 85 91 
98
5 6 62 84 55 89 91 95 98 55 20 36 31 55 60 26 6 61 100 32 66 78 26 89 78 28 92 11 65 82 57 21 39 18 4 93 58 46 40 55 1 59 90 31 66 50 8 71 62 59 2 27 37 28 15 66 7 6 28 23 40 84 43 78 53 98 71 11 44 62 65 96 20 7 78 37 56 86 7 69 96 61 95 32 40 10 49 46 67 76 21 6 11 15 36 64 13 6 
98
56 19 42 3 90 48 80 27 55 65 33 23 61 93 18 44 32 79 93 30 45 20 2 3 31 16 38 46 28 95 71 35 13 64 37 2 12 17 28 66 33 61 41 45 5 10 41 89 88 33 70 84 4 71 86 86 86 75 31 66 69 53 100 81 17 89 35 80 57 62 97 89 74 37 86 79 46 26 19 85 10 88 69 13 58 6 99 95 81 81 12 49 34 64 82 2 52 16 
90
8 77 77 48 3 66 33 33 63 10 51 48 19 90 16 32 99 73 82 93 53 62 5 2 47 68 35 100 71 50 32 30 78 61 29 80 26 14 12 88 23 14 35 42 3 2 25 1 75 58 46 27 71 2 80 70 21 14 69 91 15 1 72 93 61 100 24 38 13 36 25 88 49 12 29 4 13 5 4 39 62 49 18 84 50 97 53 70 63 22 
94
29 74 83 21 86 83 45 23 47 32 47 34 32 10 14 35 23 18 39 13 31 39 30 15 89 27 67 10 41 40 22 69 13 4 42 50 38 38 72 85 69 71 70 52 80 84 87 54 1 77 67 84 67 96 50 7 74 16 17 66 8 90 35 72 45 28 22 83 65 93 19 33 15 88 84 47 71 22 100 24 50 18 59 17 66 8 23 91 75 39 57 82 80 43 
99
25 70 27 7 34 71 77 18 86 64 53 32 87 27 83 62 76 1 20 92 18 27 67 8 53 57 16 35 37 58 40 61 79 18 67 12 88 43 81 25 58 34 56 96 12 91 57 87 43 76 31 60 54 97 67 7 53 83 93 89 92 84 49 71 1 67 34 88 61 15 13 71 100 20 66 11 10 23 97 52 50 79 11 4 75 30 10 80 64 54 68 7 37 69 77 37 87 11 76 
114
25 88 70 76 60 35 86 69 9 34 73 59 13 35 14 39 16 75 18 79 28 38 86 64 6 14 52 44 24 27 43 100 15 64 27 74 99 12 94 59 98 66 69 10 53 82 48 68 56 18 47 83 55 84 46 12 97 97 55 73 76 50 24 42 13 51 15 63 14 60 22 11 78 90 20 30 72 20 97 27 37 95 62 91 78 59 54 27 8 8 51 83 57 74 24 22 76 90 84 90 49 57 100 78 99 72 7 70 43 4 48 79 98 9 
87
28 20 74 6 27 33 56 9 90 81 32 63 9 21 46 98 21 3 49 99 53 72 5 22 14 60 21 92 10 82 64 37 1 37 94 27 70 1 35 11 81 18 73 89 90 70 38 62 24 87 60 76 58 17 49 72 28 22 15 37 3 79 25 55 67 18 81 88 18 67 50 51 36 74 91 25 44 29 86 19 67 98 47 76 66 95 99 
122
16 14 30 70 44 54 24 62 24 56 50 93 74 51 43 9 25 86 85 20 14 23 38 32 20 84 7 85 31 6 29 46 71 58 68 66 64 91 79 39 47 80 31 20 31 26 81 55 11 65 74 76 87 63 7 58 99 65 94 29 70 23 26 92 32 93 9 47 84 88 85 82 67 68 53 49 93 33 3 55 50 28 30 88 43 88 98 41 52 91 69 74 65 46 17 97 39 26 43 74 65 80 7 83 47 59 32 91 44 34 97 45 14 78 32 56 65 29 48 68 72 68 
98
36 13 62 84 51 39 79 24 3 58 82 85 56 41 16 98 36 2 94 80 15 71 11 22 87 92 69 6 63 36 51 50 48 12 34 51 50 12 26 52 21 8 88 28 100 4 25 35 57 70 14 71 40 76 44 78 67 64 35 81 99 85 31 98 48 16 100 97 27 26 100 99 85 88 26 84 43 50 18 99 19 83 21 10 58 16 39 77 79 73 9 29 10 91 78 57 6 78 
116
32 3 5 30 39 44 55 22 38 56 39 88 26 73 60 35 30 75 25 58 53 50 19 33 59 9 11 15 15 88 20 46 42 77 28 80 20 34 1 58 90 91 97 67 15 57 54 96 31 78 54 36 27 72 68 37 80 78 4 94 65 23 92 58 51 71 37 71 4 89 80 45 31 76 64 45 32 17 41 15 94 94 50 73 17 17 9 48 47 12 94 11 87 37 21 37 7 57 59 62 98 38 59 28 66 22 73 49 38 13 63 83 58 64 55 26 
97
64 25 27 75 18 89 61 6 9 98 64 18 56 78 15 46 36 94 63 9 66 63 98 30 26 80 39 41 35 16 21 50 41 99 24 10 40 37 68 100 86 31 69 93 8 83 38 95 77 52 3 94 15 52 76 92 32 14 32 18 82 5 67 22 55 42 83 46 78 50 98 63 33 66 56 40 49 45 87 77 97 41 22 63 93 97 6 76 63 89 93 44 45 59 65 100 52 
101
97 30 49 94 92 33 60 99 72 60 44 58 88 92 51 9 6 43 6 11 18 68 99 10 63 44 20 79 95 71 77 43 52 77 37 44 9 48 94 33 7 37 42 94 80 92 54 85 34 59 95 51 78 46 12 40 41 83 18 87 6 47 29 57 23 65 52 32 64 46 16 70 82 57 15 14 49 69 98 82 79 93 85 9 90 48 100 30 83 18 16 88 64 44 44 38 61 48 21 24 93 
99
46 26 93 12 39 41 80 37 74 11 81 58 19 70 58 18 51 40 87 66 27 2 61 22 92 21 69 12 97 13 48 42 39 92 5 29 32 85 17 5 47 97 15 17 18 72 86 68 11 25 85 89 26 46 10 17 18 31 81 14 43 28 7 33 71 12 14 2 48 30 58 46 79 72 62 48 95 47 16 57 71 52 45 49 97 7 17 67 37 97 32 31 76 91 64 46 2 29 99 
94
58 57 98 88 80 59 36 27 57 3 83 80 54 80 28 51 86 44 17 74 93 100 4 68 90 19 66 43 47 64 43 57 72 40 44 52 50 79 30 7 81 12 86 35 91 65 37 28 60 5 1 52 4 5 72 94 75 89 36 22 52 31 30 76 22 73 79 24 4 8 30 36 19 67 22 62 83 10 89 94 14 90 98 70 46 69 15 20 57 2 93 60 84 22 
102
6 47 13 81 2 20 10 37 91 28 59 52 62 20 92 55 34 33 52 55 78 72 69 50 80 22 42 92 6 16 78 63 14 91 43 15 62 4 3 4 31 13 7 44 33 99 98 18 31 2 72 61 25 92 10 5 13 3 96 18 70 73 80 83 15 22 49 29 25 4 32 7 68 39 50 100 89 100 17 71 53 40 83 77 31 92 81 96 47 28 13 16 53 45 51 19 66 51 47 43 6 31 
107
74 21 51 73 61 50 42 31 54 33 14 30 16 57 63 11 55 42 75 71 46 19 73 65 85 75 63 27 81 93 27 54 65 77 78 25 78 71 8 31 56 73 13 71 81 75 81 36 68 55 58 14 74 30 30 10 56 92 88 88 37 14 41 1 43 71 78 72 93 85 55 48 9 67 18 89 93 50 24 60 57 81 25 82 62 54 91 70 98 30 57 34 95 50 86 37 20 15 61 12 99 15 60 59 81 29 48 
99
79 23 84 35 56 61 16 17 14 58 86 11 87 95 96 33 44 34 22 63 48 82 26 99 96 37 57 28 66 56 52 96 79 87 30 34 47 97 2 13 6 40 75 44 34 23 76 77 56 97 39 3 78 16 53 25 53 10 52 18 65 55 13 95 42 94 28 40 42 30 52 47 69 27 90 54 49 17 30 56 14 68 10 43 35 63 20 87 72 23 56 88 78 20 83 19 13 62 58 
113
43 62 52 63 40 41 16 40 58 45 95 23 64 4 17 99 66 36 85 89 59 93 29 36 12 11 6 25 24 15 30 67 28 34 81 67 26 97 6 35 41 52 57 57 8 26 55 25 61 91 14 71 83 94 58 95 56 15 71 79 30 52 97 57 37 78 76 63 74 81 97 66 85 6 74 92 31 80 16 43 71 81 14 5 74 23 51 29 38 73 60 19 77 56 75 13 33 2 75 58 35 24 76 19 29 49 62 11 81 77 53 51 10 
99
7 35 41 58 64 30 82 23 48 58 30 74 71 15 76 97 72 10 20 99 80 48 100 41 58 80 69 63 82 78 80 88 13 72 97 28 1 79 2 100 36 31 74 58 45 1 55 69 10 74 19 41 22 18 81 31 49 49 93 82 79 25 22 91 96 18 18 49 48 19 48 36 1 21 93 46 73 47 66 82 73 84 22 46 54 54 76 2 3 21 36 81 45 57 23 40 74 92 40 
101
62 88 9 62 60 1 59 33 100 24 66 72 8 88 17 61 93 44 14 95 64 49 27 8 5 49 100 31 40 39 4 1 26 12 15 38 64 73 70 63 97 35 86 56 74 54 16 67 98 81 13 61 82 40 21 38 40 20 20 80 58 23 32 36 86 46 73 2 71 94 16 67 28 2 74 54 55 89 72 4 21 84 65 54 23 85 92 15 56 11 94 65 86 77 52 71 75 76 24 97 69 
93
63 49 93 36 54 47 76 25 3 48 8 67 2 83 3 45 97 10 55 42 74 40 70 78 63 44 53 86 40 22 77 54 22 69 41 75 68 68 99 70 16 58 88 69 40 42 13 36 51 67 29 76 59 99 53 73 42 6 58 34 79 87 39 52 55 80 26 22 99 76 43 14 33 30 34 73 71 46 60 73 65 89 49 75 87 1 47 80 58 56 65 36 42 
96
87 49 35 64 22 33 39 65 99 72 46 84 96 17 30 7 89 46 47 37 20 85 90 18 65 47 73 81 83 15 36 21 63 22 85 84 7 75 100 57 98 46 40 93 14 21 52 2 66 98 91 37 83 32 54 99 78 27 31 12 93 67 85 7 88 21 42 46 95 42 2 93 87 42 37 52 62 88 53 80 38 95 16 20 78 22 18 56 100 48 19 44 66 3 50 6 
85
91 51 70 84 53 14 22 94 50 73 7 90 78 86 27 72 54 98 2 75 67 57 26 14 27 69 32 82 18 37 56 60 39 25 44 91 38 17 36 40 90 43 29 67 80 7 90 33 4 91 59 70 99 84 35 26 52 66 59 21 54 14 81 45 91 76 87 28 92 23 19 81 17 99 99 48 5 41 81 60 31 39 29 82 75 
97
59 26 33 17 47 39 82 27 83 72 54 69 52 45 43 70 78 59 69 28 7 25 68 39 85 51 29 65 32 3 80 90 29 13 58 27 51 39 5 85 63 58 53 14 54 96 35 83 6 55 11 64 80 78 2 16 28 31 80 59 85 12 100 65 76 9 91 26 100 47 10 62 56 14 75 10 9 9 92 15 64 2 30 95 80 32 10 59 14 41 18 50 52 69 15 27 78 
94
4 77 4 65 90 59 79 64 68 39 24 12 5 39 13 35 33 44 18 94 3 31 87 72 80 90 92 46 69 21 3 24 49 6 89 38 16 19 1 36 57 77 47 14 15 11 48 100 7 65 45 61 47 83 84 78 73 75 24 93 48 78 16 96 35 56 34 50 74 86 37 83 62 35 96 29 98 95 28 4 11 24 16 57 7 99 86 79 25 61 71 72 38 38 
101
24 94 1 74 19 38 62 1 100 97 48 28 94 42 7 49 52 30 64 60 36 62 98 66 38 58 88 10 48 78 29 71 71 81 96 89 18 58 42 17 6 89 96 99 83 2 47 34 84 62 46 71 75 43 37 12 52 76 73 99 53 1 22 75 81 17 16 99 26 57 15 31 45 63 29 27 64 27 13 47 88 10 18 62 4 6 26 55 33 98 6 38 99 27 12 79 95 27 29 21 83 
100
3 80 58 32 58 21 10 22 20 50 31 89 11 86 46 36 41 78 34 98 15 84 24 79 62 70 57 43 90 92 38 93 71 95 76 80 67 37 2 38 86 84 26 97 70 71 84 62 1 69 59 67 52 34 45 66 3 2 8 45 93 45 37 15 91 64 46 57 100 99 95 38 35 72 34 4 95 69 17 95 38 75 61 41 60 58 6 62 11 65 6 55 9 94 21 51 9 66 8 61 
101
2 98 99 25 83 54 19 51 22 13 40 48 26 81 7 35 38 68 45 3 26 51 63 71 71 14 80 88 73 40 4 26 37 54 50 19 59 69 21 80 33 61 27 58 93 33 44 30 53 40 84 30 90 99 100 12 64 31 52 36 22 55 13 10 9 62 80 67 82 1 47 15 13 25 24 5 10 68 86 62 7 22 43 49 72 94 60 35 25 11 22 46 18 34 56 78 47 35 44 29 87 
91
95 99 19 18 55 28 37 93 41 44 14 83 44 85 76 55 71 52 18 44 98 35 29 5 12 27 91 7 7 78 1 1 28 19 71 83 98 7 27 38 2 92 72 45 28 47 52 98 99 69 93 48 3 21 52 66 47 42 24 54 71 24 6 99 94 76 33 91 35 59 80 36 50 51 33 77 98 84 26 48 4 18 47 58 90 98 23 88 91 98 41 
110
22 99 12 67 74 96 58 60 54 89 96 55 40 80 83 89 15 60 36 18 29 82 27 18 31 49 5 73 98 98 86 71 96 97 38 21 92 47 81 97 35 28 3 74 7 85 62 73 96 49 42 24 82 68 41 64 68 98 37 65 95 22 36 90 19 73 10 62 71 42 59 5 69 13 31 27 98 44 99 93 93 92 17 26 59 9 90 26 6 26 43 100 47 78 41 17 2 3 79 72 44 89 28 65 1 10 91 50 54 42 
107
98 33 63 23 92 71 64 69 29 89 11 80 88 40 21 4 41 75 34 12 18 74 92 82 27 1 25 76 6 66 22 3 98 84 78 41 7 41 62 87 30 72 66 69 12 86 72 4 12 58 68 30 83 59 63 9 11 39 37 17 4 58 19 54 94 96 46 52 37 59 38 18 31 55 86 94 41 9 49 4 18 16 33 1 74 48 9 37 38 45 53 94 55 71 99 100 19 96 3 7 55 40 24 37 94 61 30 
105
69 78 90 87 46 74 39 71 73 47 7 11 44 59 56 50 82 54 49 52 49 51 58 3 42 33 39 87 93 20 25 13 50 66 51 95 91 89 65 64 88 24 26 31 82 33 32 15 86 80 66 86 82 23 89 75 7 79 13 51 99 37 64 100 54 66 46 45 7 10 60 94 33 37 76 67 69 7 81 54 38 47 39 71 21 79 45 28 58 9 30 8 98 93 7 51 11 52 95 17 13 6 10 98 42 
104
16 10 43 96 15 32 94 6 2 67 36 98 46 93 6 75 52 3 68 10 6 30 13 100 46 78 58 7 75 99 43 42 61 37 37 27 68 83 32 21 49 20 18 94 64 75 68 16 30 87 77 35 68 90 86 13 67 43 71 93 42 65 34 2 1 22 80 20 4 12 40 4 31 9 97 46 36 17 61 65 55 38 99 23 79 84 87 45 27 58 89 20 22 22 73 75 43 52 94 99 63 86 2 45 
114
51 91 81 19 3 45 25 92 95 47 70 79 34 14 57 43 2 76 64 75 48 38 70 99 84 20 14 69 21 10 66 23 52 47 93 55 43 18 46 38 16 16 68 49 81 24 43 35 51 7 61 50 96 30 48 79 49 13 99 22 23 65 96 74 63 89 80 5 58 26 94 73 93 61 74 25 36 16 59 86 74 20 87 70 1 35 100 50 47 51 23 21 67 18 95 29 58 74 33 15 51 27 88 95 39 61 20 75 28 30 12 2 1 99 
113
2 85 74 3 83 24 77 4 90 46 50 18 4 75 3 70 78 81 57 72 19 69 43 45 97 73 57 50 25 7 72 78 43 45 80 25 21 8 80 62 54 29 32 9 56 34 78 33 14 87 56 32 55 99 29 3 23 37 52 47 43 75 25 85 72 56 61 44 64 41 5 69 21 36 77 76 69 54 60 34 40 16 18 47 14 46 49 88 82 53 34 76 79 10 60 50 66 72 93 81 12 98 49 85 85 25 60 54 30 72 39 70 87 
114
68 52 1 16 39 82 20 24 57 99 34 68 100 51 92 45 83 3 94 31 39 78 7 51 83 36 22 22 57 8 77 24 59 30 92 97 11 63 20 20 13 5 39 13 55 30 57 37 85 2 19 23 79 77 73 62 65 46 83 73 53 11 97 63 40 40 11 3 2 31 22 15 87 12 79 94 94 87 30 78 88 1 52 66 29 77 79 93 22 13 18 75 24 14 37 15 5 48 17 58 30 90 24 16 2 2 61 95 40 91 24 27 43 75 
99
23 51 75 16 25 88 33 99 63 98 87 77 54 86 94 11 67 83 87 35 36 88 95 82 80 37 5 6 31 32 2 54 34 77 69 58 16 53 8 78 2 95 6 7 32 99 17 99 34 55 85 21 43 79 3 74 16 59 79 98 42 81 51 76 9 71 85 24 23 93 1 76 39 6 82 70 57 51 20 42 5 4 62 99 35 16 72 2 27 3 99 68 35 50 95 43 20 80 18 
76
72 18 22 62 75 56 31 83 6 3 76 62 58 38 13 44 5 84 45 31 38 96 51 72 45 45 66 16 24 83 62 47 52 84 8 79 39 91 61 96 45 37 9 2 26 21 46 30 57 42 13 94 37 63 18 33 7 83 1 83 66 62 81 17 97 41 95 87 31 8 82 27 96 91 28 73 
100
25 2 19 19 66 13 55 28 30 40 87 64 40 21 29 1 1 98 50 41 44 36 23 3 70 49 98 12 29 70 74 5 24 93 23 41 5 30 21 86 69 7 1 8 79 30 60 31 79 61 72 74 97 46 77 66 95 26 29 75 48 2 79 23 94 2 63 50 83 83 87 51 41 88 10 71 69 21 2 47 82 73 20 78 70 48 95 64 74 23 90 21 24 69 95 70 22 57 19 4 
88
58 54 84 45 15 55 13 35 56 11 16 80 82 45 49 30 39 65 3 13 54 75 89 74 69 58 95 77 28 98 20 85 3 4 29 17 58 93 52 65 3 19 96 37 64 44 66 54 60 20 67 66 46 7 39 14 64 34 42 43 31 62 80 34 65 60 2 74 53 53 90 7 24 85 43 87 80 60 40 40 79 58 5 24 16 43 89 79 
90
31 74 59 92 53 44 8 12 45 81 16 50 22 23 73 6 17 11 85 77 2 76 7 60 32 31 75 75 71 6 2 1 31 12 44 83 55 51 46 52 83 62 53 56 36 77 61 52 87 98 80 88 73 87 99 5 69 26 31 39 31 84 40 13 96 35 95 2 38 92 5 72 53 57 28 88 33 88 92 71 85 71 59 10 9 9 66 77 34 96 
112
64 79 7 28 26 41 22 80 78 14 84 2 18 93 29 58 77 16 49 48 53 71 58 14 80 66 79 56 100 74 71 15 4 77 43 82 70 16 61 99 81 96 100 51 88 28 8 17 96 56 16 100 26 73 13 57 90 91 13 41 16 35 8 19 64 50 100 33 17 12 83 50 8 83 100 95 62 59 11 57 14 26 56 91 50 20 48 40 10 12 32 25 46 39 96 9 40 95 41 57 59 76 58 66 58 57 60 19 15 23 28 80 
92
83 22 2 3 21 93 64 32 24 41 30 63 36 38 2 82 31 10 40 6 67 5 15 75 17 33 89 91 12 20 90 95 94 91 49 14 83 64 98 59 4 27 21 39 16 22 21 98 84 12 3 50 17 17 25 85 2 65 75 13 37 64 59 30 7 59 43 41 75 92 99 78 18 71 69 86 93 89 83 28 52 86 77 68 54 53 52 7 18 78 72 54 
97
30 83 100 41 77 92 15 69 91 92 38 61 12 23 5 52 6 32 4 43 61 71 48 13 75 55 82 52 26 35 45 7 69 96 47 46 88 13 66 30 57 3 42 68 26 47 20 83 30 23 25 42 45 72 55 71 78 36 23 3 23 19 10 91 15 8 88 54 21 53 83 77 8 76 44 85 74 63 67 4 37 91 97 82 14 51 52 92 39 26 46 61 45 55 3 11 15 
98
16 87 47 50 15 54 25 10 38 99 25 4 54 61 46 50 42 60 53 94 3 91 71 48 3 15 55 57 77 69 99 44 7 46 93 21 51 18 30 89 16 54 44 21 15 90 70 8 1 22 53 3 64 24 50 66 90 4 75 67 24 73 10 30 70 55 2 21 72 32 61 39 37 4 59 3 45 80 11 45 2 63 47 65 86 49 83 76 4 57 94 28 81 55 9 51 9 11 
99
80 94 83 70 30 38 80 33 83 60 95 27 61 57 26 77 95 26 59 22 29 67 67 8 48 21 17 50 82 79 72 61 72 6 83 1 43 62 85 77 21 79 56 33 88 33 10 34 58 20 55 86 87 21 46 86 93 62 35 74 40 58 87 11 63 69 63 57 82 100 34 3 78 41 87 17 73 96 50 30 16 56 67 54 28 12 39 21 25 73 46 16 30 32 78 44 52 41 100 
107
92 85 40 21 77 26 38 49 22 39 30 89 95 97 94 22 60 32 94 85 56 40 100 37 23 78 80 27 70 31 64 61 68 3 81 44 28 70 93 1 9 22 89 3 70 82 76 30 65 22 66 20 13 17 8 35 46 87 13 15 70 76 27 37 78 60 80 58 29 24 58 37 98 99 91 19 32 67 100 97 88 65 68 100 34 76 86 79 14 51 94 83 78 72 19 8 31 51 65 60 26 74 48 23 72 39 94 
110
5 93 52 44 58 71 95 91 98 32 21 12 34 66 46 12 38 17 71 68 67 35 79 44 60 27 19 32 65 12 87 21 4 90 16 13 60 62 55 10 93 76 21 79 41 66 42 78 82 12 98 100 98 28 96 57 54 14 40 70 25 26 90 80 67 57 93 79 18 99 88 63 74 8 41 67 25 34 44 59 45 93 10 94 21 5 50 26 18 90 96 94 67 85 74 86 42 18 64 11 16 51 73 42 10 65 8 86 98 3 
117
42 48 6 35 68 10 37 45 28 78 40 73 96 77 46 81 70 15 96 80 83 46 53 24 7 69 83 45 67 85 88 8 32 45 95 51 55 83 48 82 60 87 54 7 63 52 88 84 18 83 64 100 81 68 23 39 36 57 83 54 42 23 62 25 67 8 28 21 90 75 54 1 13 8 7 76 11 46 11 28 29 74 28 61 93 2 99 81 59 82 34 52 4 47 28 70 6 55 91 47 81 44 47 94 3 6 21 65 51 31 93 31 57 72 91 1 25 
104
33 35 23 67 38 26 65 66 95 71 72 37 17 53 33 16 98 87 21 18 52 71 100 96 54 56 19 44 9 43 85 41 30 7 59 67 32 24 32 79 46 56 67 62 8 99 29 57 38 49 26 89 72 25 84 77 33 54 20 41 96 57 81 77 63 40 44 47 15 27 77 60 82 43 73 41 94 2 97 31 2 22 71 25 99 54 1 31 59 73 71 6 29 3 83 91 94 26 89 8 52 65 19 86 
103
92 26 53 45 75 35 46 96 5 71 46 10 23 76 68 95 98 73 23 53 55 66 46 32 6 6 36 71 24 21 82 67 98 34 11 72 20 57 20 24 79 65 85 1 93 52 48 42 76 22 94 31 87 92 14 93 97 49 15 72 21 96 39 19 81 49 90 100 57 9 75 87 26 59 40 18 62 87 59 37 8 53 19 47 96 33 39 92 33 5 15 54 100 53 72 32 54 61 31 62 22 57 49 
99
15 88 64 28 26 22 64 85 26 83 31 21 67 21 64 99 25 79 52 76 83 23 7 88 36 89 2 57 45 50 3 11 89 18 38 66 91 2 50 17 36 33 89 2 53 5 52 30 35 4 5 69 78 12 57 65 52 58 21 97 59 75 7 99 92 45 64 35 98 65 51 85 97 91 38 2 95 89 31 29 44 87 98 74 50 6 38 2 15 11 98 25 85 4 23 29 100 38 63 
99
54 65 33 3 55 70 4 2 59 86 82 54 72 79 27 22 36 65 23 50 75 72 26 11 27 48 91 27 37 53 75 43 69 60 45 76 29 48 77 87 85 58 93 56 89 19 29 24 83 3 26 9 74 51 72 53 51 62 31 39 67 57 81 35 16 25 10 45 24 86 83 8 96 75 16 84 94 96 59 28 99 36 89 24 39 60 76 89 21 6 79 87 15 60 74 30 36 83 74 
88
21 57 19 16 31 86 51 76 82 9 4 32 97 92 7 35 3 83 23 23 40 1 62 54 12 35 84 48 17 9 59 89 65 29 4 48 67 6 75 100 15 78 31 11 21 37 97 23 71 19 98 63 71 59 68 35 45 3 34 13 12 44 2 28 24 57 27 90 63 2 89 29 31 71 91 4 60 87 78 82 5 75 44 27 85 64 13 29 
102
46 42 29 89 95 9 65 51 87 54 13 40 95 41 71 17 83 26 76 69 3 58 25 78 53 4 14 16 16 95 34 62 88 14 2 82 22 66 32 61 72 97 100 18 89 70 34 72 47 62 40 50 71 17 79 23 20 92 91 35 86 24 48 25 37 2 6 11 19 90 71 90 38 22 59 26 44 45 49 90 6 41 39 28 57 17 50 76 61 92 10 98 15 10 23 4 11 80 66 29 21 88 
93
58 9 29 36 52 73 84 94 30 76 32 57 32 1 59 59 13 50 21 10 17 30 84 72 40 16 37 68 36 76 38 94 36 19 29 40 91 64 33 73 40 16 81 23 16 39 82 80 41 54 90 57 83 25 28 74 92 16 41 28 43 31 21 78 49 1 17 91 16 1 63 55 17 44 30 32 34 63 12 74 16 53 30 98 29 9 71 21 76 63 48 18 93 
103
48 93 72 64 84 87 65 98 94 81 93 23 64 27 85 27 52 52 31 82 49 60 42 71 32 18 85 31 87 30 2 34 22 73 50 57 11 66 7 4 46 99 78 61 77 14 40 29 65 70 62 65 81 3 35 12 72 20 94 11 49 95 44 22 67 93 31 78 58 37 33 55 35 11 68 64 24 7 92 89 76 53 53 9 7 40 20 79 11 66 89 11 60 84 32 27 29 62 56 86 50 88 93 
103
50 60 48 74 18 91 14 93 43 18 53 49 57 73 79 67 38 67 77 49 3 61 27 31 74 82 68 24 22 60 60 23 71 59 48 88 49 61 33 91 31 85 91 87 9 70 6 98 88 34 47 42 46 73 72 20 7 40 43 80 51 2 2 22 60 50 61 8 62 45 50 92 30 92 31 90 13 88 88 1 21 86 42 19 10 66 38 16 5 80 47 55 33 49 28 44 50 41 51 63 85 52 7 
100
95 37 56 8 76 95 60 48 32 53 66 41 18 3 9 22 34 55 29 66 55 8 9 56 48 11 19 85 14 25 50 9 13 57 68 88 51 27 87 34 79 53 75 97 55 83 70 41 37 50 58 44 10 67 99 57 29 69 93 95 45 43 55 57 99 22 96 2 48 83 35 78 87 9 26 93 43 96 33 32 97 91 75 6 9 25 15 89 94 7 83 38 49 37 47 100 10 94 53 9 
93
87 87 66 48 12 59 42 59 91 73 56 33 99 13 93 24 27 82 69 34 16 58 34 5 56 85 14 2 37 23 81 76 61 47 75 24 5 16 83 47 41 90 32 39 2 24 14 29 5 34 14 73 44 99 77 99 84 90 52 72 64 33 47 76 31 73 100 87 89 34 33 29 23 64 19 76 40 85 56 96 18 21 68 13 20 44 12 55 86 15 78 1 99 
93
29 29 49 80 15 37 13 100 17 87 15 88 14 54 72 70 2 41 42 69 54 61 65 17 67 50 31 97 2 82 73 30 10 21 9 77 10 73 28 26 59 94 13 73 100 84 94 1 25 35 69 30 48 33 46 66 34 76 62 36 9 34 17 19 55 26 47 64 98 26 41 9 19 54 33 18 89 26 18 65 12 87 94 59 71 91 25 57 19 86 44 27 72 
105
45 26 37 43 41 87 68 81 47 87 86 79 56 27 56 74 91 67 12 37 78 34 27 2 90 45 39 33 72 10 45 68 87 81 63 27 19 30 60 65 68 45 43 24 71 98 49 14 17 60 50 94 93 28 47 83 73 85 67 96 47 11 15 33 44 77 12 62 59 71 27 78 67 21 1 90 71 1 3 87 60 4 80 5 83 78 39 7 14 5 2 60 68 17 45 11 45 8 24 3 30 50 81 96 71 
106
37 41 34 91 79 45 94 10 49 77 87 39 83 100 44 37 60 63 5 56 73 49 63 96 4 44 98 36 91 20 20 28 12 5 18 90 50 64 99 50 92 85 89 74 84 84 62 95 46 18 2 70 67 16 17 22 59 14 57 50 85 76 77 96 81 46 37 82 9 35 31 100 71 71 26 7 54 87 1 99 5 55 20 23 70 37 44 29 2 52 78 87 27 6 82 7 51 19 88 60 5 71 59 76 41 36 
96
47 23 34 45 79 88 65 53 10 53 96 38 54 47 67 40 25 72 74 84 22 44 23 33 48 93 44 75 86 79 8 32 53 94 28 83 33 92 35 42 44 82 79 50 80 97 89 5 68 62 88 42 57 10 26 5 55 69 31 40 48 39 71 52 84 98 35 16 42 69 58 37 51 88 86 30 85 27 86 4 40 25 97 97 35 23 1 41 43 83 80 90 73 2 94 56 
92
28 24 92 96 81 81 98 20 18 80 56 44 17 60 84 42 8 32 28 30 84 68 73 66 99 14 39 100 7 46 50 86 69 94 34 1 26 31 21 43 62 76 39 79 87 74 72 95 5 99 76 88 66 100 53 64 14 43 15 72 89 64 58 9 57 43 10 82 25 82 77 87 9 15 17 96 88 88 42 44 86 17 31 3 17 83 18 82 78 32 5 18 
108
14 26 4 56 87 37 81 20 65 19 29 79 35 76 18 74 17 61 59 85 43 13 53 78 30 86 55 13 91 24 7 4 49 62 12 88 51 92 7 15 10 35 46 96 10 15 69 78 28 79 63 70 43 67 47 72 53 1 84 43 24 42 98 25 56 9 64 6 52 70 72 13 57 17 8 18 32 28 96 59 58 10 28 100 76 27 23 80 79 58 22 3 52 72 79 7 80 94 64 32 15 35 96 71 4 4 41 35 
118
88 45 93 97 72 92 24 50 67 56 29 76 29 83 27 100 61 85 32 6 48 15 20 35 10 43 38 65 83 24 48 70 68 40 18 91 83 93 41 49 48 69 25 77 3 3 28 15 88 59 20 87 73 39 73 83 81 62 47 63 85 46 84 4 37 53 47 20 98 39 20 45 59 96 73 61 99 1 75 38 11 94 76 84 84 49 18 65 62 64 79 99 62 15 2 98 67 100 69 64 38 89 61 96 36 85 8 86 37 82 23 48 27 51 31 11 51 100 
97
12 63 5 10 76 19 64 74 38 63 94 1 1 82 13 48 70 98 56 55 34 89 30 81 16 80 63 26 30 62 52 41 77 56 3 52 27 66 77 64 28 71 16 28 4 29 28 73 26 35 80 11 23 9 44 38 40 6 15 69 20 66 61 96 74 63 99 52 28 76 15 56 98 30 35 1 10 62 26 87 48 57 98 71 65 41 60 4 98 75 24 17 92 84 64 17 47 
90
68 74 38 82 81 87 64 16 87 25 29 64 12 77 20 61 99 36 53 58 39 2 32 14 19 76 98 82 92 44 96 60 69 85 41 50 71 56 17 10 33 45 73 44 73 45 56 71 80 60 29 71 61 12 84 31 87 33 65 79 28 60 38 97 45 30 98 67 38 14 76 70 10 1 65 35 97 72 5 76 31 85 98 43 49 34 26 35 66 90 
82
46 1 2 42 97 84 39 64 21 4 91 42 65 91 6 99 87 29 56 15 59 40 64 53 40 49 78 75 15 67 39 60 20 93 53 16 76 43 31 48 46 22 89 10 12 46 61 51 74 16 17 84 7 80 36 47 29 66 73 95 84 11 6 3 3 10 71 30 52 1 77 49 22 65 10 86 62 70 88 87 37 4 
106
96 35 58 42 63 75 66 9 58 76 66 61 31 75 83 60 78 83 37 26 5 53 88 42 15 9 29 1 46 32 23 93 66 80 86 81 54 51 41 63 26 7 75 56 81 57 68 11 40 4 36 96 56 75 37 22 84 65 75 81 48 97 73 65 28 58 45 33 60 38 95 85 44 70 93 76 78 60 86 17 15 74 12 70 48 100 44 83 16 18 15 63 66 39 28 93 48 24 25 7 13 71 44 56 92 36 
102
70 47 69 86 61 94 50 82 94 49 25 28 17 94 43 79 59 81 58 3 81 34 79 87 46 2 30 54 93 17 37 62 63 57 100 75 3 1 57 96 1 33 23 17 79 17 48 89 50 5 92 30 90 22 16 88 23 98 41 16 14 29 29 29 85 80 3 87 80 11 34 33 96 9 49 74 25 96 62 26 53 53 55 42 27 23 29 49 20 21 16 85 49 45 65 86 76 68 24 56 30 10 
98
25 18 88 98 94 84 60 20 88 64 26 29 90 48 10 91 19 30 6 56 31 2 20 68 78 87 91 85 69 100 24 93 69 11 91 63 46 2 34 33 17 59 62 59 59 23 49 29 4 6 84 86 8 4 53 37 42 44 21 10 95 44 55 64 54 45 26 100 98 11 32 14 21 45 72 79 19 20 60 23 26 43 60 85 98 13 21 92 56 41 53 2 36 7 65 89 3 42 
89
100 52 24 14 73 20 85 3 39 57 14 13 82 9 72 18 6 84 38 49 91 30 2 93 65 60 9 5 63 51 97 62 54 20 75 26 91 60 81 29 16 46 41 49 54 65 66 12 48 55 60 91 84 13 83 100 73 91 56 35 93 52 96 47 23 23 24 14 34 56 94 49 2 87 49 55 51 66 66 50 20 78 40 55 90 74 6 14 17 
96
100 9 65 96 7 39 70 31 52 3 86 98 3 39 84 51 94 34 68 11 83 87 40 23 93 82 48 98 95 64 10 95 73 74 42 79 13 11 61 16 13 99 13 15 37 96 17 82 81 84 45 64 22 84 38 14 65 85 63 12 49 72 58 73 46 99 3 10 61 64 25 25 62 38 91 98 85 7 32 66 42 76 81 63 59 18 28 76 54 90 87 54 61 44 26 58 
97
81 67 54 44 92 30 57 81 20 6 65 78 37 82 19 12 62 33 23 31 12 98 85 53 36 38 65 31 16 23 24 96 89 29 91 32 58 47 64 29 52 29 6 41 62 76 52 24 60 26 54 71 75 90 23 10 80 87 40 47 61 63 42 2 43 84 33 100 30 97 80 33 77 85 73 38 60 25 13 19 2 19 41 77 8 15 86 39 54 78 85 14 92 78 15 35 61 
97
86 90 48 66 23 24 50 95 13 62 71 26 32 73 44 73 1 3 39 86 42 92 15 26 6 7 4 72 41 64 71 78 6 18 95 28 93 97 74 58 58 97 83 41 21 78 65 21 32 4 58 73 95 73 51 52 79 6 76 71 21 46 48 78 16 43 5 60 39 31 17 48 27 51 88 47 28 53 19 12 8 76 84 54 48 86 6 26 43 33 48 64 30 48 41 97 90 
98
57 80 80 25 79 58 76 18 56 55 22 74 66 29 49 2 83 97 87 40 74 82 72 22 97 1 21 37 98 10 86 6 41 17 30 71 74 57 88 29 12 10 2 77 38 51 30 72 99 17 63 24 50 34 97 46 87 17 34 36 78 20 41 18 88 22 88 62 79 28 42 90 37 44 18 26 46 48 98 96 16 60 19 65 46 16 10 84 32 43 19 10 14 11 79 2 32 19 
88
62 46 56 3 82 99 21 7 96 20 56 91 35 68 10 99 13 77 60 48 8 54 18 69 68 28 100 21 11 18 35 73 63 42 75 96 41 47 54 88 66 62 31 100 29 40 50 93 68 61 40 27 15 57 96 34 36 95 54 98 64 40 22 26 81 97 73 73 95 78 61 61 39 91 12 67 82 14 11 1 26 2 27 40 10 22 73 45 
84
78 43 31 17 64 8 50 12 32 22 59 10 34 71 48 76 34 67 9 47 29 9 73 31 36 64 40 9 89 37 29 18 79 59 87 94 19 36 58 50 9 16 11 43 86 11 70 19 29 79 18 57 87 42 39 74 5 79 83 45 15 11 63 45 21 49 90 91 36 47 41 44 62 3 86 99 65 8 18 93 86 35 2 24 
116
40 98 84 70 80 29 36 42 43 80 62 43 70 53 78 68 45 21 30 99 59 28 64 66 97 56 3 83 57 26 10 49 23 94 18 54 74 54 95 68 85 9 10 54 13 87 74 9 59 3 7 69 82 22 34 79 30 88 13 38 14 23 86 88 68 4 42 93 9 88 60 93 48 21 99 12 59 72 20 17 26 79 86 7 100 71 37 81 11 2 19 24 76 4 63 95 59 4 87 67 44 98 12 43 18 62 55 28 33 74 44 10 4 81 68 56 
100
5 36 14 58 54 89 33 10 51 27 68 7 13 87 2 62 98 44 31 59 98 58 43 24 53 52 27 34 19 34 89 75 70 54 32 75 94 16 84 96 42 52 2 6 90 55 67 39 99 49 49 48 6 91 71 59 94 50 44 64 83 32 91 4 37 74 79 30 90 14 25 31 17 79 89 6 33 7 44 83 56 44 31 13 86 53 71 79 2 66 95 37 49 85 92 85 58 70 14 47 
94
39 30 52 69 70 10 1 76 5 36 83 49 66 96 34 18 18 65 72 84 59 8 32 43 99 17 52 21 82 99 8 72 80 59 40 49 20 93 76 25 28 59 73 93 54 58 62 71 22 33 6 80 92 38 74 43 6 26 15 87 76 22 59 55 32 98 55 52 90 30 76 69 88 100 13 93 57 75 64 31 59 21 62 51 58 36 45 63 13 11 2 88 32 60 
106
15 9 48 18 51 29 45 19 69 44 32 61 53 6 76 83 16 97 44 18 6 31 62 69 43 72 70 30 55 81 75 22 89 74 39 39 3 84 10 71 79 41 83 83 98 59 17 13 7 13 83 12 43 44 32 86 68 1 67 74 33 94 47 22 67 86 12 21 21 21 91 51 61 26 34 10 84 50 75 90 62 57 53 57 52 85 94 71 37 12 45 70 5 43 43 72 28 54 92 100 75 35 51 87 60 36 
94
95 85 23 36 99 79 88 55 30 24 100 1 61 11 97 30 16 39 24 39 19 77 30 18 3 16 20 42 27 55 90 73 92 12 60 90 90 48 96 71 23 95 71 83 5 19 64 72 58 87 10 28 64 92 97 18 7 17 59 86 71 48 58 14 11 18 3 52 17 50 23 39 44 45 74 1 64 37 72 73 24 82 100 39 73 96 56 31 64 67 16 87 66 26 
87
77 95 55 28 11 4 2 1 48 47 74 48 62 11 71 86 86 52 37 24 76 84 79 7 48 97 74 34 63 99 85 39 93 39 18 55 43 20 56 42 18 81 41 31 91 11 68 76 63 4 51 38 87 82 44 34 78 18 19 40 68 4 30 61 42 48 67 36 19 74 77 88 55 17 70 97 28 37 25 42 40 75 79 78 56 75 12 
75
44 82 25 11 37 7 23 79 6 42 66 76 15 95 63 69 11 84 66 90 72 90 31 63 16 62 40 72 88 3 57 31 85 33 93 21 39 68 51 44 9 69 71 23 63 85 44 25 68 61 15 39 50 97 1 17 58 93 40 45 95 48 27 79 81 20 52 71 39 54 67 47 22 37 21 
103
22 64 9 41 24 75 32 25 71 32 42 81 24 33 77 71 81 4 1 61 75 52 83 13 58 1 11 79 38 31 63 11 47 23 51 70 97 82 47 19 66 40 99 41 72 76 11 52 31 64 64 57 15 99 69 72 99 79 3 88 61 17 50 7 39 53 77 87 34 75 5 51 14 4 44 37 31 6 41 13 69 56 69 84 54 37 7 5 67 61 92 27 77 94 34 67 46 62 53 31 88 58 82 
88
13 25 89 95 30 81 7 51 37 27 86 42 15 92 46 81 5 90 59 81 83 44 48 28 5 100 58 44 9 91 96 73 67 85 67 49 17 25 99 53 51 84 95 65 27 92 45 31 81 56 12 15 99 11 94 56 62 52 99 71 94 95 43 61 31 62 9 47 86 7 52 37 90 46 1 16 89 98 99 22 53 10 36 3 72 30 58 33 
113
57 55 78 51 50 38 33 11 98 79 48 4 30 84 45 27 37 13 68 34 11 89 38 72 24 40 95 5 98 27 89 6 34 67 8 35 4 40 45 54 70 92 57 52 28 54 30 64 18 97 49 28 85 38 51 61 77 45 17 26 23 6 31 8 24 90 42 27 29 86 32 51 30 41 2 9 94 83 72 11 80 72 90 16 9 92 76 37 36 93 63 10 50 45 18 73 35 59 51 15 97 83 17 78 23 18 86 68 1 9 30 32 80 
99
47 40 62 75 76 49 67 90 58 68 35 75 40 21 86 42 87 82 24 4 59 98 73 96 65 25 4 94 56 35 64 55 74 25 29 1 73 47 91 31 66 77 57 5 49 42 46 87 75 22 90 85 19 15 80 84 39 83 29 47 69 93 53 94 69 81 95 94 79 37 24 44 65 32 100 65 26 97 51 100 18 93 85 89 7 16 24 97 99 52 95 19 96 47 13 65 79 59 58 
95
95 33 52 11 16 51 75 41 100 25 93 69 17 29 57 75 44 80 72 94 84 66 13 31 65 77 47 43 35 56 52 29 40 3 39 56 6 65 48 57 89 92 25 6 20 34 80 16 65 3 9 48 21 21 79 85 97 77 27 83 33 30 63 72 85 53 79 42 17 27 98 6 70 22 63 90 55 94 57 72 97 65 19 17 38 49 53 86 26 79 69 10 9 31 81 
108
84 60 34 100 38 31 57 7 4 19 48 11 65 4 82 13 21 52 81 58 53 33 43 30 11 63 39 71 94 19 15 29 30 48 80 19 30 37 78 86 7 77 48 71 33 29 35 53 32 15 62 84 47 56 13 10 19 3 80 64 74 47 92 3 94 71 74 76 59 51 13 66 79 60 88 11 40 23 15 71 89 76 7 36 84 71 97 2 74 28 65 47 74 8 1 20 78 74 95 37 76 59 54 7 18 93 69 9 
114
84 79 4 11 37 91 94 8 39 47 33 66 11 31 40 70 31 59 48 57 5 36 84 15 41 90 32 33 59 40 100 94 70 55 56 59 45 50 18 83 96 50 100 59 80 39 28 62 49 27 18 5 14 2 19 54 43 2 39 53 93 38 46 63 92 2 73 88 3 90 22 50 91 21 8 70 12 88 31 12 66 1 69 80 54 39 85 96 41 23 1 33 12 46 47 3 99 71 42 53 60 15 3 50 88 62 71 51 1 54 62 67 54 82 
94
7 21 82 54 13 5 54 97 68 52 96 71 2 66 64 55 26 31 9 27 18 70 98 68 23 51 81 89 56 63 86 62 35 19 15 47 75 21 43 43 72 38 65 73 4 28 27 81 58 35 59 27 57 8 94 31 58 75 71 65 89 8 26 23 26 93 69 1 13 11 43 84 1 7 8 56 86 35 36 96 21 94 22 29 54 16 11 11 42 81 28 30 88 53 
93
14 97 72 14 9 34 8 44 34 14 52 89 51 38 76 46 10 22 68 39 75 35 1 37 76 82 64 57 69 69 60 82 65 31 47 74 64 54 69 50 19 20 38 22 9 66 67 19 87 86 9 13 20 9 49 47 90 65 3 11 33 62 92 97 92 91 22 8 96 91 57 67 62 46 88 71 11 54 41 49 40 49 13 11 57 14 58 99 78 60 9 10 22 
113
58 65 42 80 72 90 22 80 56 35 26 43 57 88 48 97 89 39 45 1 50 54 14 7 4 43 18 12 52 39 15 62 56 9 93 27 98 14 59 5 100 84 47 57 23 46 53 63 85 50 16 86 55 29 44 58 24 61 21 27 52 35 88 7 43 80 85 92 45 43 96 97 78 94 53 53 40 57 15 76 6 30 13 60 11 56 69 34 16 89 60 67 24 100 73 18 79 10 10 76 52 57 72 30 51 76 34 42 32 48 69 38 78 
92
49 88 36 18 73 3 58 32 22 81 31 94 51 62 55 12 89 7 68 60 88 18 35 21 11 18 68 79 55 97 59 56 36 46 73 8 1 30 92 22 63 74 67 65 35 22 76 23 28 95 34 67 65 20 39 75 38 58 54 44 55 64 99 42 62 23 50 14 5 41 35 19 14 1 83 1 74 10 75 53 4 9 19 68 80 57 95 69 15 100 13 21 
75
11 62 28 86 63 41 90 3 75 8 69 28 42 21 1 51 95 54 6 55 24 74 87 33 20 55 47 19 67 19 33 30 80 61 15 43 1 4 97 28 63 17 7 4 37 7 54 84 12 59 38 88 84 24 20 3 79 18 73 97 36 6 26 67 18 92 9 70 47 58 97 9 26 3 64 
105
62 17 98 25 28 87 12 63 11 31 18 41 48 90 89 83 47 15 2 64 6 62 34 53 19 82 13 45 85 77 59 98 45 8 22 24 94 86 87 4 16 56 96 16 97 85 50 44 51 51 59 8 13 92 60 31 74 25 27 10 1 37 59 45 96 32 69 90 17 7 45 33 14 41 48 10 77 97 53 27 100 12 34 12 55 46 94 80 70 73 41 22 61 99 66 57 31 86 46 47 44 90 31 57 82 
100
67 58 79 71 36 78 34 22 89 41 67 34 20 88 6 61 9 67 59 74 23 41 12 68 40 55 9 70 12 91 52 30 48 30 52 84 59 86 5 99 26 23 32 97 10 38 57 70 4 68 95 78 60 6 97 99 13 5 21 24 95 72 5 95 53 56 30 11 93 86 61 70 8 92 67 69 29 23 90 84 42 84 13 2 42 9 100 54 14 72 29 60 95 33 54 47 88 83 9 33 
97
69 2 79 61 68 47 41 43 36 77 84 72 89 37 13 98 89 66 63 60 94 22 55 78 28 1 17 62 62 49 82 30 51 60 42 18 59 83 60 46 59 96 17 99 32 81 96 20 46 58 32 91 80 86 68 7 38 85 20 99 33 1 81 35 61 74 5 71 8 16 16 18 11 33 17 95 65 12 66 11 22 97 53 53 82 21 11 72 57 30 22 41 31 2 76 43 28 
91
13 35 47 28 53 58 12 69 4 77 32 69 39 5 66 91 57 99 63 67 70 71 97 92 12 79 45 39 21 72 70 33 59 16 12 11 25 24 31 80 52 14 49 90 19 66 32 75 16 47 94 38 17 90 81 80 68 25 18 40 49 39 72 59 7 83 21 83 58 3 63 9 16 11 50 86 28 34 13 43 80 6 80 96 47 12 28 66 37 97 5 
77
36 28 95 42 62 15 24 20 17 38 80 84 100 82 22 27 15 34 22 94 91 53 41 37 65 68 54 53 65 58 41 52 37 87 45 98 1 20 69 69 58 1 4 57 82 25 84 96 10 57 41 100 9 81 88 25 1 41 77 17 50 17 68 86 3 64 84 55 83 4 75 40 4 31 97 37 7 
101
84 17 40 24 68 48 57 56 25 9 96 1 25 46 70 44 83 24 7 66 79 89 22 5 81 77 35 77 14 42 60 97 10 99 73 77 98 29 84 22 37 32 23 13 77 44 8 11 67 14 29 45 54 50 2 34 26 36 62 39 29 21 88 90 71 60 19 69 88 2 90 76 33 64 40 61 7 47 72 74 60 100 70 65 49 71 99 26 59 12 17 39 85 4 29 55 63 47 23 2 48 
90
29 33 28 68 93 87 14 16 12 25 15 81 89 15 4 39 93 62 51 9 100 35 64 80 89 26 26 64 79 26 28 59 58 7 26 2 93 91 18 56 15 84 37 55 99 40 94 91 53 96 51 4 82 14 84 22 91 61 85 69 38 64 79 47 23 4 1 67 46 18 23 60 1 59 66 51 50 11 93 54 6 43 57 87 8 92 61 98 5 45 
100
42 61 96 41 83 51 41 1 96 10 23 7 62 33 73 13 82 83 57 87 41 52 44 79 59 87 39 57 91 36 74 85 48 22 25 30 72 17 30 68 26 5 26 87 37 98 51 71 33 60 57 73 11 100 3 21 87 42 77 29 29 3 13 76 76 37 57 47 5 38 66 30 42 92 69 79 41 71 49 73 30 5 97 92 57 100 13 43 93 41 23 73 95 36 48 70 24 56 69 29 
112
34 58 35 77 78 13 18 1 13 90 82 17 39 74 73 90 38 67 34 30 90 6 25 77 5 94 100 60 62 28 52 48 38 86 24 67 50 41 67 62 83 49 31 73 22 55 62 11 74 95 40 63 100 64 39 56 10 90 15 23 18 18 22 55 4 46 21 5 38 40 19 72 88 49 44 61 55 5 71 28 99 10 42 50 26 32 5 87 22 71 61 39 89 83 45 44 28 17 48 17 56 18 89 95 18 32 55 73 89 25 52 39 
99
94 89 64 25 45 2 98 16 62 36 56 44 32 99 23 1 98 40 8 16 80 3 33 11 57 57 51 34 9 90 72 2 30 87 78 26 88 76 93 49 63 48 45 47 46 67 47 44 58 6 59 37 60 43 100 17 52 50 2 60 91 25 13 20 11 90 98 98 17 90 98 80 38 42 78 83 9 76 78 18 81 88 55 41 31 6 9 82 7 10 93 98 86 5 69 96 46 66 93 
100
56 90 94 93 84 71 27 92 46 5 9 26 92 15 18 22 20 26 55 27 87 47 24 72 3 44 67 49 10 11 63 65 53 56 9 36 26 35 79 71 39 39 48 31 54 66 4 25 43 11 51 30 9 26 53 12 70 72 12 31 82 74 95 86 29 3 73 6 89 51 28 28 90 75 10 95 92 65 19 35 75 22 16 36 99 68 47 20 39 10 50 73 83 96 58 63 50 83 20 39 
99
47 18 74 73 27 20 65 91 91 51 18 12 18 53 62 85 51 82 76 12 31 48 46 79 57 8 28 39 79 66 24 25 83 49 97 61 69 13 52 59 15 21 22 32 25 83 17 75 64 44 86 47 43 31 25 51 90 4 90 68 70 65 44 4 13 92 65 81 5 68 39 71 40 60 3 64 95 71 90 58 14 27 56 56 57 32 6 98 36 47 17 57 11 12 12 24 3 28 56 
100
47 47 30 86 58 32 1 52 2 90 62 15 16 17 22 24 1 27 73 88 26 89 96 36 100 7 11 55 87 19 13 33 65 42 71 22 25 71 74 26 61 35 92 28 3 13 52 3 92 24 42 69 65 37 56 16 96 19 70 82 37 83 66 1 24 36 74 49 59 47 26 71 33 70 98 36 82 1 90 25 25 32 45 41 20 1 56 15 19 26 96 55 8 62 7 83 49 32 83 7 
98
61 77 63 30 27 50 63 27 92 88 3 23 84 43 94 84 99 9 54 24 56 8 83 17 66 65 18 98 100 76 28 60 5 90 89 31 92 51 57 83 90 12 57 74 54 50 9 52 58 63 27 14 22 9 82 88 26 51 37 25 27 16 36 31 57 24 61 48 26 69 30 16 32 86 41 86 36 49 89 45 11 16 10 33 76 92 72 53 94 8 29 20 23 64 2 79 39 62 
87
65 83 8 32 14 46 72 51 33 20 40 77 83 7 87 15 34 30 86 87 75 45 67 95 19 31 96 49 21 10 27 85 44 35 68 9 80 39 60 12 11 51 40 45 9 78 11 42 59 48 80 34 92 47 80 62 29 75 10 49 36 37 86 79 23 53 88 54 44 99 17 6 1 56 2 61 86 12 54 44 59 34 29 50 32 8 63 
86
83 72 12 18 8 97 49 82 2 88 35 97 38 51 54 38 7 55 98 44 66 3 87 76 36 16 77 19 75 39 82 57 10 94 27 70 42 27 51 43 14 86 91 51 36 44 40 94 50 89 37 67 91 76 42 79 43 18 49 17 56 31 26 66 24 4 87 65 30 37 60 43 22 50 45 10 46 36 55 95 76 44 14 18 19 55 
99
13 25 97 29 80 79 6 97 54 9 83 18 38 72 29 32 45 31 28 54 76 63 61 22 90 4 87 60 74 42 7 86 66 55 66 97 33 72 94 38 80 28 8 70 99 36 1 44 66 29 49 93 43 9 67 33 12 53 44 85 46 50 70 11 57 36 60 89 59 53 79 38 32 86 7 31 21 60 74 39 88 22 83 82 83 49 66 94 54 9 31 99 59 100 62 67 87 73 7 
94
25 85 87 56 70 93 38 91 4 63 81 43 37 63 25 19 64 90 64 69 99 94 19 9 46 80 75 32 52 81 81 28 18 67 36 87 11 25 77 15 88 9 57 24 72 81 94 87 23 57 55 21 51 73 81 96 5 7 79 8 39 59 88 56 77 23 43 88 99 71 2 86 80 10 61 3 91 54 89 65 63 43 37 65 67 17 12 71 75 42 79 13 1 66 
87
29 40 63 16 38 33 17 76 64 79 36 66 21 42 54 85 56 48 21 20 15 37 31 85 11 72 15 75 24 80 43 53 71 5 20 9 90 89 36 53 67 71 19 87 64 24 71 19 24 91 90 90 79 72 26 41 96 41 15 19 72 10 23 43 14 43 3 3 31 38 8 49 60 26 35 76 1 5 46 76 47 36 65 25 59 91 17 
97
31 31 25 2 40 47 96 6 41 50 60 23 39 67 71 99 44 57 74 97 13 71 72 59 6 37 35 65 27 51 18 9 34 94 10 73 41 58 30 33 59 90 8 98 8 30 96 52 87 21 100 99 91 71 10 49 7 44 65 85 47 82 93 80 76 55 52 68 64 34 52 22 23 11 19 30 41 66 33 79 86 84 29 29 55 90 77 13 34 93 50 32 74 42 11 1 96 
96
20 59 47 24 81 21 34 51 3 26 17 87 56 54 71 85 82 25 26 10 89 59 2 38 42 28 80 52 80 27 66 52 38 64 75 70 85 60 20 87 38 36 73 93 90 43 29 23 19 55 85 60 65 86 97 7 65 28 10 45 7 27 96 96 91 22 65 27 33 36 13 70 24 37 15 65 32 95 87 2 49 71 61 66 9 10 24 73 89 33 69 95 60 64 90 2 
93
6 28 22 42 92 43 65 80 57 81 11 4 67 65 4 90 25 69 50 86 92 22 75 77 91 21 36 6 63 89 95 68 16 16 61 7 58 77 38 67 57 49 70 76 13 73 17 89 94 66 27 37 87 53 13 29 73 100 87 35 88 81 55 55 48 15 13 5 92 51 23 48 99 92 23 63 17 39 3 62 56 81 98 95 33 63 23 6 62 61 92 2 41 
94
56 88 61 69 45 4 19 67 51 69 11 26 83 79 16 85 40 72 66 37 66 50 51 40 55 13 1 99 66 93 44 21 33 56 89 77 59 59 95 62 27 5 39 9 83 54 46 74 77 63 63 94 12 13 34 19 77 86 17 42 30 12 63 62 68 3 90 78 62 37 39 40 41 29 49 76 83 46 1 11 8 63 5 71 76 90 89 52 27 57 46 56 69 60 
96
88 62 59 65 75 95 56 67 88 84 15 15 18 12 15 29 19 78 33 89 5 74 30 56 100 86 53 55 54 12 24 41 74 35 58 100 81 13 66 68 48 32 34 66 43 49 94 13 78 78 2 82 51 31 89 50 68 42 56 74 53 80 66 78 66 23 30 46 87 47 66 35 79 99 52 73 99 97 86 76 26 39 9 76 21 98 77 88 91 32 61 95 63 27 25 28 
92
54 26 88 100 91 74 30 89 77 3 88 73 88 15 98 26 24 25 98 73 53 85 63 36 46 57 99 24 81 78 24 86 55 11 86 45 36 67 86 12 69 25 36 8 39 85 33 62 9 82 86 61 67 48 97 64 57 47 87 89 76 62 75 31 25 12 27 60 78 12 24 47 36 59 54 75 44 39 88 4 20 74 17 38 73 13 1 29 11 39 18 86 
93
44 68 25 55 95 36 32 6 59 30 94 70 84 20 13 74 59 68 45 84 84 83 57 96 35 37 58 74 6 96 26 49 63 2 3 9 37 35 67 96 16 60 65 51 79 29 24 37 96 21 73 32 55 29 79 89 17 37 14 23 32 39 71 46 40 74 7 29 60 73 24 75 32 40 26 62 20 1 50 67 21 22 98 75 2 77 16 19 65 29 41 48 20 
94
45 11 36 51 39 95 23 14 22 6 5 47 19 76 99 69 95 20 42 92 46 96 20 61 14 36 42 6 83 61 16 28 23 52 78 62 98 53 27 19 58 32 17 29 59 16 49 53 87 90 45 32 85 16 45 50 52 38 55 34 50 23 13 72 26 91 85 23 95 12 94 52 95 10 32 53 25 80 6 11 70 2 95 6 17 91 8 20 28 14 6 77 88 18 
95
13 60 85 88 54 96 81 58 90 90 89 94 67 21 99 29 42 100 23 99 69 65 6 40 44 72 45 20 59 15 72 24 26 56 11 32 3 43 41 44 84 81 37 50 1 36 31 42 87 5 41 55 70 98 95 13 69 91 85 28 5 56 3 31 11 13 14 13 7 54 56 90 34 44 92 35 79 22 76 66 26 68 72 47 66 66 60 34 9 96 13 13 51 15 95 
84
79 8 77 85 61 84 27 95 27 18 81 58 91 8 23 16 76 46 15 41 64 26 26 72 21 39 84 23 5 31 35 84 90 63 20 51 46 46 97 24 15 29 81 5 36 55 73 11 1 87 51 64 12 29 35 84 67 70 6 71 52 40 6 42 54 26 92 99 23 40 22 38 68 3 94 55 57 66 66 9 4 68 72 15 
91
58 98 14 28 3 37 79 94 42 20 47 19 63 97 94 54 71 31 73 73 24 28 81 42 45 90 45 64 13 60 12 71 9 25 50 64 61 80 9 55 52 56 25 66 4 18 72 74 48 44 98 24 23 79 17 19 20 61 83 84 72 94 6 81 70 7 96 31 87 4 37 90 11 61 55 15 79 26 88 78 22 86 1 96 16 17 67 87 30 1 70 
91
46 28 33 15 34 80 97 72 84 33 61 46 94 68 60 72 93 100 49 66 37 2 14 52 70 80 90 99 80 11 52 25 38 36 39 72 16 88 95 51 20 56 96 13 23 56 36 67 7 37 33 43 38 98 46 59 77 35 10 8 97 13 32 35 48 22 58 15 9 52 65 81 59 61 45 81 68 81 48 74 17 32 16 6 81 13 16 57 47 25 64 
104
37 47 29 37 20 38 51 81 90 16 61 48 28 5 81 95 37 80 68 53 63 35 10 43 47 26 51 45 50 14 39 39 12 68 27 83 5 77 63 46 44 75 46 71 32 26 17 68 57 84 21 19 70 82 61 16 7 11 60 9 76 99 99 39 18 25 21 22 53 36 20 49 62 65 71 93 90 88 61 98 23 33 16 93 14 28 60 73 90 20 81 17 70 31 55 87 7 27 60 59 14 79 59 76 
98
30 68 36 69 28 33 43 12 48 35 26 75 95 50 64 66 82 32 87 12 86 25 18 65 84 28 78 15 39 53 9 20 73 97 88 52 29 30 64 77 17 41 3 63 90 19 80 71 50 66 34 88 90 3 52 25 30 81 91 68 86 52 87 58 48 26 61 28 8 24 4 76 16 59 90 57 29 69 79 78 86 12 17 27 14 68 3 96 1 46 15 86 97 2 95 96 79 55 
93
38 31 79 13 98 89 2 55 17 22 33 46 7 97 63 85 10 82 88 57 82 33 72 19 81 25 13 76 3 20 50 41 2 28 5 99 68 59 53 84 80 38 30 39 34 92 23 95 73 10 52 7 94 23 25 74 47 90 1 1 61 51 41 14 30 98 12 98 56 17 81 87 54 62 25 39 53 48 33 78 9 36 36 55 58 12 28 56 53 29 57 65 79 
96
78 60 46 90 57 1 58 90 40 63 51 64 1 56 63 85 85 24 21 72 78 30 83 5 86 36 85 42 52 63 90 30 75 36 71 31 88 28 72 27 90 23 43 42 30 5 78 14 80 98 85 57 28 19 14 65 6 98 6 58 13 47 87 87 82 57 69 22 36 41 100 77 63 94 70 44 51 47 9 30 45 93 87 24 63 100 88 69 97 45 26 9 91 64 47 25 
106
16 98 59 56 97 35 70 43 4 13 93 50 21 22 46 65 8 21 27 59 60 47 8 4 72 68 95 87 15 71 58 30 68 16 37 16 2 58 58 57 70 50 59 42 72 56 58 31 77 36 42 36 83 49 92 6 16 38 45 30 8 54 11 75 22 47 90 23 4 100 32 25 49 90 18 72 45 27 3 73 63 44 9 97 44 100 54 59 89 98 41 96 4 51 70 25 50 11 47 5 10 78 82 59 19 99 
111
64 78 36 36 92 79 96 40 74 47 93 33 35 43 25 30 98 75 51 22 76 62 20 33 23 50 14 33 68 64 15 83 41 50 71 32 81 66 23 54 65 68 38 99 62 62 81 59 89 31 80 16 44 99 48 67 100 61 99 68 25 13 2 17 15 72 1 95 38 23 48 54 90 86 52 51 99 84 9 87 67 40 3 10 91 50 28 90 11 79 57 87 43 59 3 57 82 3 51 19 78 51 24 67 36 76 70 34 11 30 73 
104
70 27 39 60 76 18 49 38 96 58 76 91 68 79 47 49 33 50 20 10 100 43 29 87 70 98 72 81 79 44 9 48 70 47 7 98 65 8 87 12 65 63 2 32 93 1 80 25 50 51 87 1 94 67 87 63 16 58 95 94 54 4 42 23 2 100 72 18 7 59 30 23 21 83 6 65 35 38 89 84 88 27 84 81 45 70 96 60 80 90 6 33 45 99 7 47 98 79 64 57 89 45 31 61 
110
37 25 14 74 65 98 61 92 33 42 88 55 89 48 34 78 53 18 23 51 24 21 100 54 84 8 42 81 39 2 60 75 26 73 48 91 22 60 34 55 53 21 61 41 20 46 71 72 63 93 74 38 13 74 92 48 81 85 28 71 87 39 45 64 12 44 54 33 56 39 39 8 60 51 49 79 96 19 3 10 63 76 100 27 1 91 74 34 27 54 4 13 92 1 77 55 96 82 88 51 21 78 59 32 29 59 10 76 29 64 
93
91 92 37 69 92 79 94 77 5 47 33 18 91 33 46 45 28 27 84 31 99 62 89 30 42 99 92 17 27 55 54 69 98 90 37 42 68 30 18 73 77 2 42 19 34 87 63 14 65 47 44 16 60 84 45 1 82 88 17 8 95 23 76 92 64 64 33 84 93 3 8 21 4 49 39 90 87 2 3 3 100 98 18 59 33 63 59 14 2 27 73 96 1 
104
88 65 63 72 48 7 74 55 28 78 55 66 67 41 19 21 43 70 70 13 28 2 75 38 67 28 65 91 24 17 90 63 81 4 34 80 10 60 86 37 89 40 55 55 32 25 27 27 95 96 39 74 49 65 12 15 92 28 57 67 44 46 81 77 1 15 56 10 26 94 99 14 33 5 20 17 81 46 43 75 93 33 1 41 49 12 7 40 91 63 59 86 60 39 62 12 5 70 73 30 63 71 95 47 
101
14 63 8 11 57 34 55 89 34 47 37 45 5 29 87 19 87 73 78 77 86 89 82 55 14 63 69 36 58 16 63 23 30 70 86 87 55 92 27 89 39 16 85 43 44 72 62 82 96 91 58 81 32 91 88 45 54 8 80 63 23 94 37 5 15 22 91 70 66 69 58 4 84 42 98 27 65 11 60 60 54 70 93 37 60 80 81 65 39 12 27 14 58 16 18 72 37 60 41 54 28 
102
57 12 44 7 90 8 17 50 20 22 19 12 58 30 43 90 95 81 2 21 94 59 36 63 82 25 22 23 78 50 72 87 13 67 45 2 75 13 3 94 35 21 57 92 51 99 82 45 31 35 17 25 45 5 87 26 81 61 100 10 10 24 48 74 90 92 75 16 5 78 9 91 50 17 34 52 15 67 48 46 1 65 22 97 21 60 75 1 72 74 62 81 49 10 54 39 1 81 6 57 10 15 
92
59 31 33 11 98 99 10 95 52 74 68 100 46 79 74 98 51 100 60 83 48 69 89 38 21 69 44 30 78 10 28 88 92 12 50 41 11 60 87 14 85 54 13 31 85 87 28 35 38 39 17 37 59 5 75 80 25 70 61 54 31 88 94 74 52 43 67 62 54 53 75 39 7 87 21 91 25 100 77 14 39 93 51 97 50 77 28 74 46 88 80 28 
88
73 53 31 15 19 92 69 72 18 59 30 56 79 72 33 78 48 46 68 92 96 17 41 72 44 67 69 84 46 48 63 70 1 93 84 19 36 4 90 53 14 71 60 92 42 92 22 89 38 89 81 33 57 73 57 1 39 25 36 36 73 50 5 25 94 41 43 29 96 85 33 10 55 92 53 97 36 26 37 73 67 69 57 23 42 13 75 32 
94
10 20 14 11 76 38 4 68 32 84 16 68 68 77 75 12 29 23 47 55 59 19 73 28 27 95 21 40 70 4 81 31 23 46 42 51 35 97 18 66 33 33 86 100 9 60 11 90 82 57 96 40 27 68 19 54 62 91 45 31 95 25 14 69 22 55 19 56 3 37 73 35 21 58 35 82 17 45 71 50 54 66 42 80 85 60 33 46 3 77 29 49 53 42 
95
74 48 36 29 50 24 54 37 96 11 71 77 80 67 47 81 20 64 22 100 48 34 32 46 36 61 26 84 13 67 100 39 66 87 19 67 62 72 3 58 35 25 34 66 92 33 46 11 96 68 62 96 1 46 41 36 6 66 71 70 84 70 8 1 9 27 67 22 50 22 79 84 46 65 49 37 97 47 100 44 14 13 39 66 58 31 1 15 48 23 37 31 44 44 31 
92
22 50 74 24 71 4 7 16 68 8 5 16 54 56 12 19 68 50 84 78 33 36 92 80 58 28 63 1 24 93 5 97 94 30 20 64 33 27 32 53 86 36 20 91 91 31 61 10 33 44 87 65 31 31 96 88 58 58 40 33 51 44 30 96 73 49 60 58 27 91 62 64 78 81 54 20 12 14 29 44 9 16 60 39 46 55 78 55 13 70 88 15 
86
69 10 38 69 21 47 96 11 8 11 40 88 65 59 51 30 88 46 91 55 57 81 52 12 11 58 76 80 97 42 44 65 3 33 34 24 79 81 86 38 91 26 78 7 36 80 89 23 26 79 29 82 11 32 45 21 90 20 100 86 13 96 3 16 28 88 39 59 20 24 48 10 1 25 69 37 5 9 11 82 39 40 15 49 23 60 
94
12 31 21 50 44 16 4 59 96 91 49 54 10 24 53 71 25 78 91 61 34 99 23 67 37 14 81 38 37 92 59 100 23 31 49 18 99 52 28 46 94 76 99 3 99 3 26 75 80 16 87 65 67 10 31 55 23 64 92 59 55 2 11 77 33 59 46 83 63 73 28 56 100 78 11 99 80 88 25 12 3 12 76 69 21 59 24 95 22 67 6 76 69 16 
101
53 26 50 35 88 23 62 96 22 91 58 72 70 45 49 81 99 60 9 68 32 67 43 26 40 9 83 15 29 98 19 81 24 21 15 63 95 28 10 68 70 67 92 40 63 40 72 62 51 80 81 82 98 23 59 37 83 42 52 12 91 22 92 14 94 59 29 88 38 38 8 8 57 99 99 19 38 70 32 88 2 12 21 99 86 31 36 69 72 39 80 63 12 23 28 58 81 56 97 71 46 
97
78 2 2 76 20 91 45 4 30 98 15 50 97 1 81 84 21 4 74 52 18 37 74 46 94 7 53 91 77 98 46 6 51 48 81 71 90 77 74 20 75 40 69 23 92 1 6 64 5 31 15 74 67 41 71 13 47 24 55 75 73 100 80 24 99 60 46 89 88 71 8 14 62 28 36 54 29 93 17 85 23 84 58 42 24 29 54 22 4 60 96 28 59 75 51 58 86 
90
46 25 18 53 39 32 32 74 85 60 67 53 96 41 36 54 82 11 34 87 32 89 46 79 16 5 53 19 14 90 66 11 67 36 15 5 67 46 30 3 6 96 55 53 89 43 58 22 5 91 9 37 79 6 15 95 62 20 65 75 61 30 85 27 17 99 31 83 97 61 85 54 8 92 6 48 86 64 70 90 54 78 26 85 83 93 31 45 64 95 
85
24 24 8 3 93 6 85 75 2 97 12 55 57 3 13 4 40 76 73 29 81 2 7 65 85 51 95 81 14 41 3 89 17 10 43 9 68 28 83 69 24 46 76 80 100 88 36 39 15 8 68 95 10 26 60 46 76 6 78 89 99 80 29 15 90 72 23 57 99 57 77 74 3 4 6 2 43 41 41 57 100 60 52 61 85 
93
6 60 20 35 100 18 67 28 84 56 51 6 64 49 63 92 75 17 96 80 18 90 72 10 47 71 21 50 32 5 64 89 16 83 24 67 53 90 95 36 97 45 94 12 46 56 3 72 72 50 51 41 40 74 3 38 44 23 87 75 28 50 16 95 84 39 62 88 80 8 76 28 4 69 39 1 76 41 72 99 43 74 39 82 47 41 19 91 16 57 17 95 58 
105
89 93 22 2 81 53 9 56 80 65 76 18 65 51 11 89 49 53 62 39 86 9 32 56 51 47 64 67 41 21 51 81 13 24 83 45 77 43 52 8 59 27 78 24 29 88 64 29 92 25 20 29 85 3 84 35 49 99 54 41 19 56 73 83 79 7 80 7 50 31 67 8 10 44 83 90 31 98 71 74 23 90 2 7 92 37 94 92 35 99 84 5 54 56 87 84 63 66 91 64 49 57 23 10 100 
90
99 82 55 21 7 77 10 8 36 1 96 81 44 30 79 27 34 32 83 72 15 97 90 57 60 90 65 82 99 16 39 49 97 46 70 3 74 31 62 9 84 57 41 27 38 19 6 23 2 88 95 69 36 36 25 95 25 90 28 75 5 19 75 54 64 96 8 37 27 70 98 62 78 38 88 16 9 93 90 62 32 36 30 67 71 7 13 47 48 93 
97
4 11 48 57 26 95 17 62 73 38 11 34 15 1 74 82 61 18 72 22 50 7 4 68 30 10 33 76 57 25 1 12 87 48 69 12 94 37 73 67 74 36 100 88 36 25 22 96 43 93 69 44 51 72 11 80 33 95 8 89 19 8 1 57 7 21 68 100 9 93 66 82 28 18 69 15 42 42 10 36 34 30 79 37 2 42 68 34 36 75 75 7 34 27 63 40 99 
84
92 7 23 9 88 2 78 8 16 20 2 77 55 35 6 86 23 59 27 91 45 62 17 71 20 51 49 83 42 99 65 33 5 39 94 44 40 71 3 55 42 4 83 49 91 40 34 65 99 60 55 95 73 24 65 93 74 65 27 67 63 91 52 67 81 45 62 20 15 16 26 57 20 8 57 62 47 90 26 97 49 33 91 73 
95
7 65 81 71 91 47 33 33 98 51 13 94 64 84 9 80 9 17 51 68 73 64 67 14 89 15 14 73 58 86 28 64 3 60 87 45 59 71 78 56 22 42 2 37 26 10 16 86 78 18 6 2 81 72 67 22 38 80 94 95 65 74 11 19 33 97 64 43 19 41 99 92 34 52 29 59 13 96 45 90 14 2 43 46 73 9 67 62 88 13 57 4 86 67 75 
114
15 38 13 85 30 63 77 63 14 5 22 26 52 18 67 17 19 61 63 43 69 29 4 8 93 12 63 78 30 37 100 96 74 64 81 3 78 57 66 43 13 39 20 64 8 38 33 78 98 95 72 66 75 27 25 68 39 87 45 68 24 96 64 97 11 96 52 88 52 69 82 16 59 1 31 66 38 63 43 35 57 66 52 32 92 76 99 30 63 95 50 86 43 65 34 53 60 37 93 11 5 74 78 63 75 8 80 64 71 74 99 79 39 2 
104
31 78 60 12 40 7 61 77 49 25 62 53 36 51 45 46 55 71 75 70 97 83 1 60 5 75 10 83 13 12 45 95 41 56 7 32 62 19 60 62 96 21 15 31 71 11 29 78 81 3 99 77 37 99 89 41 25 50 76 38 13 20 84 53 75 42 84 89 13 43 50 8 16 64 90 38 27 70 67 7 25 65 36 61 16 76 54 40 25 29 29 38 48 13 90 74 6 26 62 18 68 12 77 83 
96
67 73 53 88 39 60 12 4 47 73 71 22 26 10 46 6 91 35 53 3 25 26 60 2 88 78 69 51 54 4 77 72 76 30 12 66 41 23 21 87 47 91 8 24 53 5 29 43 40 81 97 16 59 56 17 98 33 37 48 39 92 76 62 19 5 73 85 45 96 5 83 94 48 42 18 100 47 46 42 38 79 90 5 89 45 73 86 78 9 85 68 53 60 29 71 17 
121
7 13 49 64 96 42 11 37 11 62 35 9 55 72 87 44 28 27 88 100 64 17 61 48 84 13 59 13 35 75 66 42 88 14 5 35 7 67 71 18 28 6 26 82 29 64 25 57 90 12 56 53 29 16 52 12 80 62 76 15 89 93 8 28 6 12 62 65 30 84 34 57 89 11 38 70 26 14 78 67 25 33 71 5 1 22 69 80 35 44 46 23 37 53 50 94 16 63 10 45 47 95 53 87 5 42 56 30 55 33 96 32 18 66 36 70 39 4 1 74 100 
88
96 88 51 98 33 67 60 95 63 58 89 16 45 94 57 52 75 64 37 23 95 6 88 30 75 79 86 75 52 37 73 99 76 24 48 8 42 60 54 4 17 43 71 13 88 80 17 62 43 53 36 37 58 76 18 32 54 3 58 57 39 31 7 14 54 7 74 95 66 27 50 34 21 21 99 8 52 15 22 94 67 57 82 76 32 99 59 37 
105
16 93 92 98 52 58 51 58 83 97 23 61 99 8 82 71 6 89 22 20 62 67 38 71 48 65 54 46 23 91 99 91 35 43 88 38 52 91 95 34 39 69 46 37 77 27 7 34 68 28 6 81 94 95 51 93 60 5 39 34 47 89 76 33 83 64 71 34 6 65 19 44 34 65 81 62 43 39 47 10 19 52 91 12 47 41 57 58 97 95 91 95 35 67 28 18 82 98 51 39 14 22 82 99 86 
114
60 28 53 59 90 23 10 80 86 56 72 42 65 21 88 56 15 23 74 42 40 7 91 42 45 5 63 78 3 100 92 15 80 96 73 21 18 34 52 3 42 75 97 6 95 84 61 62 6 86 55 97 92 46 39 88 2 53 66 4 5 57 70 36 4 94 56 73 28 7 27 69 81 23 74 28 7 87 89 12 72 43 61 16 88 99 3 89 3 68 45 59 76 66 94 31 60 49 55 39 7 82 7 88 56 32 15 62 18 55 26 42 97 86 
90
85 36 11 25 90 31 21 49 58 39 42 41 98 43 95 36 49 28 94 88 84 25 54 97 95 8 22 36 57 59 44 93 46 6 17 36 88 90 84 98 28 77 38 77 71 84 64 72 12 57 59 95 33 65 43 27 24 17 14 80 75 57 72 73 15 41 8 54 82 43 51 61 71 88 37 42 72 52 13 35 60 23 81 92 39 23 71 63 39 84 
97
66 41 18 38 7 10 97 60 91 39 11 51 61 50 39 2 73 42 14 7 1 89 39 44 27 62 14 89 52 98 35 69 90 52 58 96 61 54 7 3 44 17 5 5 19 95 6 43 36 72 2 36 60 40 31 86 53 45 27 5 42 61 25 31 64 83 78 76 36 84 78 32 53 34 36 23 28 93 65 15 64 66 2 75 6 32 61 10 76 39 66 69 51 91 51 14 73 
95
41 60 64 70 91 68 3 26 90 30 71 54 96 86 72 97 61 29 28 73 38 4 63 4 24 13 94 75 78 66 2 18 25 17 87 68 84 41 45 25 22 15 31 17 1 2 13 13 30 40 85 19 95 47 22 19 11 67 45 88 84 98 57 61 15 95 28 50 35 72 75 56 87 5 24 39 58 36 51 39 27 87 57 74 33 31 44 43 97 88 82 81 85 90 41 
113
84 68 1 18 91 75 25 77 31 48 15 88 35 17 26 61 3 34 34 35 64 29 29 61 16 62 93 1 51 85 51 34 4 51 3 94 77 79 23 59 78 37 98 12 6 75 25 8 9 10 95 72 39 75 84 54 37 28 6 39 12 57 25 67 59 27 61 88 58 83 98 35 71 96 47 76 70 23 84 78 32 30 2 70 4 37 76 92 17 81 31 80 89 55 47 100 33 7 39 42 41 36 77 11 31 75 39 53 97 74 82 28 3 
86
50 6 72 25 98 40 57 80 19 46 86 65 97 70 23 35 12 15 22 88 26 5 14 16 57 10 89 38 89 43 73 38 100 96 14 49 35 71 28 53 68 13 70 64 35 92 50 46 7 71 85 84 75 98 99 83 59 39 21 47 33 45 37 32 40 50 81 74 72 8 26 91 73 95 6 59 39 7 4 45 78 88 80 4 37 30 
104
95 20 59 41 52 3 29 83 42 31 63 67 54 23 92 45 47 39 50 5 77 57 60 21 86 47 52 41 35 81 79 29 100 89 21 51 43 2 33 36 32 48 2 85 22 94 29 68 32 31 24 60 39 83 80 76 81 31 68 15 63 99 95 62 39 15 12 82 16 96 17 99 43 71 84 16 16 64 83 99 46 6 58 36 40 37 63 20 19 83 86 81 81 80 94 19 47 57 52 62 52 21 13 47 
112
96 62 58 11 97 56 9 54 13 44 94 1 59 65 19 41 51 51 21 30 96 91 76 52 95 90 55 67 2 53 9 49 15 66 59 63 21 19 16 33 63 61 33 73 26 3 13 76 5 85 5 100 27 33 51 21 22 57 39 23 10 47 23 76 12 33 38 84 52 5 16 66 18 100 38 43 2 2 18 6 86 74 57 12 6 59 85 79 16 75 53 25 22 75 52 85 8 41 69 59 97 84 76 14 36 13 56 37 14 25 95 51 
108
51 14 8 10 98 87 77 73 39 53 46 14 4 30 73 96 98 83 92 34 58 6 69 22 13 57 87 38 51 37 40 54 50 47 15 100 85 91 24 24 43 69 89 98 50 13 93 100 95 84 85 4 89 53 25 2 61 11 91 64 99 82 17 48 28 31 47 65 21 22 88 15 90 28 12 92 92 56 91 86 39 75 41 80 79 65 33 39 27 75 2 25 56 70 24 35 100 23 99 72 44 38 38 86 17 1 77 8 
99
67 45 47 93 85 78 71 1 10 61 79 36 15 3 43 84 27 77 36 1 28 59 44 17 97 29 34 97 57 93 5 75 38 51 67 74 28 89 27 89 2 5 76 16 8 18 51 86 46 38 38 25 97 81 42 45 62 75 41 18 67 45 93 56 47 11 82 26 52 8 14 53 12 41 20 71 58 70 8 56 60 45 80 56 26 21 100 39 47 92 8 14 89 100 21 35 63 2 61 
111
9 26 18 73 67 37 43 76 58 51 31 17 47 63 24 24 83 75 62 30 67 70 95 7 21 67 41 35 69 53 48 29 31 17 1 49 53 96 76 63 98 59 31 44 21 55 20 55 81 81 36 47 2 30 5 75 49 98 9 17 2 9 97 32 25 50 32 30 45 8 92 94 18 22 89 38 28 8 44 9 41 80 7 94 61 12 68 9 9 77 25 10 37 74 94 13 23 25 42 19 84 85 64 53 59 52 90 86 12 86 46 
102
65 53 97 25 64 65 34 24 93 10 85 29 83 78 93 57 55 87 27 90 71 90 43 29 94 84 67 5 69 12 8 33 16 4 10 31 68 43 54 12 4 39 92 87 68 85 95 22 71 22 64 93 63 6 74 56 89 40 60 10 3 19 94 19 23 3 49 42 97 3 6 1 93 97 39 12 33 33 34 3 54 49 96 17 54 21 24 94 60 36 3 62 54 49 32 28 51 81 70 100 35 75 
104
27 23 38 38 56 70 23 58 76 71 5 44 76 77 67 22 36 2 76 50 8 24 81 35 27 61 56 26 47 82 25 73 5 14 63 60 35 37 69 62 60 26 5 87 2 24 8 90 77 84 39 84 7 71 71 33 84 26 10 30 8 34 55 64 99 69 23 34 5 43 95 16 20 52 3 22 27 62 11 3 45 1 39 4 71 61 88 6 86 98 36 45 31 90 60 82 58 82 15 14 77 61 30 96 
106
84 69 90 45 79 93 42 31 83 45 54 43 84 59 80 81 46 77 64 35 36 45 44 70 59 58 46 71 39 93 35 74 62 24 70 92 68 11 23 50 7 28 44 91 38 76 71 84 52 86 70 39 30 14 60 40 23 5 11 13 50 45 86 11 68 55 2 36 18 76 37 24 55 81 66 93 8 89 28 11 74 97 49 4 62 9 95 84 65 5 96 14 1 33 24 69 88 78 56 57 53 44 32 8 76 98 
109
83 38 79 93 11 27 94 66 89 2 61 24 18 17 72 84 18 4 7 38 43 36 93 99 41 36 83 48 12 80 51 46 69 29 39 31 55 84 97 95 37 9 19 54 25 90 37 42 45 96 79 40 31 23 90 23 11 72 70 74 51 72 19 71 100 9 2 7 92 98 53 28 58 71 34 82 12 70 76 9 17 6 48 100 81 37 22 91 9 44 16 11 15 34 82 67 95 35 25 86 84 77 66 41 100 99 74 11 20 
82
19 89 7 18 40 39 55 61 29 15 56 44 77 71 29 58 89 23 92 13 61 75 41 78 67 40 28 41 51 99 41 21 87 99 91 26 37 97 39 17 11 94 12 87 16 93 97 4 67 40 16 27 15 57 56 33 48 83 73 98 82 66 71 20 16 13 98 5 9 36 21 19 81 85 57 97 77 53 100 43 93 68 
100
59 76 77 91 23 12 16 73 45 33 95 64 48 7 13 4 15 48 25 85 81 61 41 77 37 46 28 31 38 95 52 48 22 81 90 97 92 5 69 36 89 15 51 89 73 64 92 39 63 16 23 43 28 15 19 64 60 47 95 49 93 98 96 15 78 86 11 69 42 31 56 31 97 7 19 69 70 62 7 32 30 81 75 57 95 45 21 7 91 67 55 84 64 51 50 94 88 12 14 81 
99
70 11 90 76 81 10 97 43 68 80 72 48 6 80 94 51 100 100 93 18 55 28 34 57 77 27 96 40 40 76 33 9 39 74 36 71 83 84 65 50 64 88 97 69 68 43 19 19 42 12 37 48 91 22 56 68 48 51 59 39 79 92 100 17 65 35 87 48 19 4 49 34 91 98 2 10 40 73 29 81 36 17 81 26 38 36 45 85 39 4 23 17 95 74 33 11 9 71 10 
108
26 59 64 17 56 17 26 47 89 54 27 76 22 59 2 59 95 98 43 33 1 18 1 47 91 33 10 51 55 19 81 81 29 44 49 36 61 26 82 1 32 61 77 53 19 30 12 65 27 6 97 80 23 49 78 66 33 39 16 88 10 49 20 38 92 20 74 52 45 7 5 28 67 81 81 38 62 92 2 88 49 51 19 72 99 49 89 32 87 56 71 96 4 42 86 96 61 11 99 57 17 3 85 36 35 17 73 96 
106
26 36 8 76 6 31 27 54 19 10 93 75 80 40 78 21 25 25 33 35 76 89 4 30 25 91 65 41 15 12 100 40 47 60 68 53 90 94 58 61 3 50 35 34 90 64 6 66 41 38 53 16 78 56 97 55 98 61 95 12 73 47 3 71 58 70 75 47 15 33 7 69 82 93 54 23 9 59 89 1 48 93 16 26 100 64 32 97 25 78 60 49 24 62 71 33 84 46 80 50 78 38 71 11 83 24 
92
91 35 74 91 82 66 58 59 65 21 90 13 97 68 72 97 43 33 68 76 68 13 7 18 90 44 40 100 26 63 85 68 49 10 10 83 27 19 41 43 40 83 55 88 50 26 85 44 11 4 19 78 16 77 47 57 21 86 8 98 1 93 18 49 54 27 31 81 46 24 23 37 6 30 24 7 55 60 50 17 63 21 47 30 49 93 86 69 31 94 19 31 
80
88 31 43 66 14 23 11 89 98 99 46 79 75 52 33 86 53 2 49 25 48 30 74 92 16 94 22 61 64 4 98 51 87 92 17 52 67 79 40 64 78 85 94 4 88 78 89 92 79 37 17 26 19 42 70 34 87 91 94 51 47 43 53 33 86 69 36 52 100 75 67 29 11 60 32 50 38 20 41 16 
103
9 94 27 2 63 60 89 5 5 39 51 99 91 35 84 12 70 36 63 96 2 91 58 14 22 59 51 41 100 66 49 60 11 27 62 73 86 50 30 42 40 80 92 82 67 76 45 88 63 7 36 16 97 93 29 70 52 79 11 3 97 11 14 7 38 75 32 75 76 61 69 67 92 60 49 10 87 45 98 49 52 85 17 100 29 45 70 32 76 32 34 72 42 100 30 31 74 61 58 2 73 26 68 
111
37 68 78 24 13 75 24 16 11 40 15 40 85 36 71 60 67 57 83 61 56 12 91 81 25 100 34 49 25 54 17 62 21 95 85 85 21 8 52 32 100 19 71 84 54 93 95 73 49 77 33 56 40 75 89 16 75 22 65 99 75 33 12 48 27 48 32 48 8 84 31 7 54 1 42 7 45 36 79 46 64 11 1 55 38 41 71 12 63 87 62 89 19 74 36 46 73 20 45 80 3 75 38 8 27 79 14 71 66 45 68 
105
7 21 36 44 61 6 55 23 44 17 12 14 42 99 11 66 18 55 46 20 81 35 79 7 66 93 30 31 37 97 64 43 17 99 39 78 56 93 52 99 61 15 12 54 14 23 20 31 29 17 3 10 51 81 16 68 25 97 51 61 94 14 56 62 12 94 91 67 38 43 17 99 9 80 4 22 54 23 53 83 39 7 92 42 87 59 9 12 56 59 24 1 72 31 14 35 24 5 53 14 99 69 64 7 49 
103
29 54 90 33 36 80 91 79 73 77 38 82 40 45 92 16 97 16 46 10 50 22 66 3 35 64 23 98 23 23 16 3 77 57 35 12 89 77 91 61 5 80 94 45 76 86 60 72 53 57 33 2 78 99 56 64 14 31 13 36 53 29 38 81 37 24 93 25 100 35 86 5 66 79 1 41 16 12 12 20 68 96 74 46 46 29 9 60 11 22 47 64 2 85 44 38 60 88 63 12 74 100 68 
99
30 68 79 98 79 42 17 98 38 90 43 83 71 4 94 33 77 41 96 30 77 92 67 88 31 81 99 5 32 66 43 62 85 74 59 15 15 27 13 4 69 7 39 91 62 84 23 90 24 19 19 52 62 38 40 92 70 38 48 2 56 43 63 40 68 73 55 82 99 19 38 67 25 28 9 87 11 32 76 35 50 47 38 63 84 77 6 53 67 6 6 22 48 68 13 15 92 19 48 
114
37 37 61 14 64 70 100 75 1 27 61 2 73 98 64 8 27 21 13 93 26 18 66 73 86 78 39 29 49 39 71 85 75 32 50 91 1 49 17 1 28 77 2 100 26 17 60 52 37 72 96 63 89 61 87 26 91 78 55 39 16 25 75 42 56 25 84 56 25 100 8 52 76 61 4 54 77 63 5 14 34 1 28 74 13 66 100 3 43 54 93 10 78 20 4 86 96 87 93 20 87 1 24 14 61 79 67 38 41 24 3 26 76 82 
98
88 47 98 43 90 3 35 99 81 6 54 18 1 41 10 73 79 62 96 92 23 74 11 12 66 34 66 43 9 47 93 96 93 43 38 82 45 25 33 77 30 38 94 83 78 56 55 56 17 50 48 39 75 10 2 92 43 67 34 51 65 26 98 58 20 88 91 65 64 75 93 45 13 87 27 90 42 81 98 10 82 97 1 56 6 2 47 48 21 32 50 85 10 47 94 29 86 85 
94
49 11 86 94 23 24 20 65 17 1 62 26 34 10 78 90 15 80 88 14 52 20 63 88 29 61 34 9 47 70 54 95 80 39 88 3 14 60 19 82 12 32 59 45 41 37 86 55 68 74 68 71 45 82 58 25 42 43 33 88 12 86 35 92 76 22 46 41 33 64 74 44 95 33 41 35 21 26 41 88 51 60 10 95 41 19 71 82 62 56 22 73 93 56 
97
21 29 61 61 62 76 87 5 22 19 45 56 39 23 48 78 73 7 39 20 47 57 42 81 18 97 2 43 42 57 58 62 37 71 74 98 46 60 55 68 78 51 75 68 73 23 97 46 81 87 17 80 44 58 12 13 7 13 55 48 21 65 9 57 35 82 7 80 94 61 99 71 11 74 91 36 48 39 81 80 26 49 59 21 6 70 33 64 34 40 11 6 4 71 15 38 53 
93
69 98 33 68 20 95 93 10 30 40 1 62 71 78 10 30 98 68 51 82 31 37 21 94 42 76 64 8 13 68 80 34 65 12 53 85 7 45 46 88 36 46 50 6 75 11 87 72 78 38 54 61 26 26 54 67 2 17 27 66 37 6 99 1 18 3 85 76 47 31 63 34 28 64 40 3 75 78 26 4 67 31 64 92 57 69 59 58 38 37 23 74 42 
108
74 11 76 11 38 75 41 53 60 20 16 99 22 42 29 100 46 95 30 61 87 86 30 97 95 67 33 70 92 74 95 65 37 22 75 74 96 67 78 56 87 94 6 60 87 34 59 32 29 89 45 67 26 74 63 73 92 95 42 83 20 36 99 8 57 26 82 5 92 59 12 30 4 69 90 91 3 100 74 83 40 18 49 18 43 63 90 86 57 31 20 28 18 19 36 26 44 69 30 87 79 41 17 35 10 58 25 64 
88
50 98 49 68 98 66 62 60 7 48 16 37 67 95 6 37 30 31 32 98 61 19 29 53 87 63 14 96 87 29 4 88 78 4 7 75 21 69 34 27 68 1 15 34 96 20 23 25 51 54 75 63 24 3 67 10 65 81 57 3 61 61 90 39 16 49 13 37 17 99 15 84 99 30 69 94 49 43 71 99 97 97 13 20 99 80 82 15 
92
38 69 72 50 58 62 66 58 75 54 74 25 68 9 23 97 30 69 46 72 39 96 20 87 61 92 37 40 25 51 51 62 19 74 64 28 36 29 86 62 34 11 86 1 72 60 98 1 28 95 24 18 42 96 4 2 87 40 93 11 42 95 24 12 21 87 40 56 67 77 69 100 87 6 53 58 65 50 10 45 96 86 14 89 81 18 43 67 9 35 29 51 
93
52 62 2 91 53 9 57 81 77 9 68 34 61 77 50 62 39 94 57 24 8 97 4 77 39 22 37 26 50 87 7 53 1 8 43 5 16 52 86 44 60 5 77 72 81 78 33 71 72 41 94 31 37 49 59 28 22 95 53 23 34 11 76 86 18 70 90 85 21 27 28 32 31 56 3 64 33 87 34 56 79 80 38 68 80 96 95 2 43 99 76 28 9 
95
13 78 73 54 62 93 81 41 77 63 96 31 26 28 18 12 36 96 91 73 15 22 21 9 75 63 59 51 42 67 53 6 96 25 59 57 70 91 97 46 6 44 76 31 24 45 42 59 93 84 83 7 58 3 68 32 17 26 34 58 45 87 63 40 63 74 49 32 16 97 29 21 41 57 52 64 53 45 74 45 81 56 4 90 11 71 21 27 48 55 37 44 93 99 36 
85
24 84 39 40 80 67 60 20 75 63 35 28 60 60 24 92 68 27 81 78 49 1 4 49 7 40 92 51 91 27 58 14 62 96 5 42 14 65 13 89 79 100 16 38 59 39 29 78 18 61 55 66 14 11 66 72 2 58 23 92 36 80 58 98 27 62 91 40 78 3 80 57 2 47 46 13 38 75 90 55 87 97 72 100 7 
106
72 8 47 94 52 82 25 9 31 51 70 21 42 48 24 22 56 77 68 1 41 57 27 83 11 14 79 35 13 37 72 84 96 70 29 47 51 53 55 34 55 77 54 97 76 29 70 83 58 89 83 98 46 62 32 8 75 10 42 39 98 65 23 94 34 3 40 37 56 47 70 62 75 75 58 2 4 79 84 13 68 18 10 13 79 94 20 53 55 14 44 53 30 66 46 64 20 37 52 75 35 73 89 61 99 98 
90
54 77 97 66 44 15 28 8 93 21 79 98 75 92 41 27 22 58 24 37 77 13 88 4 47 12 92 8 10 89 21 64 17 18 29 60 32 8 67 76 28 46 25 3 89 17 81 10 26 5 98 3 69 37 58 15 48 1 74 10 41 95 73 58 12 53 17 95 61 36 22 40 33 47 42 21 15 75 83 41 31 80 95 99 69 52 13 68 4 39 
110
44 33 1 1 96 54 70 90 66 57 63 5 89 9 99 9 24 25 43 16 55 75 10 53 43 61 17 10 64 55 39 59 39 39 12 34 44 81 75 9 37 38 66 77 46 16 37 21 40 80 36 94 6 45 98 100 57 14 61 72 21 99 31 59 38 42 93 81 74 67 42 62 4 59 38 2 26 74 74 17 5 10 62 62 6 59 61 15 24 22 86 44 20 68 3 9 61 47 42 34 65 35 47 69 45 84 22 70 10 95 
83
14 56 47 76 14 57 88 80 80 9 65 76 81 85 30 89 45 76 82 31 92 16 77 60 60 13 33 81 22 80 18 87 35 16 14 100 72 2 79 4 62 96 79 42 80 8 83 76 35 64 58 26 32 87 38 43 99 70 76 72 49 93 58 36 61 24 35 84 77 14 87 90 61 17 32 40 76 66 67 10 81 25 88 
86
63 25 7 61 46 82 32 47 26 41 34 86 16 20 70 92 85 8 34 45 77 65 84 52 82 3 14 62 79 53 26 41 29 84 1 26 65 84 72 90 76 57 28 92 77 49 35 61 8 68 58 84 84 93 88 17 95 53 31 73 57 8 13 85 91 65 10 7 100 34 96 76 90 75 19 18 23 5 31 31 25 88 66 60 80 5 
102
27 9 59 51 65 66 64 49 8 80 11 14 32 44 61 7 85 36 77 55 58 33 85 40 57 24 58 17 55 62 45 81 23 3 84 87 20 47 36 27 78 46 40 9 41 100 67 25 35 95 31 45 28 15 36 84 90 93 52 97 7 48 29 29 2 12 67 21 10 54 99 88 99 90 48 91 90 15 68 76 9 98 72 88 13 8 72 54 52 75 50 10 75 79 90 76 42 57 49 52 62 47 
102
61 89 38 3 78 4 70 5 65 68 77 52 32 36 75 85 39 50 87 1 76 17 42 51 58 50 51 9 12 50 51 24 38 89 26 67 92 96 71 56 63 99 60 94 34 34 30 25 35 68 25 10 84 66 13 94 16 63 54 27 64 5 50 1 93 27 67 36 22 90 44 36 88 3 81 74 36 11 98 71 78 74 80 14 39 92 7 6 7 12 84 70 16 33 23 60 60 41 96 33 30 91 
108
70 93 49 43 28 11 92 50 41 65 82 54 3 25 12 61 31 23 44 53 39 29 27 50 88 67 45 72 49 35 40 18 79 41 12 59 51 3 8 91 67 89 96 69 66 7 29 96 30 25 100 20 53 26 69 40 45 66 63 93 52 55 62 83 95 73 41 45 75 48 88 41 89 83 61 54 42 42 1 23 66 53 42 18 30 62 9 74 79 71 18 83 25 79 65 71 51 5 68 77 4 55 17 44 89 30 49 30 
96
2 52 88 54 45 5 35 59 65 9 37 87 26 71 64 57 35 34 59 91 1 36 47 7 4 42 48 33 43 29 55 44 81 42 49 77 98 83 35 62 43 24 49 21 46 12 77 81 97 35 23 50 70 21 8 74 63 55 58 5 36 13 100 68 54 48 44 52 30 31 65 25 6 13 45 51 76 21 31 25 7 6 26 77 78 33 2 40 40 11 96 75 23 47 42 77 
102
37 80 76 67 44 100 72 9 44 75 36 16 57 60 22 62 85 50 40 70 3 31 9 14 79 35 36 25 28 64 71 64 43 46 83 39 97 6 47 92 80 34 7 37 94 28 50 30 78 41 51 32 72 59 45 2 45 81 26 72 96 48 88 91 45 22 29 41 27 27 32 59 12 90 95 57 18 96 87 47 37 37 78 60 48 75 61 44 7 38 16 2 86 55 92 30 76 72 23 54 50 6 
95
62 96 58 18 65 54 56 63 42 45 92 1 92 66 13 35 72 2 2 26 39 8 69 21 83 41 43 37 42 100 100 55 95 10 25 11 15 80 73 56 24 65 8 67 30 72 54 54 73 7 79 12 15 47 32 49 39 26 37 33 25 37 87 72 46 11 82 60 43 55 67 66 71 26 85 52 97 90 5 69 96 35 32 62 82 15 11 72 40 47 4 17 83 91 88 
105
53 69 91 95 75 9 13 45 34 97 97 30 86 53 51 33 88 34 95 21 49 5 92 40 51 96 8 86 38 95 17 90 16 8 85 42 16 97 87 50 93 35 31 30 87 33 14 26 67 8 46 67 64 90 58 67 85 66 4 22 12 20 11 79 27 95 21 95 43 59 96 35 45 26 16 83 11 30 9 29 89 6 47 5 95 4 23 31 21 26 52 85 45 15 15 24 61 87 18 4 45 13 90 41 90 
85
24 100 87 84 80 27 89 26 83 36 82 5 66 54 30 18 90 27 84 5 50 44 91 67 47 88 79 89 28 20 46 3 72 32 86 51 10 27 77 45 62 10 49 27 63 31 96 5 9 31 9 58 75 51 76 73 38 6 61 18 25 6 72 96 89 58 47 51 36 75 95 97 36 95 75 50 77 23 54 85 53 14 94 79 65 
92
4 54 74 16 23 99 74 95 46 14 4 44 64 39 18 10 87 5 57 13 55 85 87 60 22 92 74 15 70 90 84 25 95 57 41 18 7 14 64 53 27 67 96 43 57 66 4 43 70 12 55 76 97 94 36 18 85 61 84 54 2 67 79 96 76 71 65 82 84 28 86 62 46 34 56 2 99 12 44 20 23 51 96 71 44 83 40 28 95 24 33 96 
114
63 91 17 33 8 51 68 35 88 82 81 21 89 82 19 100 78 91 75 80 86 45 75 20 85 54 66 60 38 61 1 1 3 70 85 10 72 5 97 11 38 29 32 26 62 2 78 39 92 52 70 29 48 96 100 84 49 65 43 87 77 96 39 32 17 75 93 40 79 89 50 16 17 33 94 79 35 71 69 78 74 91 59 21 86 58 5 35 75 47 73 51 94 11 82 10 37 27 49 16 15 51 83 84 83 28 14 17 98 82 47 23 72 5 
100
58 62 48 44 88 46 68 39 40 30 72 1 66 98 2 81 65 52 16 48 86 43 61 55 93 94 1 15 18 5 10 27 18 57 70 6 55 89 96 46 18 19 98 83 17 99 16 33 2 31 32 88 25 44 42 17 37 94 84 6 98 93 32 15 2 53 72 8 41 67 53 58 86 50 93 54 1 8 86 54 38 69 93 62 12 86 31 100 79 66 6 76 10 37 43 11 90 14 18 82 
90
22 40 18 24 32 23 76 91 60 29 28 28 22 41 39 7 23 90 86 88 95 13 98 32 55 60 73 21 30 54 5 3 45 74 26 28 96 1 18 55 82 45 34 3 38 24 61 12 13 98 52 8 11 1 91 17 60 63 89 41 16 93 44 13 66 21 40 13 74 58 19 7 54 52 61 43 27 21 55 40 19 6 47 81 6 89 97 17 51 38 
88
18 30 53 30 48 25 70 60 50 79 31 56 32 34 16 75 61 89 81 100 59 86 98 39 43 86 87 59 88 24 68 5 6 72 87 53 49 56 64 98 86 46 6 17 80 73 43 40 13 23 39 71 60 88 61 2 73 48 61 60 23 80 16 28 52 2 32 100 9 96 49 94 41 6 63 20 31 57 11 43 32 49 14 91 88 74 93 60 
95
5 71 96 84 87 23 87 40 55 38 49 2 87 94 94 44 56 66 74 13 76 17 96 77 82 86 64 55 30 76 28 34 98 75 70 36 97 56 76 3 94 24 56 32 17 50 75 25 67 49 89 94 65 84 70 46 69 86 52 99 13 31 84 10 5 53 46 54 9 21 56 54 96 12 85 64 13 59 40 31 7 28 24 23 63 94 20 84 31 24 34 43 6 17 52 
104
70 49 16 30 21 23 83 68 86 67 32 50 25 23 80 84 51 4 58 65 49 30 48 79 53 81 21 58 98 24 20 19 73 87 100 45 10 82 13 95 100 96 45 76 18 24 59 20 79 69 85 27 98 32 5 50 65 77 59 62 53 31 32 77 17 31 21 26 64 33 73 63 28 69 38 46 44 49 17 23 17 1 49 14 85 6 15 49 82 25 62 34 55 93 10 72 75 83 49 38 15 21 100 95 
108
89 92 85 37 8 7 53 61 55 18 45 60 84 93 94 9 6 79 15 50 41 86 24 23 87 13 89 59 64 83 100 52 26 84 89 86 42 93 46 48 11 90 60 46 34 53 54 39 83 69 40 23 6 63 45 44 75 34 3 90 68 54 41 46 89 81 31 30 74 76 29 36 17 88 81 2 92 87 40 75 7 79 49 64 93 94 8 19 79 10 8 98 15 100 43 3 81 73 84 54 100 12 89 68 100 21 69 43 
97
60 69 13 90 18 77 82 63 84 52 41 45 59 90 59 11 85 13 91 9 96 44 9 7 84 76 58 4 45 1 11 56 69 75 46 38 51 27 100 86 31 92 82 89 82 92 99 18 4 41 26 99 84 34 58 19 62 15 23 58 67 85 13 36 11 58 25 62 37 25 99 67 68 81 7 49 72 58 66 76 98 44 26 34 29 83 52 90 98 26 99 64 62 12 51 73 21 
106
86 9 52 84 75 19 16 34 20 40 91 37 15 40 80 92 73 9 75 77 50 24 54 49 39 16 12 42 40 84 69 25 93 20 60 19 90 76 52 61 15 94 50 81 34 29 24 58 89 50 86 91 73 92 91 12 7 2 5 98 37 73 74 81 44 33 100 85 60 3 46 26 49 95 58 34 75 82 43 16 83 29 6 56 20 96 19 78 49 23 27 85 95 100 18 90 84 17 74 44 71 19 21 19 65 31 
106
40 64 47 7 46 27 12 1 98 59 71 75 7 45 1 43 39 52 60 80 35 28 54 30 99 24 51 69 89 33 25 80 96 71 86 41 97 49 94 46 7 64 20 13 9 72 7 99 75 67 31 9 94 84 39 44 7 41 65 95 73 89 26 20 11 11 12 59 59 5 4 17 21 23 29 81 46 88 31 20 54 61 80 99 44 70 43 3 10 7 49 34 47 75 5 57 37 17 15 48 21 18 64 93 92 45 
95
89 32 56 60 85 16 39 35 12 9 77 66 70 35 14 56 33 40 60 89 29 76 55 76 49 72 39 41 15 35 66 3 66 21 62 2 36 53 89 99 13 65 64 82 52 30 37 84 69 49 25 97 24 79 24 72 3 15 65 17 49 30 72 67 50 85 20 37 37 8 88 1 25 51 83 28 32 71 11 53 19 35 49 95 66 25 66 68 39 82 36 39 11 59 5 
108
44 77 49 32 36 36 33 60 38 67 87 22 37 50 74 8 36 74 2 1 98 19 20 88 1 8 27 11 66 83 75 61 11 23 45 47 10 77 58 99 95 45 20 31 46 45 90 81 19 91 34 16 62 5 4 14 64 82 76 82 64 50 42 75 72 86 73 33 14 30 32 8 26 3 91 71 48 80 4 66 23 37 33 84 93 88 97 57 21 72 38 37 22 31 11 45 17 35 30 82 64 61 90 90 15 32 60 14 
102
63 31 85 51 64 20 44 3 68 52 24 92 89 60 13 19 22 9 87 56 38 21 71 50 10 60 17 93 72 30 55 86 61 40 37 76 59 32 30 27 83 5 18 23 64 82 93 37 42 80 44 80 52 15 81 13 26 97 5 49 79 59 35 39 50 71 66 9 54 95 87 88 100 56 10 15 89 54 4 30 85 99 61 36 65 94 48 91 42 52 39 20 63 25 58 12 47 75 72 100 70 10 
100
21 65 48 87 5 2 90 87 86 41 99 74 5 92 21 95 34 73 86 53 35 10 63 98 57 37 70 8 58 79 47 30 96 46 17 100 47 58 86 85 98 85 58 3 28 30 49 61 54 86 66 40 48 80 38 56 16 7 63 26 37 61 7 32 7 23 84 5 33 69 89 82 5 98 84 33 80 85 45 33 70 62 73 69 41 10 24 9 68 87 34 4 47 92 88 53 15 71 58 99 
98
98 80 48 48 16 32 27 100 28 59 21 90 31 90 30 92 13 38 11 51 23 67 50 15 54 2 81 76 11 79 18 61 58 17 60 25 48 86 24 28 96 97 17 79 86 46 70 50 84 33 1 58 99 50 72 4 3 4 79 66 82 48 78 92 65 37 16 64 22 92 91 69 88 59 47 25 5 69 74 40 1 26 97 99 27 21 2 82 24 32 47 58 31 24 49 47 12 16 
107
33 59 53 1 46 12 100 22 68 68 48 59 20 25 55 18 52 27 71 33 3 54 31 60 84 6 60 31 17 75 93 1 34 97 53 31 60 52 5 27 71 52 85 90 76 92 7 79 70 29 63 72 82 45 31 18 50 42 48 18 17 92 18 2 88 23 84 100 74 88 26 45 39 63 34 67 6 93 45 75 73 60 99 55 4 81 72 54 23 71 23 91 62 93 92 1 15 27 100 40 15 78 84 5 92 70 23 
105
14 20 23 86 79 21 92 82 2 63 87 76 85 10 66 46 2 57 99 68 83 98 7 49 75 43 54 66 12 28 14 25 47 37 62 25 9 54 7 62 68 93 37 53 54 2 50 7 10 48 74 45 46 33 93 72 75 98 90 38 26 3 14 72 91 75 97 52 28 55 65 48 99 54 100 5 55 1 11 17 49 37 61 46 69 5 69 95 55 58 32 80 13 45 3 55 71 51 6 51 5 23 98 56 76 
114
60 82 49 22 98 49 58 10 94 78 15 15 24 21 72 55 100 84 51 54 91 22 5 96 72 61 18 69 16 45 69 27 27 17 49 24 66 58 86 11 36 100 25 59 72 49 66 71 84 16 76 74 89 80 22 60 93 91 80 60 36 48 87 62 17 35 37 34 44 22 44 31 73 21 42 44 69 7 66 4 74 42 78 63 21 99 74 65 41 6 25 76 53 11 37 21 97 26 54 40 47 50 23 20 70 64 63 90 22 29 45 95 70 22 
102
42 72 83 59 13 88 83 40 92 93 29 13 41 54 18 32 100 67 54 71 88 17 86 29 38 14 74 85 35 47 93 28 71 27 86 83 66 68 74 10 12 2 74 52 7 91 84 7 58 37 29 97 6 14 26 43 27 51 79 13 97 72 93 67 50 30 1 68 98 27 77 61 28 50 65 35 92 100 93 1 36 21 98 93 35 75 88 13 25 66 78 73 37 22 92 39 51 92 6 100 70 82 
100
98 83 25 84 74 24 28 75 11 100 24 56 86 98 43 51 74 8 28 46 97 49 37 35 99 81 92 99 50 73 11 99 7 87 34 32 10 61 58 72 61 81 27 98 30 69 48 3 29 75 1 25 75 37 11 26 69 2 24 71 26 86 69 32 72 55 15 33 15 73 56 27 53 83 25 35 3 72 37 83 99 37 7 25 26 17 50 46 70 25 16 95 10 37 78 81 91 93 65 57 
112
21 36 21 55 12 55 57 35 92 40 33 80 98 58 57 67 59 3 36 84 18 83 93 54 12 26 96 56 42 53 72 62 40 93 16 51 47 25 85 90 16 70 22 65 79 78 31 37 80 19 72 98 53 17 3 64 42 99 20 35 3 43 97 94 35 64 44 34 88 80 75 55 1 96 20 31 74 2 20 53 20 91 2 72 7 5 88 100 55 59 35 9 1 83 2 88 46 97 73 86 28 47 40 29 43 59 11 16 13 30 20 32 
104
22 56 31 78 43 83 84 53 69 92 53 51 45 40 48 41 12 33 68 11 73 48 53 83 59 20 95 40 91 79 12 64 86 95 41 28 29 76 80 97 19 84 47 63 76 94 3 39 79 23 49 3 70 1 85 80 72 32 20 63 62 83 26 47 29 19 26 57 46 57 53 65 40 51 27 15 97 82 6 75 56 54 77 77 7 13 57 78 96 76 92 57 10 70 55 39 40 80 95 37 36 100 1 28 
95
80 94 98 13 99 72 68 53 100 44 59 13 52 88 60 79 32 17 89 53 71 79 44 3 25 80 38 24 81 65 26 12 11 23 24 9 47 43 61 46 38 71 10 90 11 70 20 94 38 8 46 60 38 89 62 63 68 52 38 100 68 15 11 78 38 86 87 36 80 99 81 18 22 43 59 84 12 78 77 1 38 74 60 27 14 74 41 81 77 79 33 44 45 95 74 
99
33 12 69 12 62 2 81 83 44 39 18 7 69 94 7 58 19 18 84 32 91 25 65 19 55 97 63 51 43 88 85 75 99 53 87 60 6 67 95 49 58 12 55 26 58 13 83 76 31 18 60 73 42 24 92 48 20 6 99 62 93 83 89 91 87 75 2 93 41 48 93 98 12 48 75 21 60 9 48 42 27 7 15 20 30 6 68 1 63 18 15 55 52 3 97 90 29 50 82 
98
98 27 19 61 26 93 81 37 2 28 79 80 87 45 99 68 50 18 69 64 35 35 18 86 89 66 76 17 15 9 37 64 35 55 24 12 100 4 49 53 84 27 32 22 71 30 89 72 48 57 87 34 43 4 72 31 69 47 99 35 7 36 99 94 42 22 5 93 78 53 45 13 31 28 34 53 10 22 76 9 31 62 42 73 17 13 56 85 11 54 72 18 41 70 63 35 43 67 
104
20 72 24 84 54 51 17 59 60 91 86 68 21 48 62 45 64 74 100 1 37 6 24 6 98 93 68 32 35 86 59 7 9 82 90 63 32 59 73 44 49 58 63 69 5 24 13 21 50 65 73 38 22 96 43 19 40 10 51 74 95 61 32 4 94 22 18 25 80 90 20 80 47 83 48 4 58 12 76 59 28 48 96 49 95 38 20 34 99 22 59 46 82 91 49 75 64 18 51 95 59 23 74 5 
101
21 60 66 84 35 25 12 34 72 12 80 62 83 13 60 4 72 5 37 14 5 63 77 74 66 71 32 88 44 89 96 16 48 61 51 35 37 14 68 9 26 48 70 8 12 81 64 35 38 100 48 94 15 76 68 80 46 99 19 41 39 14 8 87 26 59 21 63 72 40 71 97 39 92 57 3 24 20 37 13 71 37 7 85 12 26 16 10 76 86 2 15 51 10 1 77 68 73 39 39 64 
106
88 55 4 44 57 79 15 45 92 37 33 98 74 97 23 89 58 98 27 59 12 77 68 64 53 35 88 43 26 52 55 13 58 58 8 14 37 74 10 80 10 95 77 35 91 51 76 48 48 2 6 12 78 26 27 83 60 15 25 37 18 32 49 75 41 8 40 77 33 49 8 43 43 84 29 85 34 4 84 34 5 42 97 35 67 23 17 78 89 93 15 6 24 15 80 65 75 19 93 7 20 53 1 14 36 30 
96
22 33 82 7 38 23 55 24 89 77 40 19 18 84 33 23 60 99 55 76 73 73 20 80 44 72 80 58 60 61 56 81 94 89 39 83 64 93 6 4 21 97 22 38 32 6 13 91 5 67 18 77 91 38 8 35 61 40 44 20 100 99 52 45 39 90 27 2 82 84 6 3 32 79 40 64 85 52 6 89 70 24 17 61 13 77 47 73 68 90 45 67 40 96 64 78 
93
90 32 19 26 37 21 57 15 13 72 51 16 78 91 86 53 8 98 65 36 44 89 3 85 33 21 24 81 84 1 18 74 84 36 51 20 9 7 87 21 31 89 88 8 80 25 60 39 22 76 74 17 64 76 1 49 96 24 29 80 77 46 5 60 33 55 32 41 13 70 13 43 10 1 2 89 25 13 27 99 88 100 67 4 27 20 4 23 95 84 54 71 29 
87
83 13 16 66 54 28 87 66 23 96 18 76 85 95 89 11 45 28 63 11 83 89 30 86 63 25 69 16 47 49 77 81 62 92 46 67 72 84 84 46 80 2 21 16 48 61 78 92 89 92 2 71 81 84 57 95 8 77 63 6 26 39 87 87 31 84 5 2 20 88 47 99 89 19 66 36 80 95 79 20 87 33 90 19 16 98 13 
81
75 27 80 52 66 18 90 48 2 94 49 21 81 47 71 22 65 88 9 96 82 88 15 20 20 57 38 35 54 3 61 80 29 40 31 94 58 20 41 11 13 41 83 46 39 53 67 56 40 27 51 73 14 66 93 85 74 30 71 27 84 31 59 13 23 89 6 80 61 99 42 25 91 24 70 30 28 88 85 19 15 
101
91 80 4 35 17 77 17 87 4 100 70 14 12 92 54 70 23 14 68 64 39 10 87 60 39 14 100 75 32 66 62 74 97 65 9 13 42 25 100 97 24 21 10 88 12 63 57 34 29 76 49 19 85 35 78 76 100 29 50 83 94 11 8 91 76 16 55 69 92 6 65 68 26 26 55 37 88 63 22 16 90 70 86 26 56 16 1 55 44 3 89 90 13 97 32 40 64 86 8 8 92 
112
75 17 49 81 6 89 95 79 56 36 49 42 61 4 57 14 11 52 16 51 41 80 47 72 72 63 58 31 70 1 55 96 69 55 28 26 43 74 5 51 9 53 44 69 8 100 34 18 3 49 69 44 81 67 67 52 29 76 82 50 76 88 97 97 43 24 22 37 97 26 87 57 30 82 26 38 33 59 7 36 60 27 79 40 46 97 43 26 73 24 76 48 12 24 96 6 48 18 42 96 95 81 53 77 62 30 66 95 40 72 82 51 
97
60 90 96 8 84 21 80 8 48 80 71 72 75 76 71 92 69 18 39 49 70 15 63 51 80 9 91 3 90 41 5 1 83 100 8 66 73 88 25 20 67 95 43 41 22 13 85 91 31 23 91 52 89 53 3 20 61 45 22 50 37 27 50 71 78 10 89 50 97 13 22 63 60 64 55 33 29 39 23 59 13 14 62 53 66 16 72 79 12 94 80 49 72 30 19 49 39 
100
51 87 72 72 1 83 35 55 15 63 46 38 73 10 3 87 63 20 2 86 98 66 79 78 14 2 59 84 3 49 43 53 87 66 24 87 48 10 93 62 25 38 51 49 100 5 35 62 25 89 47 74 54 78 3 19 31 13 2 33 13 96 37 99 61 12 85 8 74 78 22 98 67 24 46 66 29 33 79 5 21 78 30 26 7 85 96 37 97 97 22 10 45 58 60 5 22 45 65 95 
102
38 92 40 13 89 58 41 21 36 97 93 13 79 70 19 63 65 8 11 14 29 72 58 38 32 14 59 28 30 5 53 67 96 92 80 37 1 72 9 37 21 2 1 51 23 72 13 88 79 75 1 59 47 10 96 30 23 7 57 5 63 9 23 11 52 2 47 53 26 55 89 98 8 41 48 31 12 12 70 42 86 22 100 32 31 48 61 5 6 17 9 68 77 32 78 29 85 24 33 62 31 73 
93
38 13 58 20 77 69 89 18 55 10 18 86 92 65 99 97 70 67 57 89 44 88 67 24 25 90 56 86 72 80 97 10 92 54 81 68 23 22 38 77 31 55 14 75 71 12 71 92 31 79 80 74 19 46 49 43 88 56 28 59 35 76 20 78 30 1 98 4 74 35 32 56 89 45 30 11 9 52 2 39 31 33 64 49 31 64 91 70 19 70 28 5 98 
92
82 27 52 79 82 25 65 13 80 5 9 62 15 17 13 68 7 43 53 22 43 83 85 85 52 55 7 31 11 4 30 93 82 81 23 63 57 88 75 37 92 83 98 59 52 62 78 58 57 30 32 99 12 68 36 15 75 42 46 85 97 75 29 78 8 52 40 64 91 66 52 34 48 1 44 51 15 22 61 71 51 92 21 63 11 56 77 85 49 74 70 97 
105
98 74 8 1 65 23 91 82 27 77 82 79 20 32 93 41 92 63 44 35 36 6 46 43 34 30 44 8 51 40 8 1 66 15 1 30 89 44 64 15 20 45 94 91 76 86 84 20 1 27 6 88 84 51 30 69 33 73 76 35 13 35 35 78 1 36 59 90 79 22 56 50 18 49 92 46 87 27 17 39 53 22 78 88 25 7 57 9 32 84 43 44 19 78 73 19 65 83 60 95 57 16 96 74 16 
125
71 54 14 87 44 18 9 21 6 33 80 62 41 11 45 35 54 15 12 78 86 76 60 45 22 68 12 17 42 80 4 12 85 69 51 81 86 59 1 43 43 80 4 35 42 1 69 47 67 33 24 52 60 36 49 82 3 60 98 96 91 53 60 76 21 10 56 59 20 8 1 14 40 57 48 81 9 68 28 75 100 3 27 60 90 75 93 93 86 90 40 77 43 99 52 15 60 59 73 79 18 26 92 57 82 91 90 42 59 17 16 58 71 42 69 61 68 61 5 54 51 44 30 45 43 
92
11 2 43 36 33 60 61 76 17 94 67 6 35 25 74 2 82 96 44 3 56 63 63 60 16 65 4 97 61 98 81 72 51 23 7 35 35 19 11 51 12 77 8 98 1 33 99 34 28 94 36 36 57 99 47 24 15 50 21 76 99 1 47 2 76 5 36 10 23 46 12 86 22 71 35 22 55 33 8 34 79 43 69 35 93 16 10 8 17 30 83 68 
112
81 69 10 85 4 19 7 50 82 44 23 4 78 97 58 62 4 91 40 98 12 74 91 79 36 98 47 65 32 14 99 12 82 8 48 86 78 6 87 11 49 61 14 78 57 71 39 12 14 79 10 77 4 52 55 39 1 1 56 32 67 54 95 48 14 42 85 91 99 23 2 47 84 67 24 92 90 62 56 3 92 65 31 96 68 37 34 68 89 89 51 55 95 45 3 8 38 39 50 36 62 51 34 97 70 9 88 59 22 95 61 14 
120
43 61 78 79 94 45 67 35 47 74 81 91 76 88 80 66 37 67 27 40 52 23 9 60 63 67 34 57 79 47 68 21 7 97 51 52 42 69 38 40 42 18 31 69 5 62 35 94 81 61 85 32 36 93 44 50 11 29 58 41 75 77 13 33 74 63 36 67 31 74 6 25 91 88 93 48 2 27 93 82 40 77 65 27 21 60 28 83 88 85 23 14 14 35 98 39 97 34 5 79 7 62 55 49 2 48 48 55 26 40 36 17 68 52 95 88 64 22 22 3 
130
44 17 72 78 14 10 26 47 66 57 5 79 11 54 32 10 1 86 88 93 73 4 60 77 51 100 40 72 21 42 82 17 10 53 94 76 14 72 74 31 80 31 62 42 84 93 4 36 79 91 28 51 46 40 27 96 39 18 20 11 12 1 27 73 6 73 100 71 44 74 2 75 4 15 68 39 7 71 26 37 13 6 40 11 45 18 6 83 88 77 45 99 30 72 23 35 44 23 57 39 48 10 65 51 24 32 41 83 3 66 19 67 71 10 77 67 28 35 1 15 11 46 65 92 17 87 26 12 9 83 
97
56 44 14 58 68 97 50 50 51 68 20 18 90 30 94 57 9 28 57 75 91 54 39 82 22 25 8 33 86 42 34 93 85 99 51 4 96 52 53 46 19 25 63 61 6 9 17 14 36 25 88 26 31 78 8 52 54 67 85 39 60 70 32 96 69 34 100 16 85 4 61 56 28 76 16 85 84 84 98 71 60 37 49 90 14 56 42 68 74 78 58 33 47 41 28 15 74 
113
82 11 83 95 18 62 70 85 99 5 68 96 27 27 85 75 69 98 82 10 17 55 39 75 39 85 15 19 52 41 97 33 3 31 27 20 45 48 4 43 4 23 90 31 1 74 57 69 24 39 30 40 93 68 66 32 5 33 50 8 73 98 92 27 29 19 46 25 18 1 67 22 23 56 4 23 82 12 44 5 50 25 96 95 45 62 78 49 46 79 56 70 76 99 96 56 17 41 80 87 41 98 60 15 6 15 89 87 26 32 91 76 57 
84
70 53 99 99 1 44 77 8 13 52 6 8 60 75 100 39 13 92 89 72 6 94 86 95 80 63 78 22 38 86 59 59 38 10 57 90 5 33 97 18 37 55 77 96 81 29 86 93 20 74 64 26 19 1 72 50 63 49 71 53 87 82 63 24 91 20 14 95 4 62 64 40 68 93 87 48 21 73 92 40 46 7 17 65 
101
88 66 22 89 37 26 75 70 88 50 12 7 15 58 63 29 22 54 48 66 41 48 86 13 39 77 10 46 94 26 56 33 92 77 73 80 2 99 1 42 49 12 100 15 69 62 43 90 68 91 7 8 38 92 72 28 21 33 25 66 11 81 98 54 9 23 85 63 21 85 4 21 96 3 36 64 17 30 6 84 20 12 91 9 56 14 37 28 46 13 93 8 93 42 61 2 64 97 64 85 81 
92
5 76 21 40 92 37 70 97 20 41 60 62 2 67 75 90 94 73 2 86 32 95 28 45 96 91 41 11 27 22 77 84 49 97 23 40 86 44 88 5 37 100 19 38 66 45 27 60 69 28 97 1 74 76 45 21 19 85 31 45 6 59 28 55 8 3 94 93 98 34 49 34 33 67 23 98 12 49 9 80 29 58 80 54 33 76 75 51 61 57 48 66 
100
75 72 23 29 18 15 27 51 63 60 83 82 35 32 45 35 93 76 63 50 56 69 82 83 43 85 43 99 32 61 66 6 32 88 35 1 54 13 51 69 24 85 50 58 17 94 93 9 21 7 58 76 75 91 11 69 75 53 20 6 13 85 64 97 73 50 97 26 62 100 46 85 84 95 95 52 40 87 60 61 45 69 88 72 12 98 40 86 3 11 44 67 96 7 63 20 56 12 45 69 
120
43 5 94 37 99 46 29 37 57 41 34 78 80 5 89 30 96 74 32 7 69 98 2 75 13 21 82 24 17 2 86 11 7 79 48 57 76 28 46 85 20 79 62 99 35 2 28 82 27 11 88 96 9 41 22 21 13 4 96 82 5 81 92 63 11 91 72 39 70 17 23 89 47 36 88 33 89 67 14 15 78 54 10 38 94 32 58 59 87 5 40 43 85 83 58 47 74 29 85 43 97 59 84 95 46 23 27 34 89 40 49 18 93 10 55 39 93 64 97 31 
95
88 74 4 70 31 51 43 11 87 38 59 46 73 53 91 95 79 77 35 70 77 53 15 86 59 5 31 75 1 61 94 88 34 50 9 16 52 4 78 38 93 36 35 65 88 78 59 18 54 93 88 30 97 54 67 56 58 97 82 10 58 27 49 43 76 57 11 27 12 88 17 4 24 3 68 63 80 26 81 85 19 20 66 67 25 85 74 82 81 55 43 90 82 91 85 
101
99 95 36 11 34 4 14 9 6 82 72 38 7 4 22 77 23 40 96 47 24 69 80 56 24 22 98 57 64 82 65 62 76 52 24 61 7 38 70 13 71 41 50 29 44 23 58 18 14 53 16 37 21 47 93 96 68 90 4 83 23 21 96 50 72 20 10 79 9 79 43 79 19 44 7 14 18 16 83 32 68 50 20 89 96 64 36 15 5 40 97 27 60 93 76 83 64 86 13 72 64 
115
2 35 50 8 100 20 76 35 51 43 84 70 83 80 34 19 94 38 10 91 65 21 35 92 55 98 77 68 69 93 74 70 79 76 29 78 95 4 12 97 99 48 18 81 27 51 51 72 41 12 14 57 32 48 48 87 97 77 6 17 21 31 38 99 58 19 28 4 74 92 100 72 39 18 53 17 20 55 88 60 67 2 16 50 1 16 88 50 44 93 66 64 76 56 62 33 74 41 37 47 32 88 71 70 5 75 86 25 29 26 36 95 79 4 97 
112
71 84 80 14 77 98 77 4 53 90 36 78 30 24 76 14 12 46 83 68 20 21 92 49 98 80 95 76 83 91 6 53 75 38 66 3 35 94 58 39 35 93 68 16 69 43 29 32 89 64 99 8 36 43 8 33 22 55 8 4 97 65 8 23 2 25 25 88 70 34 78 56 27 45 71 47 40 52 78 28 15 76 87 50 18 95 34 39 1 41 94 97 57 53 20 59 77 96 98 98 30 28 53 8 72 24 54 11 27 83 90 41 
100
77 42 28 23 75 18 75 67 64 71 23 16 90 33 45 38 31 42 67 10 47 74 33 70 79 96 48 61 85 88 70 13 81 97 87 55 15 61 73 30 32 95 45 73 28 41 10 10 35 76 19 81 1 51 2 79 46 49 91 83 88 61 95 68 9 82 74 75 42 46 4 25 40 1 50 19 41 59 80 75 87 98 7 87 1 8 18 46 56 8 28 43 20 75 10 29 56 35 3 49 
85
7 26 72 7 75 42 99 85 22 26 71 19 32 10 19 40 79 17 47 86 96 90 58 70 51 86 77 86 40 78 17 46 55 40 4 29 82 55 13 3 80 36 73 11 45 44 2 23 12 49 60 7 38 17 29 40 54 5 77 94 34 46 91 88 85 47 68 66 1 33 20 80 68 45 42 64 88 44 38 99 92 49 57 81 18 
98
20 23 42 97 16 27 42 59 15 78 5 34 44 5 66 15 36 85 59 77 48 98 20 37 48 63 86 5 43 55 41 63 77 34 11 45 61 4 3 27 81 7 60 76 63 26 91 98 10 1 26 10 99 98 98 46 60 35 2 3 89 95 65 18 28 27 62 88 30 64 66 10 22 26 86 84 3 28 33 64 28 58 25 78 55 23 76 15 57 77 17 98 71 33 15 51 59 76 
99
40 91 56 49 12 81 86 47 35 13 79 50 93 36 75 70 43 97 45 57 5 74 25 2 96 9 16 46 19 43 36 58 33 91 58 96 23 44 42 57 56 72 6 100 8 32 70 2 28 66 10 85 39 34 86 35 94 54 80 12 96 67 21 81 57 78 28 79 21 70 87 29 41 45 28 100 28 49 53 56 15 62 92 5 47 77 91 40 82 23 3 78 89 23 10 98 1 37 28 
113
58 15 1 51 11 81 2 38 81 55 45 47 68 36 52 15 65 94 6 46 16 9 75 57 83 36 54 83 25 81 8 82 47 8 84 57 40 38 47 21 44 43 67 11 31 70 25 95 64 83 92 31 91 67 87 73 2 40 8 26 73 15 60 19 74 43 28 14 32 74 86 75 68 4 86 98 26 62 92 41 44 84 71 34 2 10 59 55 1 66 81 73 32 92 44 5 86 71 70 18 96 7 92 63 11 77 61 88 91 4 28 34 39 
113
20 40 11 78 95 12 95 27 36 26 70 79 30 55 1 52 24 96 58 16 59 20 44 71 7 34 26 86 20 65 88 39 56 98 16 50 61 62 28 49 87 97 27 68 4 28 19 27 75 29 94 85 48 90 7 55 23 33 92 42 97 79 32 52 29 99 54 89 60 33 37 46 30 16 66 85 95 36 63 69 64 57 6 12 46 12 18 20 44 9 14 40 40 45 44 68 44 97 56 3 29 45 1 10 60 18 46 54 53 9 74 69 17 
96
80 62 43 49 33 86 9 46 78 48 43 21 15 38 69 23 92 49 19 92 11 78 61 56 83 66 16 8 34 32 39 65 45 81 13 78 66 73 75 43 21 17 15 87 6 35 61 98 84 79 41 94 8 2 1 42 67 17 50 100 48 88 16 93 20 80 22 85 52 96 80 24 65 46 11 70 81 23 19 64 54 60 9 61 61 61 3 27 77 4 78 77 91 45 21 62 
98
42 46 75 89 77 99 53 23 61 75 3 83 93 18 36 52 78 49 64 38 51 42 67 54 71 95 96 15 15 57 38 8 54 13 96 83 63 1 5 23 27 59 57 71 28 45 23 5 93 38 94 95 80 12 48 50 6 95 65 72 3 54 79 56 66 27 90 80 27 94 2 53 4 59 23 31 3 97 87 47 87 33 41 66 44 40 67 2 34 83 25 88 37 4 43 54 30 85 
101
8 78 87 12 34 97 86 64 99 35 3 97 21 35 37 38 30 76 4 31 61 39 56 48 27 11 43 80 92 27 65 51 4 52 62 37 48 47 53 99 33 55 47 53 41 84 42 70 59 98 53 20 36 60 67 62 22 9 93 13 35 10 15 91 13 76 79 12 74 83 62 7 89 9 11 29 92 53 51 2 2 55 73 37 66 92 50 87 52 94 51 39 3 65 29 15 92 59 79 65 42 
106
23 30 48 34 11 39 38 13 93 39 67 65 27 84 56 28 22 8 21 72 46 76 88 26 42 79 84 20 95 77 60 18 59 59 3 21 50 92 33 42 30 51 6 8 86 62 35 7 21 7 78 66 34 17 43 28 47 78 99 41 7 10 10 65 69 12 37 18 3 69 59 84 71 64 43 56 77 29 62 49 88 91 66 21 7 8 48 53 86 99 45 44 8 55 8 76 18 44 93 73 64 3 56 86 19 51 
88
47 79 54 96 66 96 61 39 54 21 86 58 58 36 2 1 44 56 8 19 26 3 64 98 18 66 53 3 36 3 95 83 34 100 78 99 95 90 37 48 10 75 5 67 10 58 67 53 66 26 24 91 80 39 88 97 56 92 51 92 47 45 74 80 44 3 30 90 92 19 89 2 93 93 20 54 3 39 59 68 64 34 58 96 72 97 92 27 
111
43 18 86 39 43 17 83 45 47 24 37 17 13 90 9 57 61 14 59 99 24 26 15 57 35 10 28 31 1 55 71 95 24 8 34 67 25 68 11 23 91 99 39 3 88 99 60 49 64 18 99 88 96 13 44 30 22 24 13 75 30 35 69 53 42 54 19 18 21 82 40 12 80 30 66 20 80 77 20 44 47 18 83 42 83 78 23 4 1 35 30 30 69 99 83 11 52 53 28 25 34 20 36 66 1 53 85 33 30 56 28 
107
25 10 69 7 87 91 63 40 78 92 69 46 42 3 8 94 56 88 18 41 59 5 58 59 9 94 91 90 49 18 17 74 79 37 80 18 80 42 57 57 86 25 54 27 80 14 72 87 1 41 79 59 45 37 69 6 30 12 95 79 81 64 4 60 100 35 77 79 29 85 87 14 9 41 40 40 54 12 26 6 52 5 16 49 41 36 6 22 47 52 100 80 15 55 91 67 90 67 45 18 3 84 83 11 24 22 3 
95
85 28 34 89 84 49 89 24 36 94 46 83 97 97 62 12 52 52 30 93 70 74 10 72 9 92 34 32 65 88 12 2 16 45 90 99 45 30 75 33 75 72 15 71 20 28 34 71 31 63 15 52 89 24 75 97 67 60 81 84 48 92 85 15 89 26 65 85 55 91 17 81 62 83 3 34 62 37 56 44 51 71 95 91 94 21 40 13 81 20 96 80 63 80 46 
109
57 10 40 63 1 8 43 14 43 45 47 4 33 3 48 36 73 94 26 18 15 65 82 47 36 77 78 51 8 23 5 64 32 44 26 84 4 20 50 46 17 96 49 1 50 48 36 22 42 14 92 8 30 73 6 18 2 83 20 9 57 24 25 40 20 2 76 23 22 25 68 90 20 68 90 70 16 78 43 9 43 86 68 72 59 73 41 60 7 60 20 15 84 44 54 3 98 29 77 19 5 96 60 25 63 49 46 30 78 
95
90 20 26 57 44 36 81 84 47 39 44 18 53 27 14 59 81 11 39 57 29 44 52 40 68 66 40 65 48 18 56 89 89 33 46 32 68 78 16 66 17 59 36 21 37 49 79 17 59 18 25 39 13 28 78 32 45 17 96 92 34 3 81 23 36 78 54 55 7 21 21 23 31 8 96 67 56 74 35 14 43 59 52 55 86 29 86 83 97 33 74 31 36 6 5 
119
35 10 77 42 31 49 16 61 56 11 80 11 37 14 24 31 73 27 38 10 7 75 92 4 8 18 34 95 75 90 17 62 99 93 3 81 42 70 94 97 33 73 60 69 86 35 99 10 62 88 72 68 63 15 71 70 32 56 16 59 45 32 20 44 76 74 76 17 43 69 66 27 41 25 95 27 59 46 88 72 33 59 40 95 74 10 16 57 66 31 67 62 62 86 57 38 11 33 6 6 1 23 32 42 99 79 20 10 24 7 81 8 18 72 3 43 82 70 99 
95
1 66 12 14 3 69 3 14 1 61 71 1 83 2 94 82 80 65 43 55 72 23 63 41 95 17 83 28 86 33 78 38 98 89 4 53 57 58 18 9 18 88 10 53 41 55 86 73 20 28 27 43 50 41 83 96 9 17 23 47 49 52 84 99 93 39 51 49 97 20 10 66 59 19 18 99 25 3 71 44 30 50 86 32 42 20 27 51 36 2 97 37 5 32 35 
111
71 37 98 19 56 7 84 14 77 2 64 1 56 87 45 86 36 82 69 77 2 95 79 89 48 75 25 53 59 11 49 81 47 98 51 54 4 34 67 80 87 83 33 43 69 77 80 4 10 48 32 63 42 11 52 42 37 28 46 47 39 46 27 37 44 77 91 47 63 9 79 49 91 11 43 59 39 22 14 48 69 46 11 63 8 14 56 96 93 1 95 31 46 73 68 89 50 10 88 64 18 66 64 9 28 7 67 66 80 81 65 
92
78 27 63 37 40 18 32 33 18 78 15 15 51 34 56 52 43 43 15 61 60 78 21 39 36 87 4 16 19 20 16 48 47 78 84 86 47 68 70 64 45 37 30 95 70 85 46 13 79 12 25 90 42 45 28 77 83 83 44 54 3 59 1 49 88 37 86 34 4 8 97 100 44 79 47 13 63 92 77 94 4 53 83 45 97 63 73 32 97 17 85 99 
110
37 99 15 73 37 48 28 44 97 28 87 75 26 51 89 17 80 82 72 32 17 68 81 79 93 12 75 9 48 26 87 84 76 1 9 12 49 88 7 45 67 93 71 92 96 59 61 75 41 32 58 57 52 38 87 96 1 61 56 100 38 42 36 14 43 44 77 91 83 84 87 50 28 57 41 23 15 1 49 7 85 59 15 36 48 1 31 49 14 86 100 51 27 35 16 21 30 93 11 13 28 49 62 55 5 2 30 72 55 30 
105
39 40 45 26 88 45 8 88 58 93 87 61 71 74 28 44 3 20 54 67 99 55 80 6 11 82 87 34 36 68 64 26 8 60 51 95 4 58 82 14 2 68 26 24 41 53 67 96 25 73 62 23 27 42 80 37 75 66 71 62 34 86 87 41 45 37 35 100 46 68 65 47 35 90 70 28 43 37 75 19 61 36 93 87 29 73 75 55 38 97 68 23 82 54 63 78 42 49 78 87 16 42 85 3 84 
107
30 78 43 4 96 3 91 88 89 72 12 15 78 2 12 46 24 45 99 39 23 93 87 100 31 55 93 16 57 28 22 38 5 64 93 52 66 35 40 6 58 3 72 36 4 83 81 28 28 31 18 2 75 56 53 6 10 45 73 18 73 94 7 29 9 51 81 26 86 72 83 95 74 54 30 78 37 62 57 16 93 74 17 67 29 69 24 91 65 96 60 89 41 67 18 49 69 98 74 54 21 56 1 94 62 30 23 
94
92 31 65 36 56 81 2 37 1 78 27 65 73 86 6 14 4 23 14 73 72 40 78 92 47 78 37 8 60 12 5 3 42 21 38 98 53 91 34 53 68 12 70 93 49 75 58 5 97 71 77 20 10 6 63 9 36 99 16 47 62 21 49 4 93 38 53 46 28 38 98 96 1 19 40 49 93 97 53 41 19 81 60 81 39 74 89 26 25 4 72 86 76 72 
88
69 9 45 14 36 82 63 83 82 82 22 83 74 70 87 67 89 20 78 69 58 52 57 83 76 60 6 13 88 77 6 56 85 50 21 72 84 83 7 17 64 28 99 90 50 38 8 38 57 85 58 14 88 14 48 15 25 5 28 12 81 33 19 17 34 39 88 17 22 94 34 37 74 84 26 75 21 85 12 77 70 21 42 57 86 41 72 10 
103
51 74 77 35 92 93 68 31 33 85 4 78 18 40 3 53 18 77 74 2 40 50 71 60 92 80 45 84 3 7 29 53 80 57 87 23 2 54 53 34 90 8 63 59 48 66 12 65 94 85 18 34 86 41 45 77 20 90 13 22 48 41 26 79 49 12 1 50 17 6 83 7 13 46 17 60 63 28 76 56 64 46 41 50 86 86 26 5 27 90 78 26 30 3 4 79 66 4 80 34 9 63 92 
102
60 9 85 74 36 61 81 100 6 22 49 43 59 26 99 37 16 76 62 97 30 65 27 47 20 7 80 81 21 72 54 32 80 38 5 67 50 85 18 55 58 18 49 68 44 47 4 11 74 17 59 3 33 86 49 53 44 81 33 16 52 38 47 83 75 51 49 25 87 19 31 97 36 80 64 79 26 20 41 100 36 100 54 21 37 55 73 32 35 57 47 38 94 93 20 68 95 20 44 81 38 75 
99
74 54 93 4 31 12 97 82 99 48 88 19 84 42 91 67 28 99 13 65 44 57 36 12 51 55 55 83 45 81 12 18 34 4 73 17 67 69 50 65 16 37 84 51 78 26 17 5 25 81 69 68 37 4 31 87 11 38 22 55 18 33 24 4 88 48 72 54 17 21 18 84 58 1 87 35 79 55 92 3 36 12 22 24 68 53 11 78 42 32 32 59 16 7 14 3 54 85 56 
112
6 25 58 63 78 44 49 56 50 40 58 85 52 79 9 19 83 71 48 24 54 31 35 69 37 48 23 42 85 78 64 90 54 21 4 31 16 4 86 65 44 95 2 47 26 62 17 60 84 16 84 37 46 70 57 34 17 79 75 1 8 38 42 61 10 97 44 25 1 29 90 96 76 43 42 1 4 10 60 87 77 95 75 22 64 31 7 33 61 81 33 68 71 27 80 80 23 23 57 23 4 98 18 79 40 11 31 95 72 42 33 48 
97
7 21 52 89 27 84 49 60 69 68 30 95 99 61 17 22 69 92 77 66 61 7 57 72 89 51 95 30 83 43 18 41 15 70 81 94 53 29 53 73 48 34 67 47 46 36 20 15 27 48 32 87 54 89 10 94 91 57 23 26 99 93 66 65 14 47 58 66 27 10 39 27 95 57 73 41 92 44 7 70 91 38 9 96 78 70 89 69 26 63 94 76 55 11 41 68 9 
104
86 36 12 76 62 6 32 86 98 76 29 4 97 19 94 5 14 71 27 54 39 52 16 32 28 23 95 20 42 3 69 27 38 80 54 51 86 38 88 83 13 16 39 61 86 32 18 51 2 44 4 41 95 72 24 74 94 18 93 35 21 62 14 10 41 67 13 78 4 100 61 68 68 51 29 53 82 98 4 35 41 59 75 87 30 51 61 75 68 53 62 40 66 75 2 7 93 14 84 49 65 96 16 32 
104
96 85 79 93 40 14 33 98 40 72 80 90 32 6 10 36 67 49 2 93 50 8 38 15 43 86 80 91 1 11 88 49 47 67 41 86 32 26 36 71 97 15 13 80 72 22 15 39 22 16 83 24 23 20 38 18 5 69 8 58 80 95 6 26 13 98 64 96 23 99 19 71 65 31 50 36 4 65 26 25 80 61 48 55 32 38 24 37 6 31 94 37 77 51 15 90 48 78 85 23 28 55 93 92 
99
43 79 88 59 57 65 90 17 64 96 48 1 19 36 59 49 81 95 78 31 9 67 31 86 3 53 65 58 45 8 94 39 87 34 49 95 98 39 63 13 34 62 14 5 98 72 53 30 18 82 13 27 48 43 64 3 95 29 12 91 36 57 82 74 90 30 68 39 68 30 52 54 44 17 58 93 40 62 22 57 44 34 35 43 28 99 97 74 79 8 65 14 17 46 40 6 27 7 97 
88
89 100 100 32 68 57 24 59 18 97 67 13 83 2 56 10 52 52 84 30 12 100 95 28 97 34 85 23 93 33 69 33 32 20 16 51 76 91 9 46 87 76 58 69 29 65 31 80 69 66 61 80 17 7 59 13 41 43 87 85 28 8 17 59 27 84 62 55 74 70 52 60 45 9 81 25 26 63 4 94 28 16 73 44 23 83 8 63 
108
46 99 4 53 67 15 32 50 76 38 23 45 89 34 42 97 14 66 74 76 22 67 55 37 91 98 59 73 57 73 2 3 71 5 7 37 19 90 38 94 27 60 91 15 94 32 64 59 49 37 87 70 56 41 7 46 91 17 71 47 90 72 49 12 28 8 1 47 97 38 92 24 50 82 38 43 13 1 53 14 90 39 83 45 32 41 42 22 58 64 68 99 87 69 62 15 76 62 13 72 52 4 47 1 86 85 95 50 
99
47 63 78 86 98 22 17 38 16 90 47 31 57 97 18 25 59 84 52 20 96 24 71 51 70 23 36 6 17 38 95 64 52 72 1 1 46 69 91 13 10 37 43 66 34 12 43 92 95 46 63 42 69 86 93 91 60 80 48 77 69 42 92 21 66 44 73 11 64 63 75 73 52 17 90 85 29 32 28 75 78 42 69 98 79 13 40 39 92 40 15 61 33 58 33 98 1 5 60 
88
20 34 88 71 51 77 7 31 9 34 57 38 27 77 87 6 89 27 44 81 18 10 93 50 67 77 48 67 33 7 82 52 93 69 22 95 45 28 77 5 13 33 94 40 62 81 97 50 59 40 82 76 49 74 25 15 2 24 33 35 83 66 38 75 34 12 69 30 91 97 35 4 81 80 95 42 60 43 92 18 82 73 45 82 99 70 48 100 
104
32 86 27 97 24 53 30 87 73 11 77 69 97 32 50 77 26 91 36 68 82 6 1 7 50 34 5 71 81 56 16 12 42 94 60 17 47 41 3 71 52 79 40 48 11 89 76 88 31 64 8 65 21 60 71 70 94 27 93 26 82 60 90 75 53 49 91 51 90 45 22 93 24 61 92 86 1 68 25 83 83 32 47 3 92 69 24 37 47 16 14 81 75 3 55 80 4 98 30 45 42 3 37 17 
92
80 54 67 99 79 50 81 10 48 83 53 69 59 41 15 74 55 95 1 9 2 80 12 51 61 8 92 64 96 61 30 76 14 97 74 44 46 7 6 45 41 58 13 99 51 28 25 5 74 25 65 27 56 29 77 16 36 21 31 32 81 61 59 46 9 84 42 6 90 47 50 31 56 63 81 6 42 5 62 67 81 27 94 36 55 70 4 42 42 34 25 22 
93
83 20 54 67 13 11 56 59 61 38 14 75 71 72 68 75 85 34 56 11 27 43 17 49 46 11 90 80 35 64 77 18 35 83 84 47 93 91 57 5 81 22 79 51 93 46 77 78 80 84 40 58 27 9 58 72 19 100 3 53 63 80 22 49 14 57 47 58 100 3 63 80 24 41 82 69 87 58 98 18 42 89 27 68 97 85 39 67 84 42 72 98 73 
109
46 38 50 44 95 49 46 57 80 21 98 61 41 36 18 38 53 11 27 31 78 75 15 69 42 50 62 13 99 86 57 44 23 6 39 17 6 84 74 37 57 71 97 97 58 67 87 62 77 65 92 7 39 59 75 80 8 88 44 7 73 1 2 95 58 41 11 16 76 84 52 32 6 49 81 15 15 67 76 43 31 68 49 69 26 75 1 85 62 96 43 34 96 45 28 6 37 91 73 12 26 24 96 84 24 76 98 90 42 
89
33 72 93 33 92 70 8 44 6 69 40 49 55 87 45 82 44 33 24 16 96 50 40 91 85 15 18 82 5 59 7 89 82 51 21 26 72 80 69 78 49 60 78 55 47 74 88 90 6 12 58 1 13 49 44 97 63 61 78 19 72 37 59 5 87 80 30 11 11 51 88 11 10 17 65 8 90 53 50 47 64 7 47 76 7 42 24 69 3 
117
40 26 89 98 30 28 77 12 38 40 62 77 50 23 93 15 83 34 67 32 80 30 90 78 57 96 20 80 16 74 32 55 99 73 53 80 100 81 91 89 20 4 17 22 79 9 36 61 94 2 44 73 83 85 2 91 80 21 22 47 94 53 54 44 77 58 24 28 38 66 16 10 70 84 31 48 92 18 8 37 19 3 9 53 87 63 43 18 83 64 64 29 68 17 24 45 74 47 24 64 65 40 25 34 75 7 33 19 24 40 55 94 94 16 46 80 78 
108
97 60 3 60 40 70 29 64 66 54 62 90 69 26 81 45 11 55 51 43 73 26 34 28 19 27 43 16 6 72 55 2 83 57 14 23 27 94 38 44 99 51 33 68 77 13 64 87 68 15 82 40 92 15 19 63 42 13 78 99 84 33 53 67 41 66 89 19 11 78 63 9 28 95 28 56 8 92 43 27 58 76 18 49 90 37 63 83 49 41 34 33 25 86 51 65 3 91 84 65 68 46 73 95 92 53 51 99 
96
45 77 53 20 95 1 61 83 16 96 83 56 81 67 32 18 17 96 72 7 31 36 74 76 60 21 68 12 23 18 55 67 47 7 38 41 60 50 75 75 97 57 82 77 24 13 46 92 60 17 99 91 52 24 18 12 96 37 23 18 55 30 36 53 88 73 45 99 75 19 25 71 27 6 100 2 70 97 94 30 14 44 72 65 19 89 28 15 26 3 32 32 32 68 84 71 
98
28 70 18 98 94 41 24 52 40 26 73 36 19 54 1 62 25 66 80 14 45 46 91 47 30 22 78 97 57 1 40 36 70 58 33 15 98 56 18 89 81 91 76 51 44 77 64 21 94 96 86 38 41 76 37 70 49 14 18 57 66 10 92 35 19 24 2 68 31 19 56 64 61 83 14 57 11 30 77 56 25 62 94 17 89 30 39 89 95 8 45 61 69 88 47 87 11 100 
89
41 71 61 56 31 44 70 39 6 51 15 62 27 28 7 95 68 88 33 56 82 93 52 94 61 39 93 100 1 92 53 94 14 14 49 45 9 70 83 14 20 50 27 46 29 33 93 49 20 77 4 54 69 8 99 82 98 43 81 99 87 85 92 100 50 40 96 58 62 31 24 81 80 2 79 60 35 71 8 6 47 64 59 68 71 10 49 68 52 
119
18 38 65 9 38 15 1 33 24 62 15 99 94 94 1 72 6 35 94 13 40 93 28 51 60 50 60 60 70 63 40 87 1 4 48 90 70 48 74 94 61 89 92 54 34 92 78 39 78 71 4 70 15 83 20 74 33 31 33 2 93 72 88 45 28 35 34 97 34 60 42 94 48 34 48 33 77 77 24 7 99 27 76 14 61 47 87 93 77 72 94 21 95 34 66 22 68 51 71 54 10 64 47 9 49 46 42 26 22 65 32 73 43 59 86 3 5 72 48 
112
95 41 53 90 74 70 63 94 73 85 47 82 49 45 91 97 43 84 74 64 100 5 36 42 15 73 96 19 97 43 3 91 36 8 80 61 77 95 6 1 79 4 83 27 49 25 76 91 60 49 6 59 6 94 52 20 66 99 91 62 94 93 53 29 100 84 89 29 78 47 29 57 50 63 35 98 87 10 40 98 11 98 56 16 91 59 35 8 58 77 22 51 70 26 79 21 9 19 49 39 17 30 47 67 92 81 16 31 43 56 28 5 
85
36 20 95 94 6 2 3 83 23 53 4 48 83 24 9 54 25 47 70 6 93 36 49 25 4 79 19 11 59 23 15 46 94 9 91 52 62 94 34 37 46 89 36 81 12 44 34 88 42 3 93 86 91 42 63 94 72 33 4 82 8 18 79 1 78 70 52 91 63 37 27 60 25 63 40 89 58 73 28 52 28 21 89 70 14 
92
63 37 36 18 71 43 87 49 43 16 18 47 6 32 35 33 92 60 47 31 100 56 56 27 7 83 99 48 4 64 50 66 1 85 35 71 27 73 71 22 88 41 20 93 72 54 77 15 13 75 98 64 31 53 91 89 87 89 36 90 53 86 7 5 70 93 27 49 65 97 22 4 37 41 48 9 94 77 75 59 51 72 22 81 76 12 22 62 53 57 3 57 
110
61 61 16 53 87 64 69 35 85 72 72 77 20 32 70 96 58 80 98 30 2 79 5 65 52 19 69 8 21 25 54 82 37 69 86 75 32 55 10 68 26 33 96 97 16 17 44 73 97 42 54 50 72 59 66 23 77 35 82 49 11 35 82 48 3 68 22 86 22 83 5 47 67 100 44 34 17 39 7 65 80 12 66 51 70 31 73 98 17 55 47 28 89 28 75 44 95 48 29 16 83 34 15 49 85 10 83 1 48 41 
87
28 52 82 30 74 65 55 71 81 61 69 8 1 97 34 44 43 82 73 11 64 6 77 64 42 86 46 43 85 38 11 64 90 45 94 63 9 100 33 89 60 2 97 60 50 30 4 44 11 76 6 26 33 82 90 74 19 87 68 4 25 31 67 14 75 12 28 83 11 12 71 22 65 67 82 66 97 37 10 59 64 67 37 48 49 78 73 
87
64 93 22 40 23 41 5 97 4 32 31 67 44 1 88 60 20 21 26 16 57 87 26 20 53 14 19 1 91 92 20 7 84 93 46 6 33 51 54 37 34 84 55 29 84 42 89 3 15 14 70 71 100 48 43 4 61 61 5 4 4 76 10 87 68 55 92 53 57 97 41 91 80 95 71 16 88 59 70 2 24 92 25 75 39 19 79 
98
79 35 54 83 10 63 21 29 70 65 81 26 61 21 68 93 67 39 8 55 49 29 8 25 20 32 99 10 50 29 61 81 63 66 15 24 81 35 53 50 99 85 27 60 58 95 4 24 85 11 30 33 91 38 57 11 69 8 20 19 36 32 51 51 50 65 74 30 99 78 79 98 15 5 9 72 51 12 47 35 74 77 68 64 66 76 26 34 83 98 4 71 29 6 21 78 70 46 
109
69 76 37 18 90 94 78 13 44 41 11 79 14 39 98 29 4 25 55 90 60 52 45 30 32 51 2 62 20 99 20 40 26 9 9 15 2 86 79 97 26 90 27 91 28 76 72 32 1 78 73 60 29 17 41 12 67 42 25 39 92 45 30 18 5 39 84 58 24 63 54 50 4 81 92 31 8 63 14 8 40 86 67 20 55 7 84 73 100 8 63 44 52 93 61 56 31 96 13 54 10 19 55 13 51 99 96 58 61 
91
66 53 99 84 72 53 43 55 25 42 63 88 85 66 32 97 74 62 93 38 67 2 56 22 67 6 20 62 16 32 74 33 84 72 16 56 24 58 62 1 52 76 40 88 42 71 85 15 84 29 52 50 82 60 71 48 17 42 61 32 74 35 64 9 58 80 16 82 89 78 34 40 53 25 28 46 47 64 12 30 92 64 31 73 75 54 73 91 95 85 23 
92
71 38 29 29 69 96 62 10 73 95 49 78 71 28 23 17 91 35 98 34 50 80 59 24 33 31 14 80 67 88 99 38 78 79 66 98 75 27 7 99 73 56 76 43 35 51 11 26 85 60 59 86 39 17 9 24 99 74 3 66 14 53 3 43 84 20 40 58 46 47 8 70 54 36 12 88 86 74 13 22 85 24 7 75 40 67 98 91 92 100 56 57 
106
58 99 36 77 91 45 74 37 4 43 42 39 6 29 24 31 94 97 15 69 55 41 8 21 39 98 65 90 5 21 94 14 72 81 42 62 77 15 50 81 9 91 19 14 71 95 96 16 43 62 84 98 3 44 70 41 93 34 82 98 7 76 11 30 56 53 91 33 19 92 65 28 34 35 93 4 81 89 72 24 50 55 21 4 98 42 96 91 28 78 88 86 53 50 15 60 2 57 44 21 48 60 48 33 95 92 
85
75 80 59 98 82 14 70 85 63 64 81 5 91 10 44 76 14 94 42 73 95 98 69 67 97 28 66 29 22 58 16 49 89 27 98 22 40 20 7 54 83 39 59 25 100 2 100 13 47 93 37 42 90 5 60 38 85 26 18 6 83 85 6 23 11 4 45 2 23 3 56 5 93 66 29 92 19 80 4 66 72 92 7 13 97 
101
2 81 43 19 38 77 3 96 100 14 99 96 67 73 98 22 29 42 39 9 33 58 88 88 23 11 79 81 75 27 98 76 59 93 94 49 69 48 44 20 13 94 67 80 66 64 53 94 57 92 2 89 1 41 28 23 3 7 55 77 33 52 52 44 96 97 92 17 44 87 88 57 80 55 88 97 70 40 90 27 83 43 15 83 35 43 5 37 1 59 13 85 63 16 28 10 12 71 26 7 57 
95
15 88 68 2 84 37 94 25 63 76 19 30 59 53 72 63 89 24 74 53 8 88 68 88 97 31 58 23 90 15 36 4 2 55 58 38 91 51 62 6 26 81 35 84 85 58 99 74 81 72 78 40 11 98 27 7 28 85 81 17 51 68 73 4 22 30 41 65 80 55 22 5 87 8 41 71 65 39 96 97 62 74 88 72 71 15 30 50 51 63 19 53 30 91 8 
73
72 1 20 51 55 41 7 93 48 99 63 64 37 59 12 98 84 99 21 6 65 3 55 67 65 25 71 94 15 79 49 38 79 68 40 85 60 99 77 59 97 91 22 34 1 85 83 84 84 4 89 100 58 96 67 22 20 37 15 87 67 16 24 45 83 64 81 95 62 57 53 58 100 
107
43 100 11 26 84 46 81 72 46 38 19 64 11 39 52 77 25 19 92 100 63 27 15 96 21 28 52 25 38 51 51 80 3 62 57 86 59 89 9 4 78 28 19 88 66 71 65 42 89 56 41 3 82 8 98 54 35 2 79 72 4 29 52 6 42 60 43 1 49 52 56 26 31 75 14 48 97 78 89 85 85 81 39 67 88 89 72 23 90 50 46 45 31 97 3 72 57 45 24 57 48 32 82 78 58 47 25 
99
24 13 38 9 46 28 27 85 16 50 59 5 100 5 2 30 1 4 53 9 48 29 17 48 60 99 25 17 45 50 22 21 14 59 81 59 86 59 96 2 8 54 58 7 58 11 88 11 14 93 19 14 73 36 61 32 86 85 100 82 86 21 2 100 31 82 10 68 40 5 21 100 59 31 6 16 41 46 26 55 38 97 20 10 84 80 93 21 16 44 2 2 16 4 53 98 37 14 65 
86
19 38 28 29 68 85 96 60 30 74 66 19 70 85 80 5 16 24 25 84 67 78 37 34 33 89 31 70 2 48 50 72 85 29 100 4 13 96 63 95 21 29 65 90 13 97 46 81 20 22 64 39 99 100 72 32 40 55 53 93 2 54 65 38 82 16 41 46 63 3 92 83 83 57 24 48 53 69 28 24 90 43 62 41 42 86 
102
33 40 76 25 41 29 41 78 10 57 70 55 19 72 47 54 55 55 77 2 59 46 81 82 87 23 44 27 16 29 50 48 68 25 24 60 53 65 89 14 21 58 21 91 81 19 44 87 73 73 40 31 70 20 12 56 94 7 35 9 87 84 8 6 61 32 65 65 48 5 79 20 62 99 10 95 69 6 81 41 78 21 23 99 40 86 54 34 93 40 94 79 76 2 85 36 85 1 100 32 6 30 
111
19 80 12 13 48 69 94 88 98 14 62 96 5 48 2 90 40 41 84 70 16 37 54 3 73 55 55 56 12 84 58 30 64 69 43 63 90 88 3 87 1 64 83 57 11 84 47 2 76 82 72 44 18 77 46 42 83 100 97 94 36 54 76 51 74 18 13 63 5 15 2 57 31 36 13 41 71 11 43 46 92 66 89 61 42 87 2 25 38 50 18 73 3 45 75 29 62 40 43 18 6 44 26 36 79 91 29 49 1 71 47 
88
88 35 53 29 73 7 53 11 56 23 35 59 67 62 39 81 1 81 50 6 77 76 42 55 18 70 56 18 92 2 10 79 88 15 59 13 21 64 23 76 86 9 86 4 70 24 36 70 57 86 28 33 13 21 39 30 90 46 99 33 47 61 63 87 75 21 99 47 84 73 74 21 81 60 77 3 35 12 24 43 49 51 75 13 71 66 94 12 
96
93 96 10 53 58 96 79 31 46 77 66 70 50 39 2 9 15 4 96 78 28 38 79 30 65 91 1 30 37 12 92 81 8 1 85 17 48 63 99 45 39 65 14 88 3 16 49 69 71 96 46 50 33 76 80 49 67 80 78 55 43 70 35 2 22 19 71 70 33 69 14 71 33 80 10 87 47 10 55 17 5 53 19 90 28 98 38 46 29 68 100 23 89 86 77 10 
109
47 79 88 15 45 58 100 24 20 86 70 81 93 38 86 45 8 27 24 57 64 70 37 83 21 60 71 7 88 81 62 34 59 50 100 55 59 99 78 30 37 99 11 81 89 48 77 96 74 100 53 89 21 89 72 42 100 94 100 87 74 13 72 85 62 72 39 73 22 69 2 10 19 64 90 7 11 66 55 36 18 7 77 38 47 100 31 99 93 30 37 19 95 9 3 56 32 41 80 5 61 82 15 80 45 56 86 8 74 
92
95 91 98 23 80 97 74 11 47 67 92 83 85 86 43 39 42 26 31 73 31 92 54 97 71 51 4 8 10 77 100 56 19 49 79 99 97 52 9 43 70 100 26 6 86 20 44 79 46 75 51 28 18 57 76 40 59 79 47 20 8 98 75 26 47 5 24 95 57 84 38 78 36 15 84 73 34 79 3 31 5 5 58 22 61 33 61 71 12 60 90 71 
108
65 96 55 69 72 50 77 7 39 55 42 53 90 66 38 68 68 69 25 73 78 46 85 63 59 56 26 18 97 96 26 13 43 33 82 14 34 10 73 24 64 66 76 5 32 65 25 51 85 49 23 15 94 60 77 4 67 2 21 63 97 99 76 91 83 9 5 16 18 29 39 34 94 66 38 25 82 14 76 67 62 50 81 56 61 9 11 27 10 32 42 58 82 17 48 64 77 4 79 46 32 69 79 78 34 69 54 67 
117
29 33 96 31 65 3 91 73 13 18 34 96 59 43 77 27 91 40 55 46 70 100 30 90 31 7 75 51 60 42 84 41 26 79 71 91 81 13 15 94 82 49 89 92 43 66 18 85 57 24 31 79 24 12 68 54 18 43 56 29 36 39 21 61 18 43 51 98 56 18 91 37 18 32 29 60 49 98 45 57 22 27 35 97 38 55 2 7 49 57 87 84 95 8 44 12 50 47 62 5 64 4 94 33 35 22 92 35 71 88 92 92 14 26 40 3 32 
105
9 80 97 96 63 44 55 59 55 4 5 68 9 20 72 2 52 6 75 95 41 45 83 84 89 96 9 80 99 41 21 59 20 69 6 35 12 60 93 19 64 49 86 24 68 57 77 71 15 51 65 7 47 47 90 87 95 50 67 45 42 39 3 14 7 61 48 71 20 92 41 35 40 78 58 59 87 86 29 53 36 45 59 35 92 100 73 38 49 39 82 91 29 36 56 88 96 3 58 68 46 50 2 85 27 
107
95 13 97 23 65 85 67 75 71 10 74 43 47 75 34 28 17 62 16 72 49 11 26 58 78 71 7 32 7 86 43 1 98 39 75 15 23 93 41 93 3 15 88 1 41 21 81 57 82 96 80 83 6 5 40 36 27 99 67 33 84 9 85 33 99 59 99 74 51 40 66 5 54 53 6 46 25 38 54 7 33 33 41 90 89 80 77 15 30 43 99 65 3 83 98 2 93 96 75 43 87 92 48 40 97 5 37 
121
42 90 79 26 22 19 15 62 51 92 28 80 86 26 45 41 60 94 42 52 41 68 47 28 11 94 19 7 50 56 80 43 45 58 68 19 29 34 80 31 77 60 10 63 37 6 55 97 51 96 100 92 15 46 71 77 91 89 84 40 96 15 82 93 24 1 11 52 35 42 34 11 53 96 25 90 1 79 86 4 26 85 47 92 83 17 69 73 57 4 13 5 18 46 97 93 47 59 97 81 52 30 43 5 25 68 94 26 98 31 81 76 67 27 67 49 95 35 22 3 38 
92
7 7 31 3 100 29 13 96 61 65 25 4 69 50 23 62 27 72 44 59 47 10 37 14 59 31 100 80 85 90 17 92 96 47 46 47 28 59 42 88 23 19 91 43 20 65 56 98 37 99 56 35 8 92 48 18 74 48 97 58 37 65 1 84 64 99 31 91 57 24 78 31 94 21 25 13 37 80 10 73 78 65 60 37 8 7 55 81 6 3 39 94 
109
91 30 31 89 60 21 97 35 50 27 29 70 51 41 7 82 3 31 11 67 42 48 75 49 54 7 6 56 97 52 75 88 81 5 76 40 77 25 26 27 51 54 48 54 47 6 87 49 89 98 67 30 45 93 30 98 100 88 5 96 39 80 83 19 36 11 10 13 35 35 91 37 41 90 42 87 48 29 35 88 26 53 17 22 46 99 19 97 86 23 92 24 54 27 42 90 89 51 54 75 37 96 63 77 37 5 63 84 85 
110
71 10 2 40 31 99 38 1 95 23 75 38 46 29 64 39 70 4 41 23 78 77 70 41 54 6 97 68 90 81 17 12 42 70 51 24 20 40 24 66 62 50 3 59 78 19 97 99 22 37 21 52 66 90 44 19 96 40 86 37 20 54 100 61 75 51 36 94 90 59 59 4 8 14 62 38 32 11 36 5 47 9 56 12 50 99 82 45 38 20 33 9 25 33 21 100 35 56 45 76 66 56 79 26 69 41 63 100 51 50 
79
49 10 60 13 60 10 46 56 48 65 89 8 42 73 29 41 7 36 37 82 2 92 61 27 60 53 41 59 55 42 15 55 52 26 19 11 35 65 66 34 81 6 94 22 78 74 14 36 9 51 70 62 42 82 40 2 34 32 12 40 74 78 94 77 3 65 87 90 29 4 75 9 62 68 83 39 41 96 27 
107
46 96 63 40 77 3 93 62 34 4 1 59 34 46 35 88 10 73 77 90 29 4 51 90 71 33 80 64 80 6 65 78 1 79 17 29 81 61 90 67 16 42 25 49 40 12 37 1 84 65 91 64 68 93 53 91 77 33 54 56 90 70 85 91 48 53 71 81 13 13 99 29 6 75 77 97 86 65 98 22 30 40 85 97 32 90 87 8 22 92 15 11 61 52 53 61 4 76 93 17 88 43 97 45 17 25 42 
83
90 39 76 19 30 12 15 13 1 2 72 74 93 86 85 6 37 89 18 93 64 10 61 3 4 57 48 20 81 89 74 70 79 1 88 8 65 55 20 17 8 91 91 52 28 27 57 17 15 26 61 31 87 21 33 90 29 80 10 9 20 35 31 98 88 70 5 52 24 76 68 31 18 10 83 98 36 91 66 3 17 26 33 
107
46 65 93 74 97 54 34 16 88 64 14 75 86 70 78 9 98 98 92 15 7 74 64 43 16 29 97 32 54 29 87 51 45 31 24 41 84 10 57 23 73 22 50 58 91 27 19 88 76 10 55 83 35 18 77 50 99 73 34 52 53 20 55 97 50 78 38 85 39 46 7 12 67 8 21 57 87 91 97 62 100 3 44 86 72 72 36 70 96 69 74 48 40 28 97 89 57 86 73 96 31 31 59 97 39 31 5 
121
22 53 86 73 55 82 59 79 5 46 48 53 14 73 100 53 100 48 93 9 33 17 4 63 99 14 11 37 44 68 13 65 20 51 90 27 84 48 5 88 93 4 40 58 77 92 62 28 39 54 36 24 22 91 86 20 56 49 57 100 16 21 16 87 71 5 13 54 52 69 94 96 73 85 53 1 28 66 28 19 19 16 42 40 58 79 12 14 27 20 13 94 40 80 81 63 85 45 68 88 14 61 36 38 46 88 38 25 6 17 43 24 84 84 16 42 63 79 7 41 98 
109
35 37 50 67 51 34 11 19 74 24 79 9 13 76 48 50 1 53 67 43 29 2 79 96 43 93 74 49 33 71 19 19 59 69 85 10 54 96 28 27 71 58 87 84 86 35 85 86 39 3 80 67 5 10 62 47 2 35 48 35 5 66 5 16 86 90 25 92 37 4 18 59 61 57 42 46 91 79 83 29 81 15 48 85 24 9 84 26 96 31 12 100 48 16 15 86 5 91 77 93 94 46 52 7 2 45 52 44 23 
112
25 4 1 72 40 24 32 23 49 27 5 12 79 5 28 45 90 84 36 18 77 81 63 28 87 17 72 91 60 47 77 84 50 77 7 89 100 39 12 1 65 68 64 43 72 91 88 13 27 75 30 3 55 45 82 94 13 5 84 72 51 60 8 52 36 66 41 87 4 4 39 21 23 3 63 95 93 2 7 71 28 89 25 35 85 6 28 97 63 11 20 65 70 27 17 57 93 9 43 48 64 82 68 86 36 83 32 80 36 91 51 64 
120
75 50 15 33 77 11 47 39 30 11 8 9 79 16 1 39 10 100 2 43 68 88 78 50 71 58 37 61 8 52 39 34 1 53 66 77 15 12 15 45 75 74 53 53 41 5 44 51 4 45 93 23 84 71 24 55 80 61 15 39 12 6 72 13 10 90 41 25 1 8 21 27 81 25 32 22 29 75 72 84 71 16 59 55 86 82 61 65 94 27 55 6 32 27 70 42 16 10 18 68 17 38 47 50 62 78 23 42 4 46 77 74 61 35 80 99 69 40 15 62 
112
70 19 50 96 88 43 63 50 12 82 18 49 28 19 62 57 41 55 60 86 32 34 47 18 13 45 38 5 59 52 23 28 70 24 75 10 67 89 11 30 71 28 79 50 47 92 7 39 47 66 25 30 51 23 99 64 19 37 20 29 88 42 9 9 65 83 18 83 24 28 13 46 8 43 95 6 86 53 44 84 71 20 13 21 42 64 36 60 100 55 41 39 48 49 47 65 83 17 99 6 96 11 51 3 5 98 60 43 50 4 26 72 
111
91 93 17 54 80 28 5 87 68 43 34 68 41 98 51 9 49 56 5 11 59 59 16 8 19 58 9 74 35 81 48 25 25 16 78 4 44 82 90 63 76 24 31 17 73 33 25 21 40 81 32 98 40 99 57 10 8 66 83 42 46 30 67 70 98 44 73 41 78 15 55 53 38 37 21 62 69 98 35 9 78 18 58 17 16 15 78 75 32 60 16 77 42 34 98 39 30 22 31 7 36 37 59 25 74 32 39 42 29 73 50 
111
90 60 75 57 74 52 83 5 64 98 33 57 84 82 47 13 55 77 19 91 13 29 67 38 12 5 80 40 29 81 98 70 40 24 78 65 75 60 21 90 10 5 46 93 86 44 5 41 20 75 83 85 55 1 22 67 6 53 6 86 34 3 56 25 26 33 42 53 93 14 94 2 19 92 46 56 35 50 48 7 76 82 91 30 83 64 96 40 17 54 25 2 8 32 78 86 65 19 90 9 33 35 10 3 26 55 58 13 56 58 19 
90
39 61 12 21 24 60 60 92 65 37 45 72 68 23 9 32 41 98 92 25 33 53 27 10 59 37 22 14 94 40 96 32 52 60 5 28 19 64 71 83 52 16 6 20 38 15 3 30 64 95 55 48 47 33 58 6 69 79 19 14 71 67 98 74 26 2 1 96 17 72 30 69 87 35 88 76 1 90 57 65 84 11 12 83 96 21 88 16 100 58 
97
22 24 79 95 1 80 48 48 96 19 77 64 57 64 3 84 64 45 40 80 28 3 92 10 98 12 49 65 63 7 46 36 82 24 83 35 3 30 82 51 100 11 66 56 74 69 91 89 13 30 69 92 84 12 54 33 75 2 98 90 8 43 25 42 67 7 76 21 36 9 71 35 19 37 42 92 57 84 81 69 14 1 12 49 12 65 82 86 67 79 75 26 73 52 19 91 58 
101
12 46 3 34 32 21 22 26 65 78 9 97 98 74 97 10 23 8 74 56 45 92 34 72 70 6 23 88 49 32 82 60 29 36 45 13 8 67 38 72 96 98 68 94 24 64 55 98 23 28 53 20 72 86 91 41 43 65 80 91 48 61 2 77 48 99 41 56 17 30 27 64 27 47 57 2 62 63 99 85 43 3 4 14 40 46 6 83 10 85 25 9 98 79 85 45 29 25 52 45 54 
108
60 33 77 69 34 38 31 85 74 73 87 29 38 27 74 43 61 35 80 37 44 77 67 80 73 95 5 25 91 10 55 51 94 31 71 80 20 1 16 94 74 2 22 63 80 48 6 92 82 85 81 77 13 47 57 85 94 13 61 36 22 67 38 68 49 8 47 69 61 62 14 86 15 87 48 47 34 53 90 68 89 70 44 1 69 100 38 14 12 50 1 86 17 39 53 65 98 51 85 58 64 98 95 78 85 43 76 70 
102
66 37 36 87 33 88 55 32 77 68 44 27 69 81 95 59 33 59 8 35 44 18 98 93 12 27 77 54 3 99 1 20 87 36 6 19 75 13 51 52 80 46 30 100 26 24 10 10 82 18 96 77 87 93 70 50 71 98 4 73 96 56 44 83 43 2 1 17 14 3 68 45 48 97 45 25 20 6 86 54 75 81 30 61 73 51 11 44 49 66 68 96 21 64 30 63 65 83 31 78 85 51 
100
85 99 18 9 19 76 95 24 50 27 53 63 52 56 25 47 4 90 14 51 62 29 81 76 93 63 6 22 47 8 96 31 7 65 92 25 92 38 100 42 64 4 56 15 59 80 61 62 21 27 65 82 7 45 9 52 7 66 25 5 74 72 88 80 37 79 56 80 16 55 73 31 58 28 98 17 7 58 30 27 36 94 60 43 90 68 46 96 34 70 53 7 42 40 38 30 18 93 9 85 
108
82 15 4 9 12 72 68 22 2 46 9 47 58 3 37 25 48 84 10 18 36 68 59 75 5 40 92 97 48 76 95 81 43 99 42 54 22 9 27 75 6 36 22 63 38 58 40 38 93 1 7 29 69 65 3 25 56 47 74 3 74 68 36 16 18 77 22 40 37 48 14 42 35 87 5 25 96 96 62 89 96 68 17 64 84 71 41 39 17 14 93 91 33 28 58 3 4 79 94 40 27 7 34 61 46 90 85 41 
94
98 81 80 65 49 96 48 20 36 38 88 1 31 30 85 10 88 87 14 66 80 5 92 39 90 5 36 79 41 76 63 39 57 95 3 5 90 3 76 77 40 64 29 22 93 13 32 80 52 97 98 83 53 89 73 43 45 8 21 86 84 36 24 92 30 78 48 71 32 76 47 24 91 75 45 83 87 28 15 90 24 12 73 29 52 45 71 49 53 43 34 88 30 9 
88
59 38 30 29 70 5 27 93 95 1 89 30 40 17 96 29 92 59 1 20 62 98 42 10 2 37 95 89 66 3 71 77 93 100 57 62 57 84 6 3 84 94 84 23 62 31 4 54 89 56 25 51 53 19 12 54 55 7 94 72 61 64 48 53 16 5 66 24 88 71 78 23 17 62 98 78 44 1 83 33 56 60 35 61 78 46 14 84 
111
8 55 65 23 3 17 90 59 35 13 46 5 91 20 73 4 17 3 47 17 37 31 25 96 17 85 25 63 98 8 66 57 63 82 32 65 51 21 23 85 86 20 41 28 39 14 31 56 68 29 24 4 12 48 100 28 84 24 90 82 32 8 90 94 89 21 10 39 94 84 75 79 55 16 6 93 29 88 100 96 16 76 51 27 75 50 55 59 26 96 92 9 55 81 2 96 54 63 86 47 98 61 25 52 76 82 96 56 69 48 3 
89
23 53 15 49 55 21 59 80 16 50 88 23 83 41 70 36 55 55 34 52 15 58 55 42 91 50 49 59 97 51 94 71 56 8 72 10 80 30 89 48 80 28 70 62 20 39 49 74 45 82 25 12 91 79 53 81 80 54 91 29 4 84 99 11 44 22 20 75 52 60 22 83 39 91 96 58 81 44 31 26 25 7 89 67 85 93 47 65 46 
100
45 2 72 43 12 67 17 32 42 68 43 63 50 82 6 45 39 38 40 70 15 16 76 3 82 13 96 28 29 41 16 73 42 39 67 6 6 83 37 99 2 31 13 3 12 70 99 3 8 38 72 22 53 99 77 34 63 72 13 91 64 28 15 58 67 82 63 24 16 51 74 18 81 86 20 45 56 19 47 15 8 70 36 61 68 64 94 31 35 59 73 51 86 88 8 4 21 70 79 36 
112
52 5 52 38 25 96 45 95 94 59 2 63 94 14 83 58 60 13 44 18 37 94 55 24 53 59 96 22 37 84 93 41 88 97 78 64 44 22 10 38 80 12 100 25 77 82 34 36 46 30 53 83 23 8 58 28 18 6 1 6 89 94 46 76 42 23 40 85 96 49 74 27 12 74 4 89 7 37 24 5 18 29 39 41 36 48 20 5 53 20 10 41 65 56 69 6 30 8 43 78 8 16 4 72 41 59 12 100 96 87 4 13 
93
42 5 2 41 76 6 94 96 16 86 60 23 54 66 52 13 60 29 73 75 85 44 68 43 55 19 90 93 22 55 8 15 11 61 55 87 67 100 82 34 86 93 56 39 10 59 52 69 40 24 96 24 19 63 18 25 81 60 17 54 66 24 20 76 85 74 14 3 74 47 36 11 40 91 49 49 1 100 70 40 75 65 15 93 79 33 17 11 44 34 64 9 9 
104
36 45 60 2 47 85 100 34 95 91 76 44 40 77 95 61 16 70 25 31 14 3 15 83 65 58 68 28 18 76 14 5 73 73 6 71 58 6 5 52 96 32 95 87 8 42 47 76 63 23 6 76 77 72 58 41 81 25 20 98 53 33 2 25 6 60 47 63 65 3 66 12 35 13 99 42 54 97 17 16 20 74 43 96 45 1 37 25 77 8 74 81 41 28 57 46 87 4 60 51 6 77 14 40 
109
12 34 94 61 2 9 80 28 4 27 24 56 15 49 32 23 74 13 63 1 21 60 39 24 71 89 82 47 55 73 36 66 6 29 26 60 90 57 87 93 84 10 48 98 10 31 72 36 95 34 36 16 45 27 91 15 15 72 62 69 45 49 87 2 29 64 13 70 21 99 62 56 61 61 5 22 44 77 57 90 62 45 57 7 71 48 21 37 19 34 58 15 82 96 17 63 59 81 32 31 80 46 38 92 58 43 13 1 71 
114
43 32 18 99 38 88 46 59 76 17 92 33 31 26 80 99 88 39 32 19 21 11 64 59 54 22 53 18 74 23 39 16 54 8 15 92 95 12 50 23 28 93 55 11 18 87 61 57 25 92 76 97 54 91 7 59 12 59 77 38 81 67 53 87 75 19 78 21 31 79 43 10 23 50 72 41 36 85 49 12 76 24 8 82 67 67 40 78 25 68 67 58 87 20 44 13 90 21 33 20 51 28 82 73 77 53 65 64 37 14 75 65 89 34 
98
55 100 89 85 77 57 51 34 95 22 77 7 12 49 39 31 99 66 64 23 94 17 88 57 5 1 83 69 89 69 66 96 20 7 80 96 63 30 29 57 52 57 15 63 5 53 45 55 71 9 78 16 77 17 73 81 17 7 2 57 75 19 4 95 25 83 90 39 65 71 47 68 79 61 82 36 66 26 90 36 86 19 3 14 35 27 95 3 34 48 12 60 66 15 6 43 98 48 
85
14 18 80 81 48 40 62 83 5 39 25 92 25 43 47 38 30 73 84 32 6 31 95 18 49 10 23 91 7 70 23 20 39 2 100 87 94 13 69 50 51 45 94 27 40 40 65 69 12 100 52 70 83 47 87 31 56 61 73 14 31 47 85 69 1 36 7 94 48 28 95 98 72 88 77 11 79 93 31 91 92 83 12 74 81 
72
56 36 10 80 1 40 27 85 61 27 20 19 72 19 46 18 68 18 6 44 80 84 36 11 26 80 93 37 5 25 86 61 60 96 40 12 87 18 96 99 96 67 18 67 85 15 85 4 84 42 48 64 77 35 74 3 14 18 91 19 42 29 31 53 76 22 16 62 92 11 13 87 
85
82 6 65 96 42 68 80 83 15 95 11 2 68 13 15 37 56 85 30 84 67 34 59 41 49 72 32 11 84 18 39 17 23 3 13 64 22 44 98 89 38 9 90 57 73 56 93 28 93 74 63 59 7 73 99 55 97 82 65 32 100 55 49 74 9 61 90 30 4 87 18 41 95 7 97 20 15 41 99 7 14 62 65 72 86 
91
78 82 97 42 14 48 48 62 22 56 74 11 85 77 97 3 69 44 61 17 15 75 9 13 81 74 26 98 45 12 65 22 93 61 15 58 61 62 19 82 69 92 44 53 20 92 7 40 87 20 8 1 94 16 14 27 41 91 76 85 2 40 58 47 52 24 4 12 37 75 45 5 18 88 10 38 80 68 29 66 87 37 67 33 4 32 59 45 22 86 81 
105
25 91 22 76 14 77 40 3 51 84 59 69 72 68 58 51 36 38 68 74 26 86 6 30 69 16 74 91 1 6 18 25 96 91 53 62 67 92 16 70 75 74 90 98 94 99 100 29 36 68 2 62 5 8 91 74 23 16 16 76 73 33 100 21 23 52 34 41 95 49 62 22 22 51 19 15 49 19 95 37 38 49 98 42 8 40 15 82 7 30 57 31 14 57 51 36 60 84 29 55 32 90 76 6 93 
104
20 41 64 67 29 1 15 26 43 22 17 9 3 75 39 60 6 52 16 56 40 27 92 20 81 23 9 8 80 53 54 100 94 17 66 74 70 32 52 64 53 68 72 55 95 62 14 100 66 81 7 5 8 98 76 40 73 84 100 52 37 53 3 82 21 20 7 42 51 58 5 3 78 29 10 72 42 23 71 7 56 29 63 63 79 38 54 51 74 53 54 62 57 9 43 78 28 1 19 31 59 76 85 36 
93
94 7 97 17 29 4 24 57 66 38 87 4 91 89 77 96 43 38 52 3 32 29 82 32 100 12 42 75 97 77 30 90 35 26 58 63 81 81 72 99 18 58 2 61 99 30 56 93 19 7 95 2 36 76 85 87 40 79 13 36 55 42 77 90 19 87 4 52 67 27 50 37 37 3 97 35 84 52 27 54 10 73 55 97 48 91 83 87 69 95 74 76 88 
103
17 59 89 72 10 7 99 59 43 87 61 91 21 96 94 99 49 4 71 3 100 70 45 83 9 66 29 34 41 17 36 57 75 24 80 84 31 78 94 25 64 6 16 36 1 61 34 49 64 56 3 64 26 99 98 34 64 26 67 4 94 55 12 68 78 92 3 60 21 48 37 37 53 4 72 53 64 6 53 80 13 55 43 38 54 92 23 69 69 42 73 63 96 36 82 25 79 85 37 52 84 25 88 
94
28 59 41 43 16 94 22 29 100 16 18 5 7 41 74 28 34 98 90 81 85 23 5 64 59 93 15 43 17 2 79 44 12 71 39 28 64 60 8 16 76 25 20 34 17 93 61 2 42 2 82 27 25 87 90 83 31 56 77 48 9 7 43 72 78 81 99 41 41 58 8 68 83 28 1 51 72 62 53 14 63 34 40 39 72 81 74 3 88 50 2 48 57 44 
87
34 77 70 26 17 27 34 36 9 13 36 12 84 97 64 49 60 97 88 98 69 20 71 23 7 73 24 54 29 19 25 14 95 94 91 63 20 76 98 29 88 34 92 24 30 55 72 41 3 12 91 23 31 13 45 90 37 20 95 17 39 19 30 85 12 73 48 32 100 97 12 40 30 3 63 12 9 86 4 11 97 46 34 80 11 78 21 
92
50 15 64 88 34 45 72 97 17 71 80 69 68 43 8 49 97 70 12 5 7 68 16 56 13 1 35 23 78 55 22 27 21 85 66 6 81 90 3 50 60 34 18 79 77 25 28 73 46 39 30 52 58 45 7 71 45 93 45 74 99 66 53 20 2 70 25 83 59 27 32 19 61 1 97 89 25 76 61 70 67 90 21 24 86 80 46 82 72 91 8 71 
85
60 90 62 81 66 96 40 93 79 10 5 79 58 93 3 34 5 24 52 95 96 75 32 75 73 14 99 15 73 21 74 84 62 35 64 27 82 3 19 60 64 75 38 22 19 92 7 24 15 58 70 11 84 1 37 56 66 35 22 38 55 96 21 16 82 85 43 64 39 13 23 3 40 13 76 58 4 34 81 19 91 50 81 26 3 
105
34 68 4 55 58 10 2 78 26 84 14 20 47 5 84 69 59 23 81 34 81 37 67 13 55 9 63 87 86 65 55 19 84 58 26 41 68 27 71 45 10 36 16 56 40 99 77 98 74 9 83 6 45 1 18 51 9 32 37 95 48 92 65 84 1 90 24 68 17 46 64 78 82 79 34 21 30 62 71 3 70 53 60 15 54 29 65 14 61 2 60 60 45 77 43 45 66 67 13 34 64 76 12 45 7 
82
18 36 58 88 90 27 40 1 93 45 29 58 11 89 11 22 49 55 98 43 99 16 61 63 49 25 91 12 69 97 60 38 84 17 25 25 96 17 25 88 13 5 97 23 94 7 45 94 61 94 36 60 9 97 22 10 73 64 73 93 60 33 31 95 1 55 19 48 71 95 88 84 100 84 58 45 91 54 90 3 48 77 
97
8 25 88 17 97 51 42 90 11 74 20 57 74 26 28 74 49 22 61 84 73 96 41 17 86 47 58 41 94 35 54 53 59 41 70 8 92 63 97 54 36 68 10 61 93 89 34 93 11 46 76 83 42 17 52 79 63 9 19 8 43 73 60 54 65 81 61 8 43 9 61 30 28 23 91 20 11 76 65 73 22 40 56 63 8 59 41 70 67 12 29 62 84 41 67 100 73 
85
8 16 87 20 97 14 42 87 85 5 15 49 77 36 41 84 50 48 94 42 18 13 5 98 74 88 38 92 40 11 70 47 78 56 66 74 21 60 13 57 64 27 58 92 14 98 28 15 45 21 8 14 33 13 12 58 52 1 49 91 63 18 89 40 25 55 66 97 14 78 54 29 56 11 20 21 8 47 35 52 20 94 66 52 6 
119
10 58 29 58 100 92 28 89 83 4 43 48 1 8 77 54 36 84 16 7 4 75 6 90 26 25 84 43 28 89 71 37 46 52 47 46 95 74 34 77 77 28 77 29 35 5 82 22 89 49 80 92 23 37 82 1 61 65 43 89 5 66 77 3 69 23 100 63 48 85 91 77 12 19 5 98 24 39 71 12 87 50 3 62 39 36 62 99 52 56 39 57 21 68 59 41 42 10 3 90 94 46 66 5 64 22 54 87 60 76 98 99 25 53 60 15 40 73 14 
101
28 4 100 1 23 10 41 65 19 96 6 12 41 71 68 56 44 73 43 56 48 92 54 24 96 65 39 36 37 4 79 64 59 78 64 82 39 57 46 57 52 51 20 92 73 39 99 68 11 41 23 58 85 28 33 80 92 71 67 80 26 97 96 85 74 11 66 12 67 63 20 18 65 91 61 89 29 60 56 39 52 31 48 36 58 81 68 2 3 86 81 29 83 28 13 8 39 30 72 5 44 
108
75 8 82 87 48 10 46 55 1 50 85 100 37 95 32 56 96 35 42 28 15 76 56 79 83 94 60 54 50 3 97 76 62 30 63 9 91 60 15 43 9 100 43 46 94 74 53 41 60 94 68 26 69 75 4 4 20 63 57 70 17 5 45 78 34 59 38 25 19 53 67 27 4 61 24 97 35 77 89 46 22 8 72 43 83 27 46 2 90 54 23 58 59 68 36 44 78 73 20 96 77 39 75 80 99 98 28 85 
96
16 31 100 24 54 42 58 80 87 59 21 92 82 79 50 1 66 94 78 90 13 74 67 3 100 46 2 49 74 86 75 41 68 74 64 21 67 21 53 53 32 25 44 13 55 46 65 20 91 42 10 55 67 76 58 66 21 59 15 46 96 41 87 64 66 2 36 32 23 40 36 6 17 31 18 71 76 82 91 18 75 52 73 42 27 30 7 99 40 73 45 35 13 31 50 30 
100
38 61 6 29 48 11 45 79 80 16 6 13 58 24 88 9 96 29 35 77 87 85 16 12 29 2 76 11 4 6 95 93 18 52 21 66 15 66 44 94 33 49 59 90 72 46 98 19 26 84 95 12 68 62 75 49 64 51 11 19 56 57 11 25 9 83 90 23 48 33 68 32 34 26 21 5 23 70 24 48 5 70 12 73 32 86 73 47 36 83 65 43 40 27 68 100 9 57 74 9 
95
41 40 75 19 13 79 41 34 54 41 39 24 52 11 7 37 35 53 25 17 69 67 8 95 86 7 3 43 80 11 84 73 3 10 43 15 40 35 48 46 75 86 69 78 48 27 15 82 79 39 51 47 57 58 93 43 17 95 85 48 6 20 72 8 81 14 74 20 1 21 65 27 59 85 5 6 11 19 40 41 9 90 39 65 99 31 7 15 26 91 63 83 62 34 42 
97
100 67 62 100 87 78 26 97 63 30 55 25 100 94 66 8 35 4 73 33 87 79 100 12 22 14 46 83 99 39 77 98 5 90 49 43 67 27 40 81 8 94 6 8 87 71 15 73 26 39 5 12 18 4 75 39 69 72 73 68 10 1 65 66 42 66 9 9 92 100 41 99 93 46 6 31 68 73 3 46 11 59 9 80 15 84 70 83 7 95 50 69 95 15 34 89 32 
95
49 23 93 89 73 85 35 79 67 54 3 69 99 65 80 8 97 94 43 66 76 1 60 26 69 7 92 3 95 23 48 43 97 41 83 69 25 69 99 44 23 1 64 73 18 43 32 14 36 74 79 12 27 91 89 95 49 80 49 95 54 97 89 50 37 71 18 13 40 17 56 62 69 20 86 86 62 18 99 50 43 30 13 69 20 1 64 20 32 64 14 85 60 2 34 
80
72 3 13 11 19 68 24 88 39 10 25 53 79 24 2 21 5 14 90 76 66 5 95 97 68 8 81 80 61 66 79 84 68 91 95 39 59 70 26 49 31 50 1 9 25 54 30 29 19 71 4 84 75 50 80 94 57 12 73 69 29 52 53 49 94 99 87 52 68 64 53 51 13 5 59 90 59 88 70 77 
86
74 61 84 23 92 78 32 56 2 52 84 5 4 32 99 2 70 2 22 33 54 72 98 59 82 87 69 22 56 45 31 81 57 15 56 1 44 87 8 97 38 91 2 94 75 52 47 96 53 68 29 59 91 26 69 73 64 37 94 19 33 76 52 42 90 7 94 85 45 1 82 34 43 83 27 17 34 26 13 38 93 93 96 36 18 16 
